NEIGHBORHOOD_UP,NEIGHBORHOOD_DOWN,NEIGHBORHOOD_RIGHT,NEIGHBORHOOD_LEFT,NEIGHBORHOOD_DIST_UP,NEIGHBORHOOD_DIST_DOWN,NEIGHBORHOOD_DIST_RIGHT,NEIGHBORHOOD_DIST_LEFT,COMMAND_CENTER_X,COMMAND_CENTER_Y,AGENT_1_X,AGENT_1_Y,AGENT_2_X,AGENT_2_Y,CAN_FIRE,HEALTH,LIFE_X,LIFE_Y,EXIT_X,EXIT_Y,time,action
0,1,2,1,0,0.3075551,0.3085001,8.307555,15,3,27,27,3,27,1,2,11,17,15,25,0.1568998,0
0,1,2,1,0,0.3075551,0.3085001,8.307555,15,3,27,27,3,27,1,2,11,17,15,25,0.2243744,0
0,1,2,1,0,0.3075551,0.3085001,8.307555,15,3,27,27,3,27,1,2,11,17,15,25,0.3029277,0
0,1,2,1,0,0.3075551,0.3085001,8.307555,15,3,27,27,3,27,1,2,11,17,15,25,0.4098049,0
0,1,2,1,0,0.3075551,0.3085001,8.307555,15,3,27,27,3,27,1,2,11,17,15,25,0.5031519,0
0,1,2,1,0,0.3075551,0.3085001,8.307555,15,3,27,27,3,27,1,2,11,17,15,25,0.6072459,0
0,1,2,1,0,0.3075551,0.3085001,8.307555,15,3,27,27,3,27,1,2,11,17,15,25,0.700086,0
0,1,2,1,0,0.5075549,0.3085001,8.307555,15,3,27,27,3,27,1,2,11,17,15,25,0.8054892,1
0,1,2,2,0,1.007554,0.3085001,0.3085001,15,3,27,27,3,27,1,2,11,17,15,25,0.9080604,1
0,1,2,2,0,1.507554,0.3085001,0.3085001,15,3,27,27,3,27,1,2,11,17,15,25,1.001979,1
0,1,2,2,0,2.007554,0.3085001,0.3085001,15,3,27,27,3,27,1,2,11,17,15,25,1.10565,1
0,1,2,2,0,2.507553,0.3085001,0.3085001,15,3,27,27,3,27,1,2,11,17,15,25,1.207224,1
0,1,2,2,0,3.007552,0.3085001,0.3085001,15,3,27,27,3,27,1,2,11,17,15,25,1.302574,1
0,1,2,2,0,3.507552,0.3085001,0.3085001,15,3,27,27,3,27,1,2,11,17,15,25,1.403848,1
0,1,2,2,0,3.707552,0.3085001,0.3085001,15,3,27,27,3,27,1,2,11,17,15,25,1.503567,0
0,1,2,2,0,3.707552,0.3085001,0.3085001,15,3,27,27,3,27,1,2,11,17,15,25,1.601375,0
0,1,2,2,0,3.707552,0.3085001,0.3085001,15,3,27,27,3,27,1,2,11,17,15,25,1.710047,0
0,1,2,2,0,3.707552,0.008498904,0.6085013,15,3,27,27,3,27,1,2,11,17,15,25,1.804422,3
0,1,2,2,0,3.707552,0.008498904,0.6085013,15,3,27,27,3,27,1,2,11,17,15,25,1.902364,3
0,1,2,2,0,3.707552,0.008498904,0.6085013,15,3,27,27,3,27,1,2,11,17,15,25,2.000178,3
0,1,2,2,0,3.707552,0.008498904,0.6085013,15,3,26.5,27,3,26.5,1,2,11,17,15,25,2.101016,3
0,1,2,2,0,3.707552,0.008498904,0.6085013,15,3,26,27,3,26,1,2,11,17,15,25,2.200987,1
0,1,2,2,0,4.207551,8.008499,0.6085013,15,3,25.49999,27,3,25.49999,1,2,11,17,15,25,2.300234,1
2,2,2,2,0.1085041,0.5084961,7.908499,0.7085016,15,3,24.99999,27,3,24.99999,1,2,11,17,15,25,2.400858,3
2,2,2,2,0.1085041,0.5084961,7.408497,1.208504,15,3,24.49999,27,3,24.49999,1,2,11,17,15,25,2.502874,3
2,2,2,2,0.108504,0.5084961,6.908494,1.708505,15,3,23.99999,27,3,23.99999,1,2,11,17,15,25,2.603278,3
2,2,2,2,0.1085041,0.5084961,6.408493,2.208507,15,3,23.49999,27,3,23.49999,1,2,11,17,15,25,2.701351,3
2,2,2,2,0.1085041,0.5084961,5.908491,2.708509,15,3,22.99998,27,3,22.99998,1,2,11,17,15,25,2.800792,3
2,2,2,2,0.1085041,0.5084961,5.408489,3.208511,15,3,22.49998,27,3,22.49998,1,2,11,17,15,25,2.90362,3
2,2,2,2,0.1085041,0.5084961,4.908487,3.708512,15,3,21.99998,27,3,21.99998,1,2,11,17,15,25,3.003935,3
2,2,2,2,4.108503,0.5084961,4.408484,4.208514,15,3,21.49998,27,3,21.49998,1,2,11,17,15,25,3.1021,3
2,2,2,2,0.1085041,0.5084961,3.908483,4.708517,15,3,20.99998,27,3,20.99998,1,2,11,17,15,25,3.202824,3
2,2,2,2,0.1085041,0.5084961,3.408481,5.208519,15,3,20.49998,27,3,20.49998,1,2,11,17,15,25,3.30027,3
2,2,2,2,0.108504,0.5084961,2.908479,5.70852,15,3,19.99997,27,3,19.99997,1,2,11,17,15,25,3.403403,3
2,2,2,2,0.1085041,0.5084961,2.408477,6.208522,15,3,19.49997,27,3,19.49997,1,2,11,17,15,25,3.502079,3
2,2,2,2,0.108504,0.5084961,1.908476,6.708524,15,3,18.99997,27,3,18.99997,1,2,11,17,15,25,3.600377,3
2,2,2,2,0.1085041,0.5084961,1.408474,7.208526,15,3,18.49997,27,3,18.49997,1,2,11,17,15,25,3.70034,3
2,2,2,2,0.1085041,0.5084961,1.108473,7.508528,15,3,17.99997,27,3,17.99997,1,2,11,17,15,25,3.800529,0
2,2,2,2,0.1085041,0.5084961,1.108473,7.508528,15,3,17.49996,27,3,17.49996,1,2,11,17,15,25,3.900299,1
2,2,2,2,0.00850415,0.608496,1.108473,7.508528,15,3,16.99996,27,3,16.99996,1,2,11,17,15,25,4.004527,1
2,2,2,2,0.00850415,0.608496,1.108473,7.508528,15,3,16.99996,27,3,16.99996,1,2,11,17,15,25,4.103163,1
2,2,2,2,0.00850415,0.608496,1.108473,7.508528,15,3,16.99996,27,3,16.99996,1,2,11,17,15,25,4.20103,1
2,2,2,2,0.00850415,0.608496,1.108473,7.508528,15,3,16.99996,27,3,16.99996,1,2,11,17,15,25,4.303203,0
2,2,2,2,0.00850415,0.608496,0.8084715,7.808529,15,3,16.99996,27,3,16.99996,1,2,11,17,15,25,4.402478,3
0,1,2,2,0,4.60755,0.5084704,8.10853,15,3,16.99996,27,3,16.99996,1,2,11,17,15,25,4.500775,0
1,1,1,2,19.50756,5.10755,0.5075253,0.1085298,15,3,16.99996,27,3,16.99996,1,2,11,17,15,25,4.602146,1
1,1,1,2,19.00756,5.607551,0.5075253,0.1085298,15,3,16.99996,27,3,16.99996,1,2,11,17,15,25,4.701339,1
1,1,1,2,18.50756,6.107553,0.5075253,0.1085298,15,3,16.99996,27,3,16.99996,1,2,11,17,15,25,4.801388,1
1,1,1,2,18.00756,6.607555,0.5075253,0.1085298,15,3,16.99996,27,3,16.99996,1,2,11,17,15,25,4.902222,1
1,1,1,2,17.50755,7.107557,0.5075253,0.1085298,15,3,16.99996,27,3,16.99996,1,2,11,17,15,25,5.002157,1
1,1,1,2,17.00755,7.607559,0.5075253,0.1085298,15,3,16.99996,27,3,16.99996,1,2,11,17,15,25,5.100511,1
1,1,2,2,16.50755,8.107561,0.5084704,0.1085298,15,3,16.99996,27,3,16.99996,1,2,11,17,15,25,5.202358,1
1,1,2,2,16.00755,8.607563,0.5084704,0.1085298,15,3,16.99996,27,3,16.99996,1,2,11,17,15,25,5.303808,1
1,1,2,2,15.50755,9.107565,0.5084704,0.1085298,15,3,16.99996,27,3,16.99996,1,2,11,17,15,25,5.403105,1
1,1,2,2,15.00754,9.607568,0.5084704,0.1085298,15,3,16.99996,27,3,16.99996,1,2,11,17,15,25,5.502236,1
1,1,1,2,14.50754,10.10757,8.507525,0.1085298,15,3,16.99996,27,3,16.99996,1,2,11,17,15,25,5.601245,1
1,1,1,2,14.00754,10.60757,8.507524,0.1085298,15,3,16.99996,27,3,16.99996,1,2,11,17,15,25,5.702668,1
1,1,2,2,13.50754,11.10757,0.5084704,0.1085298,15,3,16.99996,27,3,16.99996,1,2,11,17,15,25,5.80056,1
1,1,2,2,13.00754,11.60757,0.5084704,0.1085298,15,3,16.99996,27,3,16.99996,1,2,11,17,15,25,5.900631,1
1,1,2,2,12.50753,12.10758,0.5084704,0.1085298,15,3,16.99996,27,3,16.99996,1,2,11,17,15,25,6.00106,1
1,1,2,2,12.00753,12.60758,0.5084704,0.1085298,15,3,16.49996,27,3,17.49996,1,2,11,17,15,25,6.101456,1
1,1,2,2,11.50753,13.10758,0.5084704,0.1085298,15,3,15.99996,27,3,17.99997,1,2,11,17,15,25,6.202713,1
1,1,2,2,11.00753,13.60758,0.5084704,0.1085298,15,3,15.49996,27,3,18.49997,1,2,11,17,15,25,6.3039,1
1,1,1,1,10.50753,14.10758,8.507525,2.107585,15,3,14.99995,27,3,18.99997,1,2,11,17,15,25,6.401124,1
1,1,1,1,10.00753,14.60758,8.507525,2.107585,15,3,14.49995,27,3,19.49997,1,2,11,17,15,25,6.500327,1
1,1,2,2,9.507524,15.10759,0.5084704,0.1085298,15,3,13.99995,27,3,19.99997,1,2,11,17,15,25,6.602774,1
1,1,2,2,9.007522,15.60759,0.5084704,0.1085298,15,3,13.49995,27,3,20.49998,1,2,11,17,15,25,6.702842,1
1,1,2,2,8.50752,16.10759,0.5084704,0.1085298,15,3,12.99995,27,3,20.99998,1,2,11,17,15,25,6.800471,1
1,1,2,2,8.007517,16.60759,0.5084704,0.1085298,15,3,12.49994,27,3,21.49998,1,2,11,17,15,25,6.901452,1
1,1,2,2,7.507515,17.10759,0.5084704,0.1085298,15,3,11.99994,27,3,21.99998,1,2,11,17,15,25,7.001518,1
1,1,2,2,7.007514,17.6076,0.5084704,0.1085298,15,3,11.49994,27,3,22.49998,1,2,11,17,15,25,7.103613,1
1,1,2,2,6.507512,18.1076,0.5084704,0.1085298,15,3,10.99994,27,3,22.99998,1,2,11,17,15,25,7.203826,1
1,1,2,2,6.00751,18.6076,0.5084704,0.1085298,15,3,10.49994,27,3,23.49999,1,2,11,17,15,25,7.302327,1
1,1,2,2,5.507508,19.1076,0.5084704,0.1085298,15,3,9.999935,27,3,23.99999,1,2,11,17,15,25,7.400008,1
1,1,2,2,5.007506,19.6076,0.5084704,0.1085298,15,3,9.499933,27,3,24.49999,1,2,11,17,15,25,7.500904,1
1,0,2,2,4.507504,0,0.5084704,0.1085298,15,3,8.999931,27,3,24.99999,1,2,11,17,15,25,7.601041,1
1,0,2,2,4.007502,0,0.5084704,0.1085298,15,3,8.499929,27,3,25.49999,1,2,11,17,15,25,7.700805,1
1,0,2,2,3.507501,0,0.5084704,0.1085298,15,3,7.999928,27,3,26,1,2,11,17,15,25,7.80167,1
1,0,2,2,3.007499,0,0.5084704,0.1085298,15,3,7.499928,27,3,26.5,1,2,11,17,15,25,7.901758,1
1,0,2,2,2.507497,0,0.5084704,0.1085298,15,3,6.999929,27,3,27,1,2,11,17,15,25,8.001269,1
1,0,2,2,2.007495,0,0.5084704,0.1085298,15,3,6.999929,27,3,27.3,1,2,11,17,15,25,8.101648,1
1,0,2,2,1.507493,0,0.5084704,0.1085298,15,3,6.999929,27,3,27.3,1,2,11,17,15,25,8.203322,1
1,0,2,2,1.007491,0,0.5084704,0.1085298,15,3,6.999929,27,3,27.3,1,2,11,17,15,25,8.302436,1
1,0,1,6,0.6074895,0,8.507525,10.45785,15,3,6.999929,27,3,27.3,1,2,11,17,15,25,8.401417,0
1,0,1,6,0.6074895,0,8.507525,10.45785,15,3,6.999929,27,3,27.3,1,2,11,17,15,25,8.50065,0
1,0,1,6,0.6074895,0,8.507525,10.45785,15,3,6.999929,27,3,27.3,1,2,11,17,15,25,8.601941,0
1,2,1,6,0.6074894,0.008565661,8.707526,10.25785,15,3,6.999929,27,3,27.3,1,2,11,17,15,25,8.702617,4
1,2,1,6,0.6074894,0.008565661,9.007527,9.957849,15,3,6.999929,27,3,27.3,1,2,11,17,15,25,8.801625,0
1,2,1,6,0.6074894,0.008565661,9.007527,9.957849,15,3,6.999929,27,3,27.3,1,2,11,17,15,25,8.90078,0
1,2,1,0,0.6074894,0.008565661,9.007527,0,15,3,6.999929,27,3,27.3,0,2,11,17,15,25,9.002378,0
1,2,1,0,0.6074894,0.008565661,9.007527,0,15,3,6.999929,27,3,27.3,0,2,11,17,15,25,9.100935,0
1,2,1,0,0.6074894,0.008565661,9.007527,0,15,3,6.999929,27,3,27.3,0,2,11,17,15,25,9.20105,0
1,2,1,0,0.6074894,0.008565661,9.007527,0,15,3,6.999929,27,100,100,0,2,11,17,15,25,9.30025,0
1,2,1,0,0.6074894,0.008565661,9.007527,0,15,3,6.999929,27,100,100,0,2,11,17,15,25,9.402067,0
1,2,1,0,0.6074894,0.008565661,9.007527,0,15,3,6.999929,27,100,100,0,2,11,17,15,25,9.502632,0
1,2,1,0,0.6074894,0.008565661,9.007527,0,15,3,6.999929,27,100,100,0,2,11,17,15,25,9.601446,0
1,2,1,0,0.6074894,0.008565661,9.007527,0,15,3,6.999929,27,100,100,0,2,11,17,15,25,9.700576,0
1,2,1,0,0.6074894,0.008565661,9.007527,0,15,3,6.999929,27,100,100,0,2,11,17,15,25,9.801716,0
1,2,1,6,0.6074894,0.008565661,9.007527,9.957849,15,3,6.999929,27,100,100,1,2,11,17,15,25,9.90218,0
1,2,1,6,0.6074894,0.008565661,9.007527,9.957849,15,3,6.999929,27,100,100,1,2,11,17,15,25,10.00344,0
1,2,1,6,0.6074894,0.008565661,9.007527,9.957849,15,3,6.999929,27,100,100,1,2,11,17,15,25,10.1022,0
1,2,1,6,0.6074894,0.008565661,9.007527,9.957849,15,3,6.999929,27,100,100,1,2,11,17,15,25,10.20418,0
1,2,1,6,0.6074894,0.008565661,9.007527,9.957849,15,3,6.999929,27,100,100,1,2,11,17,15,25,10.3005,0
1,2,1,0,0.6074894,0.008565661,9.007527,0,15,3,6.999929,27,100,100,0,2,11,17,15,25,10.40019,0
1,2,1,0,0.6074894,0.008565661,9.007527,0,15,3,6.999929,27,100,100,0,2,11,17,15,25,10.50168,0
1,2,1,0,0.6074894,0.008565661,9.007527,0,15,3,6.999929,27,100,100,0,2,11,17,15,25,10.60158,0
1,2,1,0,0.6074894,0.008565661,9.007527,0,15,3,6.999929,27,100,100,0,2,11,17,15,25,10.70375,0
1,2,1,0,0.6074894,0.008565661,9.007527,0,15,3,6.999929,27,100,100,0,2,11,17,15,25,10.80077,0
1,2,1,0,0.6074894,0.008565661,9.007527,0,15,3,6.999929,27,100,100,0,2,11,17,15,25,10.90169,0
1,2,1,0,0.6074894,0.008565661,9.007527,0,15,3,6.999929,27,100,100,0,2,11,17,15,25,11.00134,0
1,2,1,0,0.6074894,0.008565661,9.007527,0,15,3,6.999929,27,100,100,0,2,11,17,15,25,11.10037,0
1,2,1,0,0.6074894,0.008565661,9.007527,0,15,3,6.999929,27,100,100,0,2,11,17,15,25,11.20099,0
1,2,1,0,0.6074894,0.008565661,9.007527,0,15,3,6.999929,27,100,100,0,2,11,17,15,25,11.30027,0
1,2,1,1,0.6074894,0.008565661,9.007527,15.60758,15,3,100,100,100,100,1,2,11,17,15,25,11.40046,0
1,2,1,1,0.6074894,0.008565661,9.007527,15.60758,15,3,100,100,100,100,1,2,11,17,15,25,11.50134,0
1,2,1,1,0.6074894,0.008565661,9.007527,15.60758,15,3,100,100,100,100,1,2,11,17,15,25,11.60106,0
1,2,1,1,0.6074894,0.008565661,9.207528,15.40758,15,3,100,100,100,100,1,2,11,17,15,25,11.70174,4
1,2,1,1,0.6074894,0.008565661,9.70753,14.90758,15,3,100,100,100,100,1,2,11,17,15,25,11.80001,4
1,2,1,1,0.6074895,0.008565661,10.20753,14.40758,15,3,100,100,100,100,1,2,11,17,15,25,11.90054,4
1,2,1,1,0.6074894,0.008565661,10.70753,13.90758,15,3,100,100,100,100,1,2,11,17,15,25,12.00092,4
1,2,1,1,0.6074894,0.008565661,11.20753,13.40757,15,3,100,100,100,100,1,2,11,17,15,25,12.10234,4
1,2,1,1,0.6074894,0.008565661,11.60754,13.00757,15,3,100,100,100,100,1,2,11,17,15,25,12.20219,0
1,2,1,1,0.6074894,0.008565661,11.60754,13.00757,15,3,100,100,100,100,1,2,11,17,15,25,12.30545,2
1,2,1,1,0.6074894,0.008565661,11.60754,13.00757,15,3,100,100,100,100,1,2,11,17,15,25,12.40319,2
1,2,1,1,0.6074894,0.008565661,11.60754,13.00757,15,3,100,100,100,100,1,2,11,17,15,25,12.5012,0
1,2,1,1,0.6074894,0.008565661,11.90754,12.70757,15,3,100,100,100,100,1,2,11,17,15,25,12.60334,4
1,1,1,1,0.6074895,4.00762,12.20754,12.40757,15,3,100,100,100,100,1,2,11,17,15,25,12.70077,0
1,1,2,2,1.107491,3.507618,0.2084844,0.4085157,15,3,100,100,100,100,1,2,11,17,15,25,12.80037,2
0,1,2,1,0,0.3075551,0.3085001,8.307555,15,3,27,27,3,27,1,2,23,3,9,27,0.1000517,0
0,1,2,1,0,0.3075551,0.3085001,8.307555,15,3,27,27,3,27,1,2,23,3,9,27,0.200919,0
0,1,2,1,0,0.3075551,0.3085001,8.307555,15,3,27,27,3,27,1,2,23,3,9,27,0.3035206,0
0,1,2,1,0,0.3075551,0.3085001,8.307555,15,3,27,27,3,27,1,2,23,3,9,27,0.4006684,0
0,1,2,1,0,0.3075551,0.3085001,8.307555,15,3,27,27,3,27,1,2,23,3,9,27,0.5001673,0
0,1,2,1,0,0.3075551,0.3085001,8.307555,15,3,27,27,3,27,1,2,23,3,9,27,0.600296,0
0,1,2,1,0,0.3075551,0.3085001,8.307555,15,3,27,27,3,27,1,2,23,3,9,27,0.7018964,0
0,1,2,1,0,0.5075549,0.3085001,8.307555,15,3,27,27,3,27,1,2,23,3,9,27,0.8027924,1
0,1,2,2,0,1.007554,0.3085001,0.3085001,15,3,27,27,3,27,1,2,23,3,9,27,0.9015413,1
0,1,2,2,0,1.507554,0.3085001,0.3085001,15,3,27,27,3,27,1,2,23,3,9,27,1.004015,1
0,1,2,2,0,2.007554,0.3085001,0.3085001,15,3,27,27,3,27,1,2,23,3,9,27,1.103013,1
0,1,2,2,0,2.507553,0.3085001,0.3085001,15,3,27,27,3,27,1,2,23,3,9,27,1.200247,1
0,1,2,2,0,3.007552,0.3085001,0.3085001,15,3,27,27,3,27,1,2,23,3,9,27,1.301968,1
0,1,2,2,0,3.507552,0.3085001,0.3085001,15,3,27,27,3,27,1,2,23,3,9,27,1.401093,1
0,1,2,2,0,4.007552,8.3085,0.3085001,15,3,27,27,3,27,1,2,23,3,9,27,1.502673,1
0,1,2,2,0,4.507551,8.3085,0.3085001,15,3,27,27,3,27,1,2,23,3,9,27,1.60097,1
1,1,2,1,19.60756,5.00755,0.3085001,0.3075551,15,3,27,27,3,27,1,2,23,3,9,27,1.703131,1
1,1,2,1,19.10756,5.507551,0.3085001,0.3075551,15,3,27,27,3,27,1,2,23,3,9,27,1.800127,1
1,1,2,1,18.60756,6.007553,0.3085001,0.3075551,15,3,27,27,3,27,1,2,23,3,9,27,1.90243,1
1,1,2,1,18.10756,6.507555,0.3085001,0.3075551,15,3,27,27,3,27,1,2,23,3,9,27,2.00003,1
1,1,2,1,17.60755,7.007556,0.3085001,0.3075551,15,3,26.5,27,3,26.5,1,2,23,3,9,27,2.102265,1
1,1,2,1,17.10755,7.507559,0.3085001,0.3075551,15,3,26,27,3,26,1,2,23,3,9,27,2.202963,1
1,1,2,2,16.60755,8.007561,0.3085001,0.3085001,15,3,25.49999,27,3,25.49999,1,2,23,3,9,27,2.301383,1
1,1,2,2,16.10755,8.507563,0.3085001,0.3085001,15,3,24.99999,27,3,24.99999,1,2,23,3,9,27,2.40107,1
1,1,2,2,15.60755,9.007565,0.3085001,0.3085001,15,3,24.49999,27,3,24.49999,1,2,23,3,9,27,2.50383,1
1,1,2,2,15.10754,9.507566,0.3085001,0.3085001,15,3,23.99999,27,3,23.99999,1,2,23,3,9,27,2.604055,1
1,1,2,1,14.60754,10.00757,0.3085001,8.307554,15,3,23.49999,27,3,23.49999,1,2,23,3,9,27,2.703067,1
1,1,2,1,14.10754,10.50757,0.3085001,8.307554,15,3,22.99998,27,3,22.99998,1,2,23,3,9,27,2.802848,1
1,1,2,2,13.60754,11.00757,0.3085001,0.3085001,15,3,22.49998,27,3,22.49998,1,2,23,3,9,27,2.901489,1
1,1,2,2,13.10754,11.50757,0.3085001,0.3085001,15,3,21.99998,27,3,21.99998,1,2,23,3,9,27,3.000022,1
1,1,2,2,12.60754,12.00758,0.3085001,0.3085001,15,3,21.49998,27,3,21.49998,1,2,23,3,9,27,3.102513,1
1,1,2,2,12.10753,12.50758,0.3085001,0.3085001,15,3,20.99998,27,3,20.99998,1,2,23,3,9,27,3.203321,1
1,1,2,2,11.60753,13.00758,0.3085001,0.3085001,15,3,20.49998,27,3,20.49998,1,2,23,3,9,27,3.304381,1
1,1,2,2,11.10753,13.50758,0.3085001,0.3085001,15,3,19.99997,27,3,19.99997,1,2,23,3,9,27,3.401639,1
1,1,2,2,10.90753,13.70758,0.3085001,0.3085001,15,3,19.49997,27,3,19.49997,1,2,23,3,9,27,3.50334,0
1,1,2,2,10.90753,13.70758,0.3085001,0.3085001,15,3,18.99997,27,3,18.99997,1,2,23,3,9,27,3.601545,0
1,1,2,2,10.70753,13.90758,0.3085001,0.3085001,15,3,18.49997,27,3,18.49997,1,2,23,3,9,27,3.704048,1
1,1,1,6,10.40753,14.20758,2.307555,6.65775,15,3,17.99997,27,3,17.99997,1,2,23,3,9,27,3.802194,0
1,1,1,6,10.40753,14.20758,2.307555,6.65775,15,3,17.49996,27,3,17.49996,1,2,23,3,9,27,3.900437,0
5,1,1,6,8.912136,14.20758,2.607556,6.357749,15,3,16.99996,27,3,16.99996,1,2,23,3,9,27,4.00022,4
2,2,1,6,0.4084719,0.2085283,3.107558,5.857747,15,3,16.99996,27,3,17.49996,1,2,23,3,9,27,4.103693,0
2,2,1,6,0.4084719,0.2085283,3.107558,5.857747,15,3,16.99996,27,3,17.99997,1,2,23,3,9,27,4.202935,0
2,2,1,0,0.4084719,0.2085283,3.107558,0,15,3,16.99996,27,3,18.49997,0,2,23,3,9,27,4.302105,0
2,2,1,0,0.4084719,0.2085283,3.107558,0,15,3,16.99996,27,3,18.99997,0,2,23,3,9,27,4.40266,0
2,2,1,0,0.4084719,0.2085283,3.107558,0,15,3,16.99996,27,3,19.49997,0,2,23,3,9,27,4.503018,0
2,2,1,0,0.4084719,0.2085283,3.107558,0,15,3,16.99996,27,3,19.99997,0,2,23,3,9,27,4.604726,0
2,2,1,0,0.4084719,0.2085283,3.407559,0,15,3,16.99996,27,3,20.49998,0,2,23,3,9,27,4.700387,4
2,2,1,0,0.4084719,0.2085283,3.907561,0,15,3,16.99996,27,3,20.99998,0,2,23,3,9,27,4.802604,4
2,2,1,0,0.4084719,0.2085283,4.407563,0,15,3,16.99996,27,3,21.49998,0,2,23,3,9,27,4.903184,4
2,2,1,1,0.4084719,0.2085283,4.907565,5.707545,15,3,16.99996,27,3,21.99998,1,2,23,3,9,27,5.003455,4
2,2,1,1,0.4084719,0.2085283,5.407566,5.207544,15,3,16.99996,27,3,22.49998,1,2,23,3,9,27,5.101596,4
2,2,1,1,0.4084719,0.2085283,5.907565,4.707544,15,3,16.99996,27,3,22.99998,1,2,23,3,9,27,5.202981,4
1,2,1,1,10.40753,0.2085283,6.407565,4.207545,15,3,16.99996,27,3,23.49999,1,2,23,3,9,27,5.302747,4
2,2,1,1,0.4084719,0.2085283,6.907565,3.707546,15,3,16.99996,27,3,23.99999,1,2,23,3,9,27,5.403538,4
2,2,1,1,0.4084719,0.2085283,7.407564,3.207546,15,3,16.99996,27,3,24.49999,1,2,23,3,9,27,5.500777,4
2,2,1,1,0.4084719,0.2085283,7.907563,2.707547,15,3,16.99996,27,3,24.99999,1,2,23,3,9,27,5.60215,4
2,2,1,1,0.4084719,4.208528,8.407563,2.207547,15,3,16.99996,27,3,25.49999,1,2,23,3,9,27,5.703066,4
2,1,1,1,0.4084719,1.208528,8.907563,1.707548,15,3,16.99996,27,3,26,1,2,23,3,9,27,5.803277,4
2,1,1,1,0.4084719,1.208528,9.407562,1.207548,15,3,16.99996,27,3,26.5,1,2,23,3,9,27,5.900928,4
2,1,1,1,0.4084719,1.208528,9.907561,0.7075486,15,3,16.99996,27,3,27,1,2,23,3,9,27,6.001449,4
6,1,1,1,8.757722,1.208528,10.10756,0.5075487,15,3,17.49996,27,3,27,1,2,23,3,9,27,6.100419,0
6,1,1,1,8.457721,1.50853,10.10756,0.5075487,15,3,17.99997,27,3,27,1,2,23,3,9,27,6.200968,1
6,1,2,1,8.25772,1.70853,0.1085064,0.5075487,15,3,18.49997,27,3,27,1,2,23,3,9,27,6.302124,0
6,1,2,1,8.25772,1.70853,0.1085064,0.5075487,15,3,18.99997,27,3,27,1,2,23,3,9,27,6.403271,0
0,1,2,1,0,1.70853,0.1085064,0.5075487,15,3,19.49997,27,3,27,0,2,23,3,9,27,6.500568,0
0,1,2,1,0,1.70853,0.1085064,0.5075487,15,3,19.99997,27,3,27,0,2,23,3,9,27,6.600874,0
0,1,2,1,0,1.70853,0.1085064,0.5075487,15,3,20.49998,27,3,27,0,2,23,3,9,27,6.701087,0
0,1,2,1,0,1.70853,0.1085064,0.5075487,15,3,20.99998,27,3,27,0,2,23,3,9,27,6.800527,0
0,1,2,1,0,1.70853,0.1085064,0.5075487,15,3,21.49998,27,3,27,0,2,23,3,9,27,6.904981,0
0,1,2,1,0,1.70853,0.1085064,0.5075487,15,3,21.99998,27,3,27,0,2,23,3,9,27,7.004055,0
0,1,2,1,0,1.70853,0.1085064,0.5075487,15,3,22.49998,27,3,27,0,2,23,3,9,27,7.103078,0
0,1,2,1,0,1.70853,0.1085064,0.5075487,15,3,22.99998,27,100,100,0,2,23,3,9,27,7.203227,0
0,1,2,1,0,1.70853,0.1085064,0.5075487,15,3,23.49999,27,100,100,0,2,23,3,9,27,7.300682,0
0,1,2,1,0,1.70853,0.1085064,0.5075487,15,3,23.99999,27,100,100,0,2,23,3,9,27,7.402043,0
0,1,2,1,0,1.70853,0.1085064,0.5075487,15,3,24.49999,27,100,100,0,2,23,3,9,27,7.503696,0
0,1,2,1,0,1.70853,0.1085064,0.5075487,15,3,24.99999,27,100,100,0,2,23,3,9,27,7.602853,0
0,1,2,1,0,1.70853,0.1085064,0.5075487,15,3,25.49999,27,100,100,0,2,23,3,9,27,7.701774,0
0,1,2,1,0,2.108532,0.1085064,0.5075487,15,3,26,27,100,100,0,2,23,3,9,27,7.802795,1
0,1,2,1,0,2.608533,0.1085064,0.5075487,15,3,26.5,27,100,100,0,2,23,3,9,27,7.900026,1
0,1,2,1,0,3.108536,0.1085064,0.5075487,15,3,27,27,100,100,0,2,23,3,9,27,8.003185,1
0,1,2,1,0,3.608537,0.1085064,0.5075487,15,3,26.5,27,100,100,0,2,23,3,9,27,8.103484,1
1,1,2,1,7.507515,4.108539,0.1085064,0.5075487,15,3,26,27,100,100,1,2,23,3,9,27,8.201166,1
1,1,2,1,7.007514,4.608541,0.1085064,0.5075487,15,3,25.49999,27,100,100,1,2,23,3,9,27,8.304215,1
1,1,2,1,6.507512,5.108543,0.1085064,0.5075487,15,3,24.99999,27,100,100,1,2,23,3,9,27,8.402791,1
1,1,2,1,6.00751,5.608545,0.1085064,0.5075487,15,3,24.49999,27,100,100,1,2,23,3,9,27,8.503538,1
1,1,2,1,5.507508,6.108547,0.1085064,0.5075487,15,3,23.99999,27,100,100,1,2,23,3,9,27,8.601604,1
1,1,2,1,5.007506,6.608549,0.1085064,0.5075487,15,3,23.49999,27,100,100,1,2,23,3,9,27,8.702684,1
1,1,2,1,4.507504,7.108551,0.1085064,0.5075487,15,3,22.99998,27,100,100,1,2,23,3,9,27,8.801247,1
1,1,2,1,4.007503,7.608553,0.1085064,0.5075487,15,3,22.49998,27,100,100,1,2,23,3,9,27,8.901722,1
1,1,2,1,3.5075,8.108555,0.1085064,0.5075487,15,3,21.99998,27,100,100,1,2,23,3,9,27,9.002379,1
1,1,2,1,3.007499,8.608557,0.1085064,0.5075487,15,3,21.49998,27,100,100,1,2,23,3,9,27,9.103929,1
1,1,2,1,2.507497,9.108559,0.1085064,0.5075487,15,3,20.99998,27,100,100,1,2,23,3,9,27,9.202038,1
1,1,2,1,2.007495,9.608561,0.1085064,0.5075487,15,3,20.49998,27,100,100,1,2,23,3,9,27,9.304474,1
1,1,2,1,1.507493,10.10856,0.1085064,0.5075487,15,3,19.99997,27,100,100,1,2,23,3,9,27,9.401717,1
1,1,2,1,1.007491,10.60856,0.1085064,0.5075487,15,3,19.49997,27,100,100,1,2,23,3,9,27,9.50192,1
1,1,5,1,0.6074895,11.00857,11.72849,0.5075487,15,3,18.99997,27,100,100,1,2,23,3,9,27,9.602537,0
1,1,5,1,0.6074895,11.00857,10.92849,0.5075487,15,3,18.49997,27,100,100,1,2,23,3,9,27,9.702747,0
1,1,5,1,0.6074895,11.00857,10.12849,0.5075487,15,3,17.99997,27,100,100,1,2,23,3,9,27,9.803174,0
1,1,2,1,0.7074898,10.90857,0.1085064,0.5075487,15,3,17.49996,27,100,100,1,2,23,3,9,27,9.902491,2
1,1,2,1,1.207492,10.40856,0.1085064,0.5075487,15,3,16.99996,27,100,100,1,2,23,3,9,27,10.003,2
1,1,2,1,1.707494,9.908562,0.1085064,0.5075487,15,3,16.49996,27,100,100,1,2,23,3,9,27,10.10225,2
1,1,2,1,2.207496,9.40856,0.1085064,0.5075487,15,3,15.99996,27,100,100,1,2,23,3,9,27,10.20218,2
1,1,2,1,2.707498,8.908558,0.1085064,0.5075487,15,3,15.49996,27,100,100,1,2,23,3,9,27,10.30272,2
1,1,2,1,3.2075,8.408556,0.1085064,0.5075487,15,3,14.99995,27,100,100,1,2,23,3,9,27,10.40369,2
1,1,2,1,3.707501,7.908555,0.1085064,0.5075487,15,3,14.49995,27,100,100,1,2,23,3,9,27,10.50158,2
1,1,2,1,4.207503,7.408552,0.1085064,0.5075487,15,3,13.99995,27,100,100,1,2,23,3,9,27,10.6016,0
1,1,2,1,4.207503,7.408552,0.1085064,0.5075487,15,3,13.49995,27,100,100,1,2,23,3,9,27,10.70024,0
1,1,2,1,4.207503,7.408552,0.1085064,0.5075487,15,3,12.99995,27,100,100,1,2,23,3,9,27,10.80191,0
1,1,2,1,4.207503,7.408552,0.1085064,0.5075487,15,3,12.49994,27,100,100,1,2,23,3,9,27,10.90222,0
1,1,2,1,4.207503,7.408552,0.1085064,0.5075487,15,3,11.99994,27,100,100,1,2,23,3,9,27,11.0004,0
5,1,2,1,2.708467,7.408552,0.1085064,0.5075487,15,3,11.49994,27,100,100,1,2,23,3,9,27,11.10128,0
5,1,2,1,2.708467,7.408552,0.1085064,0.5075487,15,3,10.99994,27,100,100,1,2,23,3,9,27,11.20358,0
5,1,2,1,2.708467,7.408552,0.1085064,0.5075487,15,3,10.49994,27,100,100,1,2,23,3,9,27,11.30212,0
1,1,2,1,4.207503,7.408552,0.1085064,0.5075487,15,3,9.999935,27,100,100,1,2,23,3,9,27,11.40234,0
1,1,2,1,4.207503,7.408552,0.1085064,0.5075487,15,3,9.499933,27,100,100,1,2,23,3,9,27,11.5028,0
1,1,2,1,4.207503,7.408552,0.1085064,0.5075487,15,3,8.999931,27,100,100,1,2,23,3,9,27,11.60367,0
1,1,2,1,4.207503,7.408552,0.1085064,0.5075487,15,3,8.499929,27,100,100,1,2,23,3,9,27,11.70189,0
1,1,2,1,4.207503,7.408552,0.1085064,0.5075487,15,3,7.999928,27,100,100,1,2,23,3,9,27,11.80173,0
1,1,2,1,4.207503,7.408552,0.1085064,0.5075487,15,3,7.499928,27,100,100,1,2,23,3,9,27,11.90251,2
1,1,2,1,4.707505,6.90855,0.1085064,0.5075487,15,3,6.999929,27,100,100,1,2,23,3,9,27,12.00409,2
1,1,2,1,5.207507,6.408548,0.1085064,0.5075487,15,3,6.999929,27.3,100,100,1,2,23,3,9,27,12.10359,2
5,1,2,1,4.208454,5.908546,0.1085064,0.5075487,15,3,6.999929,27.3,100,100,1,2,23,3,9,27,12.20227,2
5,1,2,1,4.708456,5.408544,0.1085064,0.5075487,15,3,6.999929,27.3,100,100,1,2,23,3,9,27,12.30354,2
5,1,2,1,5.208457,4.908542,0.1085064,0.5075487,15,3,6.999929,27.3,100,100,1,2,23,3,9,27,12.40122,2
1,1,2,1,6.907513,4.708541,0.1085064,0.5075487,15,3,6.999929,27.3,100,100,1,2,23,3,9,27,12.50336,0
1,1,2,1,6.807513,4.808542,0.1085064,0.5075487,15,3,6.999929,27.3,100,100,1,2,23,3,9,27,12.60395,1
1,1,2,1,6.307511,5.308544,0.1085064,0.5075487,15,3,6.999929,27.3,100,100,1,2,23,3,9,27,12.70339,1
1,1,2,1,5.807509,5.808546,0.1085064,0.5075487,15,3,6.999929,27.3,100,100,1,2,23,3,9,27,12.80185,1
1,1,2,1,5.307507,6.308547,0.1085064,0.5075487,15,3,6.999929,27.3,100,100,1,2,23,3,9,27,12.90394,1
1,1,2,1,4.807505,6.808549,0.1085064,0.5075487,15,3,6.999929,27.3,100,100,1,2,23,3,9,27,13.00235,1
1,1,2,1,4.307503,7.308551,0.1085064,0.5075487,15,3,6.999929,27.3,100,100,1,2,23,3,9,27,13.10185,1
1,1,2,1,3.807502,7.808554,0.1085064,0.5075487,15,3,6.999929,27.3,100,100,1,2,23,3,9,27,13.20092,1
1,1,2,1,3.3075,8.308556,0.1085064,0.5075487,15,3,6.999929,27.3,100,100,1,2,23,3,9,27,13.30317,1
1,1,2,1,2.807498,8.808558,0.1085064,0.5075487,15,3,6.999929,27.3,100,100,1,2,23,3,9,27,13.40238,1
1,1,2,1,2.307496,9.308559,0.1085064,0.5075487,15,3,6.999929,27.3,100,100,1,2,23,3,9,27,13.50319,1
1,1,2,1,1.807494,9.808561,0.1085064,0.5075487,15,3,6.999929,27.3,100,100,1,2,23,3,9,27,13.602,1
1,1,2,1,1.307492,10.30856,0.1085064,0.5075487,15,3,6.999929,27.3,100,100,1,2,23,3,9,27,13.70121,1
1,1,2,1,0.8074903,10.80857,0.1085064,0.5075487,15,3,6.999929,27.3,100,100,1,2,23,3,9,27,13.80505,1
1,1,6,1,0.4074887,11.20857,2.457685,0.5075487,15,3,6.999929,27.3,100,100,1,2,23,3,9,27,13.90034,0
1,2,6,1,0.4074887,0.2085664,2.157686,0.8075484,15,3,6.999929,27.3,100,100,1,2,23,3,9,27,14.00247,3
1,2,6,1,0.4074887,0.2085664,1.757686,1.207548,15,3,6.999929,27.3,100,100,1,2,23,3,9,27,14.10104,0
1,2,0,1,0.4074887,0.2085664,0,1.207548,15,3,6.999929,27.3,100,100,0,2,23,3,9,27,14.203,0
1,2,6,1,0.4074887,0.2085664,1.757686,1.207548,15,3,6.999929,27.3,100,100,1,2,23,3,9,27,14.30265,0
1,2,6,1,0.4074887,0.2085664,1.757686,1.207548,15,3,6.999929,27.3,100,100,1,2,23,3,9,27,14.40384,0
1,2,6,1,0.4074887,0.2085664,1.757686,1.207548,15,3,6.999929,27.3,100,100,1,2,23,3,9,27,14.50335,0
1,2,6,1,0.4074887,0.2085664,1.757686,1.207548,15,3,6.999929,27.3,100,100,1,2,23,3,9,27,14.60014,0
1,2,0,1,0.4074887,0.2085664,0,1.207548,15,3,6.999929,27.3,100,100,0,2,23,3,9,27,14.70047,0
1,2,0,1,0.4074887,0.2085664,0,1.207548,15,3,100,100,100,100,1,2,23,3,9,27,14.80282,0
1,2,0,1,0.4074887,0.2085664,0,1.207548,15,3,100,100,100,100,1,2,23,3,9,27,14.90089,0
1,2,0,1,0.4074887,0.2085664,0,1.207548,15,3,100,100,100,100,1,2,23,3,9,27,15.0002,0
1,2,0,1,0.4074887,0.2085664,0,1.207548,15,3,100,100,100,100,1,2,23,3,9,27,15.10288,0
1,2,0,1,0.4074887,0.2085664,0,1.207548,15,3,100,100,100,100,1,2,23,3,9,27,15.20111,0
1,2,0,1,0.4074887,0.2085664,0,1.207548,15,3,100,100,100,100,1,2,23,3,9,27,15.30234,0
1,2,0,1,0.4074887,0.2085664,0,1.207548,15,3,100,100,100,100,1,2,23,3,9,27,15.40003,0
1,2,0,1,0.4074887,0.2085664,0,1.607548,15,3,100,100,100,100,1,2,23,3,9,27,15.50257,3
1,2,0,1,0.4074887,0.2085664,0,2.107547,15,3,100,100,100,100,1,2,23,3,9,27,15.60351,3
1,2,0,1,0.4074887,0.2085664,0,2.607547,15,3,100,100,100,100,1,2,23,3,9,27,15.70137,3
1,2,0,1,0.4074887,0.2085664,0,3.107546,15,3,100,100,100,100,1,2,23,3,9,27,15.80441,3
1,2,0,1,0.4074887,0.2085664,0,3.607546,15,3,100,100,100,100,1,2,23,3,9,27,15.903,3
1,2,0,1,0.4074887,10.20857,0,4.107545,15,3,100,100,100,100,1,2,23,3,9,27,16.00408,3
1,2,0,1,0.4074887,10.20857,0,4.607544,15,3,100,100,100,100,1,2,23,3,9,27,16.10143,3
1,2,1,1,0.4074887,0.2085664,19.50756,5.107544,15,3,100,100,100,100,1,2,23,3,9,27,16.20154,3
0,1,2,1,0,0.3075551,0.3085001,8.307555,15,3,3,27,27,27,1,2,11,9,7,25,0.1034898,0
0,1,2,1,0,0.3075551,0.3085001,8.307555,15,3,3,27,27,27,1,2,11,9,7,25,0.2047616,0
0,1,2,1,0,0.3075551,0.3085001,8.307555,15,3,3,27,27,27,1,2,11,9,7,25,0.3022911,0
0,1,2,1,0,0.3075551,0.3085001,8.307555,15,3,3,27,27,27,1,2,11,9,7,25,0.4029365,0
0,1,2,1,0,0.5075549,0.3085001,8.307555,15,3,3,27,27,27,1,2,11,9,7,25,0.5018434,1
0,1,2,2,0,1.007554,0.3085001,0.3085001,15,3,3,27,27,27,1,2,11,9,7,25,0.6013027,1
0,1,2,2,0,1.507554,0.3085001,0.3085001,15,3,3,27,27,27,1,2,11,9,7,25,0.7002495,1
0,1,2,2,0,2.007554,0.3085001,0.3085001,15,3,3,27,27,27,1,2,11,9,7,25,0.8014019,1
0,1,2,2,0,2.507553,0.3085001,0.3085001,15,3,3,27,27,27,0,2,11,9,7,25,0.9008146,1
0,1,2,2,0,3.007552,0.3085001,0.3085001,15,3,3,27,27,27,0,2,11,9,7,25,1.003244,1
0,1,2,2,0,3.507552,0.3085001,0.3085001,15,3,3,27,27,27,0,2,11,9,7,25,1.10136,1
0,1,2,2,0,4.007552,8.3085,0.3085001,15,3,3,27,27,27,0,2,11,9,7,25,1.201015,1
0,1,2,2,0,4.507551,8.3085,0.3085001,15,3,3,27,27,27,0,2,11,9,7,25,1.30337,1
0,1,2,1,0,5.00755,0.3085001,0.3075551,15,3,3,27,27,27,0,2,11,9,7,25,1.403761,1
0,1,2,1,0,5.507551,0.3085001,0.3075551,15,3,3,27,27,27,0,2,100,100,7,25,1.503223,1
0,1,2,1,0,5.707551,0.3085,0.3075551,15,3,3,27,27,27,0,2,100,100,7,25,1.603661,0
0,1,2,1,0,5.707551,0.3085,0.3075551,15,3,3,27,27,27,0,2,100,100,7,25,1.70341,0
0,1,2,1,0,5.707551,0.3085,0.3075551,15,3,3,27,27,27,0,2,100,100,7,25,1.801315,0
0,1,2,1,0,6.207554,0.3085001,0.3075551,15,3,3,27,27,27,0,2,100,100,7,25,1.901855,1
0,1,2,1,0,6.707556,0.3085001,0.3075551,15,3,3,27,27,27,0,2,100,100,7,25,2.000787,1
0,1,2,1,0,7.207557,0.3085001,0.3075551,15,3,3.5,27,27.3,27,0,2,100,100,7,25,2.100508,1
0,1,2,1,0,7.70756,0.3085001,0.3075551,15,3,3.999999,27,27.3,27,0,2,100,100,7,25,2.201302,1
0,1,2,2,0,8.207561,0.3085001,0.3085001,15,3,4.499999,27,27.3,27,0,2,100,100,7,25,2.300503,1
0,1,2,2,0,8.707563,0.3085,0.3085001,15,3,4.999998,27,27.3,27,0,2,100,100,7,25,2.400003,1
0,1,2,2,0,9.207565,0.3085001,0.3085001,15,3,5.499998,27,27.3,27,0,2,100,100,7,25,2.500196,1
0,1,2,2,0,9.707567,0.3085001,0.3085001,15,3,5.999997,27,27.3,27,0,2,100,100,7,25,2.604695,1
0,1,2,1,0,10.20757,0.3085001,8.307555,15,3,6.499997,27,27.3,27,0,2,100,100,7,25,2.703275,1
0,1,2,2,0,10.80757,0.3085001,0.3085001,15,3,7.099996,27,27.3,27,0,2,100,100,7,25,2.829689,1
0,1,2,2,0,10.90757,0.3085001,0.3085001,15,3,7.499996,27,27.3,27,0,2,100,100,7,25,2.903325,0
1,1,2,2,13.70754,10.90757,0.3085001,0.3085001,15,3,7.999995,27,27.3,27,1,2,100,100,7,25,3.000063,0
0,1,2,2,0,10.90757,0.3085001,0.3085001,15,3,8.499997,27,27.3,27,0,2,100,100,7,25,3.100993,0
0,1,2,2,0,10.90757,0.3085001,0.3085001,15,3,8.999999,27,27.3,27,0,2,100,100,7,25,3.202878,0
0,1,2,2,0,10.90757,0.3085001,0.3085001,15,3,9.500001,27,27.3,27,0,2,100,100,7,25,3.302135,0
0,1,2,2,0,10.90757,0.3085001,0.3085001,15,3,10,27,27.3,27,0,2,100,100,7,25,3.400697,0
0,1,2,2,0,10.90757,0.5085009,0.1084993,15,3,10.5,27,27.3,27,0,2,100,100,7,25,3.503869,4
0,1,2,2,0,10.90757,0.6085013,0.008498904,15,3,11.00001,27,27.3,27,0,2,100,100,7,25,3.601805,4
0,1,2,2,0,10.90757,0.6085013,0.008498904,15,3,11.50001,27,27.3,27,0,2,100,100,7,25,3.702485,4
0,1,2,2,0,10.90757,0.6085013,0.008498904,15,3,12.00001,27,27.3,27,0,2,100,100,7,25,3.801131,4
0,1,2,1,0,10.40757,0.6085013,8.007554,15,3,12.50001,27,27.3,27,0,2,100,100,7,25,3.901002,2
0,1,2,2,0,9.907568,0.6085013,0.008498904,15,3,13.00001,27,27.3,27,0,2,100,100,7,25,4.002499,2
0,1,2,2,0,9.807568,0.6085013,0.008498904,15,3,13.00001,26.7,27.3,26.5,0,2,100,100,7,25,4.101421,0
0,1,2,1,0,10.10757,0.6085013,8.007553,15,3,13.00001,26.6,27.3,26,0,2,100,100,7,25,4.202175,1
0,1,2,1,0,10.60757,0.6085013,8.007554,15,3,13.00001,26.1,27.3,25.49999,0,2,100,100,7,25,4.303325,1
1,1,2,2,13.50754,11.10757,0.6085013,0.008498904,15,3,13.00001,25.59999,27.3,24.99999,1,2,100,100,7,25,4.40284,1
1,1,2,2,13.00754,11.60757,0.6085013,0.008498904,15,3,13.00001,25.09999,27.3,24.49999,1,2,100,100,7,25,4.501589,1
1,1,2,2,12.50753,12.10758,0.6085013,0.008498904,15,3,13.00001,24.59999,27.3,23.99999,1,2,100,100,7,25,4.600837,1
1,1,2,2,12.00753,12.60758,0.6085013,0.008498904,15,3,13.00001,24.09999,27.3,23.49999,1,2,100,100,7,25,4.702469,1
1,1,2,2,11.80753,12.80758,0.6085013,0.008498904,15,3,13.00001,23.59999,27.3,22.99998,1,2,100,100,7,25,4.803411,4
1,1,2,2,11.80753,12.80758,0.6085013,0.008498904,15,3,13.00001,23.09999,27.3,22.49998,1,2,100,100,7,25,4.900912,4
1,1,2,2,11.80753,12.80758,0.6085013,0.008498904,15,3,13.00001,22.59998,27.3,21.99998,1,2,100,100,7,25,5.002643,4
1,1,2,2,11.80753,12.80758,0.6085013,0.008498904,15,3,13.00001,22.09998,27.3,21.49998,1,2,100,100,7,25,5.10292,4
1,1,2,2,11.80753,12.80758,0.6085013,0.008498904,15,3,13.00001,21.59998,27.3,20.99998,1,2,100,100,7,25,5.203443,4
1,1,2,2,11.80753,12.80758,0.6085013,0.008498904,15,3,13.00001,21.09998,27.3,20.49998,1,2,100,100,7,25,5.300282,4
1,1,2,2,11.80753,12.80758,0.6085013,0.008498904,15,3,13.00001,20.69998,27.3,19.99997,1,2,100,100,7,25,5.402071,4
1,1,2,2,11.80753,12.80758,0.6085013,0.008498904,15,3,13.00001,20.29997,27.3,19.49997,1,2,100,100,7,25,5.502849,4
1,1,2,2,11.80753,12.80758,0.6085013,0.008498904,15,3,13.00001,19.79997,27.3,18.99997,1,2,100,100,7,25,5.603758,0
1,1,2,2,12.00753,12.60758,0.6085013,0.008498904,15,3,13.00001,19.69997,27.3,18.49997,1,2,100,100,7,25,5.703378,2
1,1,2,2,12.50753,12.10758,0.6085013,0.008498904,15,3,13.00001,19.69997,27.3,17.99997,1,2,100,100,7,25,5.803405,2
1,1,2,2,13.00754,11.60757,0.6085013,0.008498904,15,3,13.00001,19.69997,27.3,17.49996,1,2,100,100,7,25,5.903823,2
1,1,2,2,13.50754,11.10757,0.6085013,0.008498904,15,3,13.00001,19.29997,27.3,16.99996,1,2,100,100,7,25,6.002411,2
1,1,2,1,14.00754,10.60757,0.6085013,8.007554,15,3,13.00001,19.29997,26.8,16.99996,1,2,100,100,7,25,6.100532,2
1,1,2,1,14.50754,10.10757,0.6085013,8.007553,15,3,13.00001,19.29997,26.3,16.99996,1,2,100,100,7,25,6.2019,2
1,1,2,2,15.00754,9.607568,0.6085012,0.008498904,15,3,13.00001,19.29997,25.8,16.99996,1,2,100,100,7,25,6.301893,2
1,1,2,2,15.50755,9.107565,0.6085013,0.008498904,15,3,13.00001,19.29997,25.29999,16.99996,1,2,100,100,7,25,6.402839,2
1,1,2,2,15.90755,8.707563,0.6085013,0.008498904,15,3,13.00001,19.29997,24.79999,16.99996,1,2,100,100,7,25,6.503706,0
1,1,2,2,15.90755,8.707563,0.6085013,0.008498904,15,3,13.00001,19.29997,24.29999,16.99996,1,2,100,100,7,25,6.602417,0
1,1,2,2,15.90755,8.707563,0.6085013,0.008498904,15,3,13.00001,19.29997,23.79999,16.99996,1,2,100,100,7,25,6.700374,0
1,1,2,2,15.90755,8.707563,0.6085013,0.008498904,15,3,13.00001,19.29997,23.29999,16.99996,1,2,100,100,7,25,6.800542,0
1,1,2,2,15.90755,8.707563,0.6085013,0.008498904,15,3,13.00001,19.29997,22.79998,16.99996,1,2,100,100,7,25,6.901516,0
1,1,2,2,15.90755,8.707563,0.6085013,0.008498904,15,3,13.00001,19.29997,22.29998,16.99996,1,2,100,100,7,25,7.000914,0
1,1,2,2,15.90755,8.707563,0.6085013,0.008498904,15,3,13.00001,19.29997,21.79998,16.99996,1,2,100,100,7,25,7.103754,0
1,1,2,2,15.90755,8.707563,0.6085013,0.008498904,15,3,13.00001,19.29997,21.29998,16.99996,1,2,100,100,7,25,7.201545,0
1,1,2,2,15.90755,8.707563,0.6085013,0.008498904,15,3,13.00001,19.29997,20.79998,16.99996,1,2,100,100,7,25,7.303908,0
1,1,2,2,15.90755,8.707563,0.6085013,0.008498904,15,3,13.00001,19.29997,20.29997,16.99996,1,2,100,100,7,25,7.402,0
1,1,2,2,15.90755,8.707563,0.6085013,0.008498904,15,3,13.00001,19.29997,19.79997,16.99996,1,2,100,100,7,25,7.50029,0
1,1,2,2,15.90755,8.707563,0.6085013,0.008498904,15,3,13.00001,19.29997,19.29997,16.99996,1,2,100,100,7,25,7.602159,0
1,1,2,2,15.90755,8.707563,0.6085013,0.008498904,15,3,13.00001,19.29997,18.79997,16.99996,1,2,100,100,7,25,7.703687,0
1,1,2,2,15.90755,8.707563,0.4085005,0.2084997,15,3,13.00001,19.29997,18.29997,16.99996,1,2,100,100,7,25,7.803758,3
1,1,2,2,15.90755,8.707563,0.008498904,0.6085013,15,3,13.00001,19.29997,17.79996,16.99996,1,2,100,100,7,25,7.90196,3
1,1,2,2,15.90755,8.707563,0.008498904,0.6085013,15,3,13.00001,19.29997,17.29996,16.99996,1,2,100,100,7,25,8.000886,0
1,1,2,2,15.90755,8.707563,0.008498904,0.6085013,15,3,13.00001,19.29997,17.29996,16.99996,1,2,100,100,7,25,8.1,0
1,1,2,2,15.70755,8.907564,0.008498904,0.6085013,15,3,13.00001,19.29997,17.29996,16.99996,1,2,100,100,7,25,8.201176,1
1,1,2,2,15.20754,9.407566,0.008498904,0.6085013,15,3,13.00001,19.29997,17.29996,16.99996,1,2,100,100,7,25,8.302316,1
1,1,2,2,14.70754,9.907568,0.008498904,0.6085013,15,3,13.00001,19.29997,17.29996,16.99996,0,2,100,100,7,25,8.400362,1
0,1,2,1,0,10.10757,0.008498904,8.607556,15,3,13.00001,19.29997,17.29996,16.99996,0,2,100,100,7,25,8.5022,0
0,1,2,1,0,10.10757,0.008498904,8.607556,15,3,13.00001,19.29997,17.29996,16.99996,0,2,100,100,7,25,8.601255,0
0,1,2,1,0,10.10757,0.008498904,8.607556,15,3,13.00001,19.29997,17.29996,16.99996,0,2,100,100,7,25,8.702938,0
0,1,2,1,0,10.10757,0.008498904,8.607556,15,3,13.00001,19.29997,17.29996,16.99996,0,2,100,100,7,25,8.801925,0
0,1,2,1,0,10.10757,0.008498904,8.607556,15,3,13.00001,19.29997,17.29996,16.99996,0,2,100,100,7,25,8.903623,0
0,1,2,1,0,10.10757,0.008498904,8.607556,15,3,13.00001,19.29997,17.29996,16.99996,0,2,100,100,7,25,9.003445,0
0,1,2,1,0,10.10757,0.008498904,8.607556,15,3,13.00001,19.29997,17.29996,16.99996,0,2,100,100,7,25,9.102777,0
0,1,2,1,0,10.10757,0.008498904,8.607556,15,3,13.00001,19.29997,17.29996,16.99996,0,2,100,100,7,25,9.202786,0
0,1,2,1,0,10.10757,0.008498904,8.607556,15,3,13.00001,19.29997,17.29996,16.99996,0,2,100,100,7,25,9.303579,0
0,1,2,1,0,10.10757,0.008498904,8.607556,15,3,13.00001,19.29997,17.29996,16.99996,0,2,100,100,7,25,9.402221,0
0,1,2,1,0,10.10757,0.008498904,8.607556,15,3,13.00001,19.29997,17.29996,16.99996,0,2,100,100,7,25,9.501588,0
0,1,2,1,0,10.10757,2.008499,8.607556,15,3,13.00001,19.29997,17.29996,16.99996,0,2,100,100,7,25,9.603976,0
0,1,2,1,0,10.10757,2.008499,8.607556,15,3,13.00001,19.29997,17.29996,16.99996,0,2,100,100,7,25,9.704461,0
1,1,2,1,14.50754,10.10757,2.008499,8.607556,15,3,13.00001,19.29997,17.29996,16.99996,1,2,100,100,7,25,9.800038,0
1,1,2,1,14.50754,10.10757,2.3085,8.307555,15,3,13.00001,19.29997,17.29996,16.99996,1,2,100,100,7,25,9.902291,4
2,2,2,1,0.5084866,0.1085136,2.808502,7.807553,15,3,13.00001,19.29997,17.29996,16.99996,1,2,100,100,7,25,10.00022,4
2,2,2,1,0.5084866,0.1085136,3.308504,7.307551,15,3,13.00001,18.79997,17.29996,16.59996,1,2,100,100,7,25,10.10209,4
2,2,2,1,0.5084866,0.1085136,3.808505,6.807549,15,3,13.00001,18.29997,17.29996,16.09996,1,2,100,100,7,25,10.20427,4
2,2,2,1,0.5084866,0.1085136,4.308507,6.307547,15,3,13.00001,17.79996,17.29996,15.59996,1,2,100,100,7,25,10.30167,4
2,2,2,1,0.5084866,0.1085136,4.808509,5.807545,15,3,13.00001,17.29996,17.29996,15.09995,1,2,100,100,7,25,10.40413,4
2,2,2,1,0.5084866,0.1085136,5.308511,5.307544,15,3,13.00001,16.79996,17.29996,14.59995,1,2,100,100,7,25,10.50283,4
2,2,5,1,0.5084866,0.1085136,4.308525,4.807544,15,3,13.00001,16.29996,17.29996,14.09995,1,2,100,100,7,25,10.60072,4
2,1,5,1,0.5084866,10.10757,4.808524,4.307545,15,3,13.00001,15.79996,17.29996,13.59995,1,2,100,100,7,25,10.70314,4
2,2,2,1,0.5084866,0.1085136,5.90851,4.707544,15,3,13.00001,15.29996,17.29996,13.09995,1,2,100,100,7,25,10.80358,3
2,2,2,1,0.5084866,0.1085136,5.408511,5.207544,15,3,13.00001,14.79995,17.29996,12.59995,0,2,100,100,7,25,10.9006,3
2,2,0,1,0.5084866,0.1085136,0,5.607544,15,3,13.00001,14.29995,17.29996,12.09994,0,2,100,100,7,25,11.00282,0
2,2,0,1,0.5084866,0.1085136,0,5.607544,15,3,13.00001,13.79995,17.29996,11.59994,0,2,100,100,7,25,11.10269,0
2,2,0,1,0.5084866,0.1085136,0,5.607544,15,3,13.00001,13.29995,17.29996,11.09994,0,2,100,100,7,25,11.20221,0
2,2,6,1,0.5084866,0.1085136,3.357774,5.607544,15,3,13.00001,12.79995,17.29996,10.59994,1,2,100,100,7,25,11.304,0
2,2,0,1,0.5084866,0.1085136,0,5.607544,15,3,13.00001,12.29994,17.29996,10.09994,0,2,100,100,7,25,11.40104,0
2,2,0,1,0.5084866,0.1085136,0,5.607544,15,3,13.00001,11.79994,17.29996,9.599934,0,2,100,100,7,25,11.50078,3
2,2,0,1,0.5084866,0.1085136,0,6.107547,15,3,13.00001,11.29994,17.29996,9.099932,0,2,100,100,7,25,11.60181,3
2,2,0,1,0.5084866,0.1085136,0,6.607548,15,3,13.00001,10.79994,17.29996,8.59993,0,2,100,100,7,25,11.70407,3
2,2,2,1,0.5084866,0.1085136,4.508504,7.10755,15,3,13.00001,10.69994,17.29996,8.099928,1,2,100,100,7,25,11.80085,3
2,2,2,1,0.5084866,0.1085136,4.008502,7.607553,15,3,13.00001,10.39994,17.29996,7.599928,1,2,100,100,7,25,11.90071,3
1,1,2,1,14.50754,10.10757,3.508501,8.107554,15,3,13.00001,9.899935,17.29996,7.099929,1,2,100,100,7,25,12.00124,3
1,1,2,1,14.50754,10.10757,3.008499,8.607556,15,3,13.00001,9.699934,16.79996,7.099929,1,2,100,100,7,25,12.10315,3
1,2,2,1,14.50754,3.108514,2.908498,8.707557,15,3,13.00001,9.699934,16.29996,7.099929,1,2,100,100,7,25,12.20169,0
1,2,2,1,14.50754,3.108514,2.708498,8.907557,15,3,13.00001,9.699934,15.79996,7.099929,1,2,100,100,7,25,12.30017,3
1,6,2,1,14.50754,1.457828,2.308496,9.307559,15,3,13.00001,9.999935,15.29996,7.099929,1,2,100,100,7,25,12.40395,0
1,6,2,2,14.90754,0.557825,2.308496,1.308504,15,3,13.00001,10.49994,14.79995,7.099929,1,2,100,100,7,25,12.50395,2
1,5,2,2,15.10754,4.044125,2.308496,1.308504,15,3,100,100,14.29995,7.099929,1,2,100,100,7,25,12.60096,0
1,0,2,2,15.10754,0,2.308496,1.308504,15,3,100,100,13.79995,7.099929,0,2,100,100,7,25,12.70323,0
1,0,2,2,15.10754,0,2.308496,1.308504,15,3,100,100,13.29995,7.099929,0,2,100,100,7,25,12.80238,0
1,0,2,2,15.10754,0,2.308496,1.308504,15,3,100,100,12.79995,7.099929,0,2,100,100,7,25,12.90302,0
1,6,2,2,15.10754,3.757833,2.308496,1.308504,15,3,100,100,12.29994,7.099929,1,2,100,100,7,25,13.00408,0
1,6,2,2,15.10754,3.757833,2.308496,1.308504,15,3,100,100,11.79994,7.099929,1,2,100,100,7,25,13.10307,0
1,6,2,2,15.10754,3.757833,2.308496,1.308504,15,3,100,100,11.29994,7.099929,1,2,100,100,7,25,13.20188,0
1,6,2,2,15.10754,3.757833,2.208496,1.408504,15,3,100,100,10.79994,7.099929,1,2,100,100,7,25,13.30253,3
1,2,2,2,15.10754,5.508511,2.008495,1.608505,15,3,100,100,10.29994,7.099929,1,2,100,100,7,25,13.40459,3
1,2,2,2,15.10754,5.508511,1.508493,2.108507,15,3,100,100,9.799934,7.099929,1,2,100,100,7,25,13.50242,3
1,2,2,2,15.10754,5.508511,1.108492,2.508508,15,3,100,100,9.299932,7.099929,1,2,100,100,7,25,13.60048,3
1,2,2,2,15.10754,5.508511,1.108492,2.508508,15,3,100,100,8.799931,7.099929,1,2,100,100,7,25,13.7033,3
1,2,2,2,15.60755,5.008509,1.108492,2.508508,15,3,100,100,8.299929,7.099929,1,2,100,100,7,25,13.80165,2
1,2,2,2,16.10755,4.508507,6.108491,2.508508,15,3,100,100,7.799928,7.099929,1,2,100,100,7,25,13.90119,2
1,2,2,2,16.60755,4.008506,6.108491,2.508508,15,3,100,100,7.299929,7.099929,1,2,100,100,7,25,14.00345,2
1,2,1,1,17.10755,3.508503,6.107546,2.507564,15,3,100,100,7.799928,7.099929,1,2,100,100,7,25,14.10199,2
1,2,1,1,17.60755,3.008502,6.107546,2.507564,15,3,100,100,8.299929,7.099929,1,2,100,100,7,25,14.20304,2
1,2,1,1,18.10756,2.5085,6.107546,2.507564,15,3,100,100,8.799931,7.099929,1,2,100,100,7,25,14.30406,2
1,2,1,1,18.30756,2.308499,6.107547,2.507563,15,3,100,100,9.299932,7.099929,1,2,100,100,7,25,14.40271,4
1,2,1,1,18.30756,2.308499,6.507548,2.107562,15,3,100,100,9.799934,7.099929,1,2,100,100,7,25,14.50115,4
1,5,1,0,18.30756,0.7311361,6.90755,0,15,3,100,100,10.29994,7.099929,0,2,100,100,7,25,14.60356,0
1,5,1,1,18.30756,0.7311361,6.90755,1.70756,15,3,100,100,10.79994,7.099929,1,2,100,100,7,25,14.70235,0
1,6,1,1,18.30756,0.5578203,6.90755,1.70756,15,3,100,100,11.29994,7.099929,1,2,100,100,7,25,14.80136,0
1,6,1,1,18.00756,0.8578214,6.907549,1.70756,15,3,100,100,11.79994,7.099929,1,2,100,100,7,25,14.90302,1
1,6,1,1,17.50755,1.357823,6.907549,1.70756,15,3,100,100,12.29994,7.099929,1,2,100,100,7,25,15.00137,1
1,6,1,1,17.00755,1.857825,6.907549,1.70756,15,3,100,100,12.79995,7.099929,1,2,100,100,7,25,15.10148,1
1,6,2,2,16.50755,2.357827,6.908494,1.708505,15,3,100,100,13.29995,7.099929,1,2,100,100,7,25,15.20141,1
1,6,2,2,16.40755,2.457827,6.508493,2.108507,15,3,100,100,13.79995,7.099929,1,2,100,100,7,25,15.3021,3
1,6,2,2,16.40755,2.457828,6.308492,2.308508,15,3,100,100,14.29995,7.099929,1,2,100,100,7,25,15.40132,3
1,2,1,1,16.70755,3.908505,6.307547,2.307563,15,3,100,100,14.79995,7.099929,1,2,100,100,7,25,15.50134,0
1,2,1,1,16.70755,3.908505,6.307547,2.307563,15,3,100,100,15.29996,7.099929,1,2,100,100,7,25,15.60329,4
1,2,1,1,17.10755,3.508504,6.307547,2.307563,15,3,100,100,15.79996,7.099929,1,2,100,100,7,25,15.7024,2
1,2,1,1,17.60755,3.008502,6.307547,2.307563,15,3,100,100,16.29996,7.099929,1,2,100,100,7,25,15.8009,2
1,2,1,1,18.10756,2.5085,6.307547,2.307563,15,3,100,100,16.79996,7.099929,1,2,100,100,7,25,15.90148,2
1,2,1,1,18.60756,2.008498,6.307547,2.307563,15,3,100,100,17.29996,7.099929,1,2,100,100,7,25,16.00374,2
1,2,1,1,19.10756,1.508496,6.307548,2.307563,15,3,100,100,17.29996,6.599929,1,2,100,100,7,25,16.10141,2
1,2,1,1,19.40756,1.208496,6.307547,2.307563,15,3,100,100,17.29996,6.09993,1,2,100,100,7,25,16.20001,3
1,2,1,1,7.407559,1.208496,5.907546,2.707564,15,3,100,100,17.29996,5.69993,0,2,100,100,7,25,16.3008,3
1,2,0,1,7.407559,1.208496,0,3.207566,15,3,100,100,17.29996,5.69993,0,2,100,100,7,25,16.4015,3
2,2,0,1,3.408504,1.208496,0,3.707568,15,3,100,100,17.29996,5.69993,0,2,100,100,7,25,16.50307,3
2,2,0,1,3.408504,1.208496,0,4.20757,15,3,100,100,17.29996,5.69993,0,2,100,100,7,25,16.60331,3
2,2,0,1,3.408504,1.208496,0,4.707572,15,3,100,100,17.29996,5.59993,0,2,100,100,7,25,16.70085,3
2,2,0,1,3.408504,1.208496,0,5.207573,15,3,100,100,17.29996,5.099931,0,2,100,100,7,25,16.80495,3
2,2,0,1,3.408504,1.208496,0,5.707576,15,3,100,100,17.29996,4.699931,0,2,100,100,7,25,16.90172,3
2,2,1,1,3.408504,1.208496,2.807534,5.807576,15,3,100,100,17.29996,4.699931,1,2,100,100,7,25,17.00179,3
2,2,1,1,3.808504,0.8084963,2.807534,5.807576,15,3,100,100,17.29996,4.699931,0,2,100,100,7,25,17.10031,2
2,0,2,2,4.008503,0,6.808479,10.80852,15,3,100,100,17.29996,4.599931,0,2,100,100,7,25,17.2032,0
2,2,2,2,4.008503,0.6084965,6.808479,10.80852,15,3,100,100,100,100,1,2,100,100,7,25,17.30184,0
2,0,2,2,4.008503,0,6.808479,10.80852,15,3,100,100,100,100,0,2,100,100,7,25,17.40048,0
2,2,2,2,4.008503,0.6084965,6.808479,10.80852,15,3,100,100,100,100,0,2,100,100,7,25,17.50059,0
2,2,2,2,4.008503,0.6084965,6.908479,10.70852,15,3,100,100,100,100,0,2,100,100,7,25,17.6006,4
2,2,2,2,4.008503,0.6084965,7.408482,10.20852,15,3,100,100,100,100,1,2,100,100,7,25,17.70354,4
2,2,2,2,4.008503,0.6084965,7.908484,9.708517,15,3,100,100,100,100,1,2,100,100,7,25,17.80186,4
2,2,2,2,4.008503,0.6084965,8.208485,9.408516,15,3,100,100,100,100,1,2,100,100,7,25,17.90027,4
2,2,2,2,4.008503,0.6084965,8.208485,9.408516,15,3,100,100,100,100,1,2,100,100,7,25,18.00279,4
2,2,2,2,4.008503,0.6084965,8.208485,9.408516,15,3,100,100,100,100,1,2,100,100,7,25,18.10083,4
2,2,2,2,4.008503,0.6084965,8.208485,9.408516,15,3,100,100,100,100,1,2,100,100,7,25,18.20217,4
2,2,2,2,4.008503,0.6084965,8.308485,9.308516,15,3,100,100,100,100,1,2,100,100,7,25,18.30056,4
2,2,2,2,4.008503,0.6084965,8.808487,8.808514,15,3,100,100,100,100,1,2,100,100,7,25,18.40224,4
1,2,2,2,8.007559,0.6084965,9.308489,8.308511,15,3,100,100,100,100,1,2,100,100,7,25,18.50073,4
1,2,1,1,7.707558,0.9084961,5.407544,3.207566,15,3,100,100,100,100,1,2,100,100,7,25,18.60139,1
1,2,1,1,7.207559,1.408496,5.407544,3.207566,15,3,100,100,100,100,1,2,100,100,7,25,18.7012,1
1,2,1,1,6.707558,1.908498,5.407544,3.207566,15,3,100,100,100,100,1,2,100,100,7,25,18.80317,1
1,2,1,1,6.307556,2.308499,5.407544,3.207566,15,3,100,100,100,100,1,2,100,100,7,25,18.90306,4
1,2,1,1,6.307556,2.308499,5.407544,3.207566,15,3,100,100,100,100,1,2,100,100,7,25,19.00285,4
1,2,1,1,6.307556,2.308499,5.407544,3.207566,15,3,100,100,100,100,1,2,100,100,7,25,19.10337,4
1,2,1,1,6.307556,2.308499,5.407544,3.207566,15,3,100,100,100,100,1,2,100,100,7,25,19.20089,4
1,2,1,1,6.107555,2.5085,5.407544,3.207566,15,3,100,100,100,100,1,2,100,100,7,25,19.30186,1
1,2,1,1,5.707554,2.908501,5.407544,3.207566,15,3,100,100,100,100,1,2,100,100,7,25,19.40243,4
1,2,1,1,5.707554,2.908501,5.907546,2.707564,15,3,100,100,100,100,1,2,100,100,7,25,19.50325,4
1,2,1,1,17.70755,2.908501,6.407548,2.207562,15,3,100,100,100,100,1,2,100,100,7,25,19.603,4
1,2,1,1,17.70755,2.908501,6.807549,1.807561,15,3,100,100,100,100,1,2,100,100,7,25,19.70211,4
1,2,1,1,17.40755,3.208503,6.807549,1.807561,15,3,100,100,100,100,1,2,100,100,7,25,19.80316,1
1,2,1,1,16.90755,3.708504,6.807549,1.807561,15,3,100,100,100,100,1,2,100,100,7,25,19.90076,1
1,2,2,2,16.40755,4.208506,6.808494,1.808506,15,3,100,100,100,100,1,2,100,100,7,25,20.00109,1
1,2,2,2,15.90755,4.708508,1.808494,1.808506,15,3,100,100,100,100,1,2,100,100,7,25,20.10279,1
1,2,2,2,15.40755,5.20851,1.808494,1.808506,15,3,100,100,100,100,1,2,100,100,7,25,20.20116,1
1,2,2,2,14.90754,5.708512,1.808494,1.808506,15,3,100,100,100,100,1,2,100,100,7,25,20.30033,1
1,2,2,1,14.40754,6.208514,1.808494,9.807561,15,3,100,100,100,100,1,2,100,100,7,25,20.40253,1
1,2,2,2,13.90754,6.708516,1.808494,1.808506,15,3,100,100,100,100,1,2,100,100,7,25,20.50209,1
1,2,2,2,13.40754,7.208518,1.808494,1.808506,15,3,100,100,100,100,1,2,100,100,7,25,20.60273,1
1,2,2,2,12.90753,7.708519,1.808494,1.808506,15,3,100,100,100,100,1,2,100,100,7,25,20.7025,1
1,2,2,2,12.40753,8.208522,6.808494,1.808506,15,3,100,100,100,100,1,2,100,100,7,25,20.80221,1
1,2,1,2,11.90753,8.708524,0.8075493,1.808506,15,3,100,100,100,100,1,2,100,100,7,25,20.89999,1
1,2,1,2,11.40753,9.208526,0.8075493,1.808506,15,3,100,100,100,100,1,2,100,100,7,25,21.00141,1
1,2,1,2,10.90753,9.708527,0.8075493,1.808506,15,3,100,100,100,100,1,2,100,100,7,25,21.10048,1
1,2,1,1,10.40753,10.20853,0.8075493,9.807561,15,3,100,100,100,100,1,2,100,100,7,25,21.2007,1
1,2,1,2,9.907525,10.70853,0.8075494,1.808506,15,3,100,100,100,100,1,2,100,100,7,25,21.30272,1
1,2,1,2,9.407523,11.20853,0.8075493,1.808506,15,3,100,100,100,100,1,2,100,100,7,25,21.40077,1
1,2,1,2,8.907521,11.70853,0.8075493,1.808506,15,3,100,100,100,100,1,2,100,100,7,25,21.50372,1
1,2,2,2,8.407519,12.20854,2.808494,1.808506,15,3,100,100,100,100,1,2,100,100,7,25,21.60065,1
1,2,1,2,7.907517,12.70854,0.8075493,1.808506,15,3,100,100,100,100,1,2,100,100,7,25,21.70249,1
1,2,1,2,7.407515,13.20854,0.8075493,1.808506,15,3,100,100,100,100,1,2,100,100,7,25,21.80163,1
1,2,1,2,6.907513,13.70854,0.8075493,1.808506,15,3,100,100,100,100,1,2,100,100,7,25,21.90119,1
1,2,1,2,6.407511,14.20854,0.8075494,1.808506,15,3,100,100,100,100,1,2,100,100,7,25,22.00167,1
1,2,1,2,5.90751,14.70855,0.8075493,1.808506,15,3,100,100,100,100,1,2,100,100,7,25,22.10281,1
1,2,1,2,5.407507,15.20855,0.8075493,1.808506,15,3,100,100,100,100,1,2,100,100,7,25,22.2012,1
1,2,1,2,4.907506,15.70855,0.8075493,1.808506,15,3,100,100,100,100,1,2,100,100,7,25,22.30277,1
1,2,2,2,4.407504,16.20855,2.808494,1.808506,15,3,100,100,100,100,1,2,100,100,7,25,22.40023,1
1,2,2,2,3.907502,16.70855,2.808494,1.808506,15,3,100,100,100,100,1,2,100,100,7,25,22.50308,1
1,2,2,2,3.4075,17.20856,2.808494,1.808506,15,3,100,100,100,100,1,2,100,100,7,25,22.60272,1
1,2,2,2,2.907498,17.70856,2.808494,1.808506,15,3,100,100,100,100,1,2,100,100,7,25,22.7001,1
1,2,2,2,2.407496,18.20856,2.808494,1.808506,15,3,100,100,100,100,1,2,100,100,7,25,22.80155,1
1,2,2,2,1.907494,18.70856,2.808494,1.808506,15,3,100,100,100,100,1,2,100,100,7,25,22.90288,1
1,2,2,2,1.407493,19.20856,2.808495,1.808506,15,3,100,100,100,100,1,2,100,100,7,25,23.00065,1
1,2,2,2,0.9074906,19.70856,2.808494,1.808506,15,3,100,100,100,100,1,2,100,100,7,25,23.10057,1
1,0,1,1,0.4074887,0,14.80755,9.807561,15,3,100,100,100,100,1,2,100,100,7,25,23.20151,1
1,0,1,1,0.4074887,0,14.80755,9.807561,15,3,100,100,100,100,1,2,100,100,7,25,23.30356,4
1,0,1,1,0.4074887,0,15.30755,9.307559,15,3,100,100,100,100,1,2,100,100,7,25,23.40063,4
1,0,1,1,0.4074887,0,15.80755,8.807557,15,3,100,100,100,100,1,2,100,100,7,25,23.50059,4
1,0,1,1,0.4074887,0,16.30756,8.307555,15,3,100,100,100,100,1,2,100,100,7,25,23.60188,4
1,2,1,1,0.4074887,0.2085664,16.80756,7.807552,15,3,100,100,100,100,1,2,100,100,7,25,23.7012,4
1,2,1,1,0.4074887,0.2085664,17.30756,7.307551,15,3,100,100,100,100,1,2,100,100,7,25,23.80055,4
1,2,1,1,0.4074887,0.2085664,17.80756,6.807549,15,3,100,100,100,100,1,2,100,100,7,25,23.90204,4
1,2,1,1,0.4074887,0.2085664,18.30756,6.307547,15,3,100,100,100,100,1,2,100,100,7,25,24.00193,4
1,2,1,1,0.4074887,0.2085664,18.80756,5.807545,15,3,100,100,100,100,1,2,100,100,7,25,24.10059,4
1,2,1,1,0.4074887,0.2085664,19.30757,5.307544,15,3,100,100,100,100,1,2,100,100,7,25,24.20098,4
1,2,1,1,0.4074887,0.2085664,19.60757,5.007544,15,3,100,100,100,100,1,2,100,100,7,25,24.3025,4
1,2,1,1,0.6074894,0.008565661,19.60757,5.007544,15,3,100,100,100,100,1,2,100,100,7,25,24.40029,2
1,2,1,1,0.6074894,0.008565661,19.60757,5.007544,15,3,100,100,100,100,1,2,100,100,7,25,24.50315,2
1,2,1,1,0.6074894,0.008565661,19.60757,5.007544,15,3,100,100,100,100,1,2,100,100,7,25,24.59999,2
1,2,1,1,0.6074894,0.008565661,19.60757,5.007544,15,3,100,100,100,100,1,2,100,100,7,25,24.70166,4
1,2,1,1,0.6074894,0.008565661,19.80757,4.807544,15,3,100,100,100,100,1,2,100,100,7,25,24.80018,4
1,2,1,1,0.6074894,0.008565661,19.80757,4.807544,15,3,100,100,100,100,1,2,100,100,7,25,24.90114,2
1,2,1,1,0.6074894,0.008565661,19.80757,4.807544,15,3,100,100,100,100,1,2,100,100,7,25,25.00137,2
1,2,1,1,0.6074894,0.008565661,19.80757,4.807544,15,3,100,100,100,100,1,2,100,100,7,25,25.10008,4
1,2,0,1,0.6074894,10.00857,0,4.407544,15,3,100,100,100,100,1,2,100,100,7,25,25.20198,4
1,2,0,1,0.6074895,10.00857,0,4.307545,15,3,100,100,100,100,1,2,100,100,7,25,25.30229,4
1,2,2,2,1.107491,9.508564,0.3085101,0.30849,15,3,100,100,100,100,1,2,100,100,7,25,25.40242,2
0,1,2,1,0,0.3075551,0.3085001,8.307555,15,3,27,27,3,27,1,2,19,7,27,25,0.1472883,0
0,1,2,1,0,0.3075551,0.3085001,8.307555,15,3,27,27,3,27,1,2,19,7,27,25,0.2235028,0
0,1,2,1,0,0.3075551,0.3085001,8.307555,15,3,27,27,3,27,1,2,19,7,27,25,0.3105845,0
0,1,2,1,0,0.3075551,0.3085001,8.307555,15,3,27,27,3,27,1,2,19,7,27,25,0.4216103,0
0,1,2,1,0,0.407555,0.3085001,8.307555,15,3,27,27,3,27,1,2,19,7,27,25,0.5153279,1
0,1,2,2,0,0.9075544,0.3085001,0.3085001,15,3,27,27,3,27,1,2,19,7,27,25,0.6049432,1
0,1,2,2,0,1.407554,0.3085001,0.3085001,15,3,27,27,3,27,1,2,19,7,27,25,0.7054707,1
0,1,2,2,0,1.907554,0.3085001,0.3085001,15,3,27,27,3,27,1,2,19,7,27,25,0.8052363,1
0,1,2,2,0,2.407553,0.3085001,0.3085001,15,3,27,27,3,27,1,2,19,7,27,25,0.9004875,1
0,1,2,2,0,2.907553,0.3085001,0.3085001,15,3,27,27,3,27,1,2,19,7,27,25,1.003728,1
0,1,2,2,0,3.407552,0.3085001,0.3085001,15,3,27,27,3,27,1,2,19,7,27,25,1.111763,1
0,1,2,2,0,3.907552,0.3085001,0.3085001,15,3,27,27,3,27,1,2,19,7,27,25,1.205443,1
0,1,2,2,0,4.307551,8.3085,0.3085001,15,3,27,27,3,27,1,2,19,7,27,25,1.302107,0
0,1,2,2,0,4.307551,8.3085,0.3085001,15,3,27,27,3,27,1,2,19,7,27,25,1.40141,0
0,1,2,2,0,4.307551,8.3085,0.3085001,15,3,27,27,3,27,1,2,19,7,27,25,1.506602,0
0,1,2,2,0,4.307551,8.3085,0.3085001,15,3,27,27,3,27,1,2,19,7,27,25,1.602856,0
0,1,2,2,0,4.307551,8.3085,0.3085001,15,3,27,27,3,27,1,2,19,7,27,25,1.701871,0
0,1,2,2,0,4.307551,8.3085,0.3085001,15,3,27,27,3,27,1,2,19,7,27,25,1.801806,0
0,1,2,2,0,4.207551,8.3085,0.3085001,15,3,27,27,3,27,1,2,19,7,27,25,1.908107,2
0,1,2,2,0,3.807552,0.3085001,0.3085001,15,3,27,27,3,27,1,2,19,7,27,25,2.003676,0
0,1,2,2,0,3.807552,0.3085001,0.3085001,15,3,27,27.3,3.5,27,1,2,19,7,27,25,2.104204,0
0,1,2,2,0,3.807552,0.008498904,0.6085013,15,3,27,27.3,3.999999,27,1,2,19,7,27,25,2.204074,3
0,1,2,2,0,3.807552,0.008498904,0.6085013,15,3,27,27.3,4.499999,27,1,2,19,7,27,25,2.303031,3
0,1,2,2,0,3.807552,0.008498904,0.6085013,15,3,27,27.3,4.999998,27,1,2,19,7,27,25,2.40238,3
0,1,2,2,0,3.807552,0.008498904,0.6085013,15,3,27,27.3,5.499998,27,1,2,19,7,27,25,2.500218,3
0,1,2,2,0,3.807552,0.008498904,0.6085013,15,3,27,27.3,5.999997,27,1,2,19,7,27,25,2.60357,3
0,1,2,2,0,4.007551,8.008499,0.6085013,15,3,27,27.3,6.499997,27,1,2,19,7,27,25,2.702092,1
0,1,2,2,0,4.507551,8.008499,0.6085013,15,3,27,27.3,6.999996,27,1,2,19,7,27,25,2.804507,0
2,2,2,2,0.1085041,0.5084961,7.808498,0.808502,15,3,27,27.3,7.499996,27,1,2,19,7,27,25,2.900673,3
2,2,2,2,0.1085041,0.5084961,7.308496,1.308504,15,3,27,27.3,7.999995,27,1,2,19,7,27,25,3.004753,3
2,2,2,2,0.1085041,0.5084961,6.808494,1.808506,15,3,27,27.3,8.499997,27,1,2,19,7,27,25,3.103184,3
2,2,2,2,0.1085041,0.5084961,6.308492,2.308508,15,3,27,27.3,8.999999,27,1,2,19,7,27,25,3.20209,3
2,2,2,2,0.1085041,0.5084961,5.80849,2.80851,15,3,27,27.3,9.500001,27,1,2,19,7,27,25,3.304374,3
2,2,2,2,0.1085041,0.5084961,5.308488,3.308511,15,3,27,27.3,10,27,1,2,19,7,27,25,3.403602,3
2,2,2,2,0.1085041,0.5084961,4.808486,3.808512,15,3,27,27.3,10.5,27,1,2,19,7,27,25,3.50006,3
2,2,2,2,4.108504,0.5084961,4.308485,4.308515,15,3,27,27.3,11.00001,27,1,2,19,7,27,25,3.604553,3
2,2,2,2,0.1085041,0.5084961,3.808483,4.808517,15,3,27,27.3,11.50001,27,1,2,19,7,27,25,3.703863,3
2,2,2,2,0.1085041,0.5084961,3.308481,5.308519,15,3,27,27.3,12.00001,27,1,2,19,7,27,25,3.802953,3
2,2,2,2,0.1085041,0.5084961,2.808479,5.808521,15,3,27,27.3,12.50001,27,1,2,19,7,27,25,3.900732,3
2,2,2,2,0.1085041,0.5084961,2.308477,6.308523,15,3,27,27.3,13.00001,27,1,2,19,7,27,25,4.001143,3
2,2,2,2,0.1085041,0.5084961,1.808475,6.808525,15,3,27,27.3,13.00001,27,1,2,19,7,27,25,4.100862,3
2,2,2,2,0.1085041,0.5084961,1.308473,7.308527,15,3,27,27.3,13.00001,27,1,2,100,100,27,25,4.201838,3
2,2,2,2,0.00850415,0.608496,1.008472,7.608528,15,3,27,27.3,13.00001,27,1,2,100,100,27,25,4.303669,1
2,2,2,2,0.00850415,0.608496,1.008472,7.608528,15,3,27,27.3,13.00001,27,1,2,100,100,27,25,4.403162,1
2,2,2,2,0.00850415,0.608496,1.008472,7.608528,15,3,27,27.3,13.00001,27,1,2,100,100,27,25,4.502447,1
2,2,2,2,0.00850415,0.608496,1.008472,7.608528,15,3,27,27.3,13.00001,27,1,2,100,100,27,25,4.602693,1
2,2,2,2,0.00850415,0.608496,0.7084711,7.908529,15,3,27,27.3,13.00001,27,1,2,100,100,27,25,4.701817,3
0,1,2,2,0,4.60755,0.2084692,8.408531,15,3,27,27.3,13.00001,27,1,2,100,100,27,25,4.803152,3
1,1,1,2,19.60756,5.00755,0.2075242,0.408531,15,3,27,27.3,13.00001,27,1,2,100,100,27,25,4.902193,1
1,1,1,2,19.10756,5.507551,0.2075242,0.408531,15,3,27,27.3,13.00001,27,1,2,100,100,27,25,5.001487,1
1,1,1,2,18.60756,6.007553,0.2075242,0.408531,15,3,27,27.3,13.00001,27,1,2,100,100,27,25,5.102859,1
1,1,1,2,18.10756,6.507555,0.2075242,0.408531,15,3,27,27.3,13.00001,27,1,2,100,100,27,25,5.203142,1
1,1,1,2,17.60755,7.007556,0.2075242,0.408531,15,3,27,27.3,13.00001,27,1,2,100,100,27,25,5.302677,1
1,1,1,2,17.10755,7.507559,0.2075242,0.408531,15,3,27,27.3,13.00001,27,1,2,100,100,27,25,5.400572,1
1,1,2,2,16.60755,8.007561,0.2084692,0.408531,15,3,27,27.3,13.00001,27,1,2,100,100,27,25,5.50133,1
1,1,2,2,16.10755,8.507562,0.2084692,0.408531,15,3,27,27.3,13.00001,27,1,2,100,100,27,25,5.604129,1
1,1,2,2,15.60755,9.007565,0.2084692,0.408531,15,3,27,27.3,13.00001,27,1,2,100,100,27,25,5.70141,1
1,1,2,2,15.10754,9.507566,0.2084692,0.408531,15,3,27,27.3,13.00001,27,1,2,100,100,27,25,5.801868,1
1,1,1,2,14.60754,10.00757,8.207524,0.408531,15,3,27,27.3,13.00001,27,1,2,100,100,27,25,5.901677,1
1,1,1,2,14.10754,10.50757,8.207524,0.408531,15,3,27,27.3,13.00001,27,1,2,100,100,27,25,6.002054,1
1,1,2,2,13.60754,11.00757,0.2084692,0.408531,15,3,27,26.8,13.00001,27.3,1,2,100,100,27,25,6.103594,1
1,1,2,2,13.10754,11.50757,0.2084692,0.408531,15,3,27,26.3,13.00001,27.3,1,2,100,100,27,25,6.202843,1
1,1,2,2,12.60754,12.00758,0.2084692,0.408531,15,3,27,25.8,13.00001,27.3,1,2,100,100,27,25,6.303182,1
1,1,2,2,12.10753,12.50758,0.2084692,0.408531,15,3,27,25.29999,13.00001,27.3,1,2,100,100,27,25,6.401311,1
1,1,2,2,11.60753,13.00758,0.2084692,0.408531,15,3,27,24.79999,13.00001,27.3,1,2,100,100,27,25,6.502712,1
1,1,2,2,11.10753,13.50758,0.2084692,0.408531,15,3,27,24.29999,13.00001,27.3,1,2,100,100,27,25,6.604351,1
1,1,2,2,11.00753,13.60758,0.2084692,0.408531,15,3,27,23.79999,13.00001,27.3,1,2,100,100,27,25,6.703422,0
1,1,2,2,11.00753,13.60758,0.2084692,0.408531,15,3,27,23.29999,13.00001,27.3,1,2,100,100,27,25,6.802877,0
1,1,2,2,11.00753,13.60758,0.2084692,0.408531,15,3,27,22.79998,13.00001,27.3,1,2,100,100,27,25,6.90197,0
1,1,2,2,10.90753,13.70758,0.2084692,0.408531,15,3,27,22.29998,13.00001,27.3,1,2,100,100,27,25,7.003981,1
1,1,1,1,10.60753,14.00758,8.207524,2.407586,15,3,27,21.79998,13.00001,27.3,1,2,100,100,27,25,7.101624,0
1,1,1,1,10.60753,14.00758,8.207524,2.407586,15,3,27,21.29998,13.00001,27.3,1,2,100,100,27,25,7.202828,0
2,2,1,1,0.6084726,0.008527515,7.707522,2.907588,15,3,27,20.79998,13.00001,27.3,1,2,100,100,27,25,7.300942,3
2,2,1,1,0.6084726,0.008527515,7.20752,3.40759,15,3,27,20.29997,13.00001,27.3,1,2,100,100,27,25,7.401772,0
2,2,5,1,0.6084726,0.008527515,5.708484,3.40759,15,3,27,19.79997,13.00001,27.3,1,2,100,100,27,25,7.50243,0
2,2,5,1,0.6084726,0.008527515,5.708484,3.40759,15,3,27,19.29997,13.00001,27.3,1,2,100,100,27,25,7.603435,0
2,2,1,1,0.6084726,0.008527515,7.20752,3.40759,15,3,27,18.79997,13.00001,27.3,1,2,100,100,27,25,7.703421,0
2,2,1,1,0.6084726,0.008527515,7.20752,3.40759,15,3,27,18.29997,13.00001,27.3,1,2,100,100,27,25,7.803536,0
2,2,0,1,0.6084726,0.008527515,0,3.40759,15,3,27,17.79996,13.00001,27.3,0,2,100,100,27,25,7.901443,0
2,2,0,1,0.6084726,0.008527515,0,3.40759,15,3,27,17.29996,13.00001,27.3,0,2,100,100,27,25,8.003522,0
2,2,0,1,0.6084726,0.008527515,0,3.40759,15,3,27,17.29996,13.00001,26.8,0,2,100,100,27,25,8.102411,0
2,2,0,1,0.6084726,0.008527515,0,3.40759,15,3,27,17.29996,13.00001,26.7,0,2,100,100,27,25,8.201747,0
2,2,0,1,0.6084726,0.008527515,0,3.40759,15,3,27,17.29996,13.00001,26.7,0,2,100,100,27,25,8.302296,0
2,2,1,1,0.6084726,0.008527515,7.20752,3.40759,15,3,100,100,13.00001,26.7,1,2,100,100,27,25,8.403381,0
2,2,1,1,0.6084726,0.008527515,7.20752,3.40759,15,3,100,100,13.00001,26.7,1,2,100,100,27,25,8.503024,0
2,2,1,1,0.6084726,0.008527515,7.20752,3.40759,15,3,100,100,13.00001,26.3,1,2,100,100,27,25,8.602571,0
2,2,1,1,0.6084726,0.008527515,7.20752,3.40759,15,3,100,100,13.00001,25.8,1,2,100,100,27,25,8.701552,0
2,2,1,1,0.6084726,0.008527515,7.20752,3.40759,15,3,100,100,13.00001,25.7,1,2,100,100,27,25,8.800921,0
2,2,1,1,0.6084726,0.008527515,7.20752,3.40759,15,3,100,100,13.00001,25.7,1,2,100,100,27,25,8.903952,0
2,2,1,1,0.6084726,0.008527515,7.20752,3.40759,15,3,100,100,13.00001,25.7,1,2,100,100,27,25,9.001039,0
2,2,1,1,0.6084726,0.008527515,7.20752,3.40759,15,3,100,100,13.00001,25.29999,1,2,100,100,27,25,9.102985,0
2,2,1,1,0.6084726,0.008527515,7.707522,2.907588,15,3,100,100,13.00001,24.79999,1,2,100,100,27,25,9.203344,4
1,1,1,1,10.60753,14.00758,8.107524,2.507586,15,3,100,100,13.00001,24.69999,1,2,100,100,27,25,9.302893,0
1,1,1,1,10.20753,14.40758,8.107524,2.507586,15,3,100,100,13.00001,24.69999,1,2,100,100,27,25,9.403685,1
1,1,2,2,9.707524,14.90759,0.1084688,0.5085314,15,3,100,100,13.00001,24.69999,1,2,100,100,27,25,9.500507,1
1,1,2,2,9.207522,15.40759,0.1084688,0.5085314,15,3,100,100,13.00001,24.69999,1,2,100,100,27,25,9.600541,1
1,1,2,2,8.70752,15.90759,0.1084688,0.5085314,15,3,100,100,13.00001,24.69999,1,2,100,100,27,25,9.702121,1
1,1,2,2,8.207519,16.40759,0.1084688,0.5085314,15,3,100,100,13.00001,24.69999,1,2,100,100,27,25,9.802016,1
1,1,2,2,7.707517,16.90759,0.1084687,0.5085314,15,3,100,100,13.00001,24.69999,1,2,100,100,27,25,9.900822,1
1,1,2,2,7.207514,17.4076,0.1084688,0.5085314,15,3,100,100,13.00001,24.69999,1,2,100,100,27,25,10.00279,1
1,1,2,2,6.707513,17.9076,0.1084688,0.5085314,15,3,100,100,13.50002,24.69999,1,2,100,100,27,25,10.10801,1
1,1,2,2,6.20751,18.4076,0.1084688,0.5085314,15,3,100,100,14.00002,24.69999,1,2,100,100,27,25,10.20116,1
1,1,2,2,5.707509,18.9076,0.1084688,0.5085314,15,3,100,100,14.50002,24.69999,1,2,100,100,27,25,10.30127,1
1,1,2,2,5.207507,19.4076,0.1084688,0.5085314,15,3,100,100,15.00002,24.69999,1,2,100,100,27,25,10.4018,1
1,1,2,2,4.707505,19.9076,0.1084688,0.5085314,15,3,100,100,15.30002,24.69999,1,2,100,100,27,25,10.5034,1
1,0,2,2,4.207503,0,0.1084688,0.5085314,15,3,100,100,15.70002,24.69999,1,2,100,100,27,25,10.60359,1
1,0,2,2,3.707501,0,0.1084688,0.5085314,15,3,100,100,16.20003,24.69999,1,2,100,100,27,25,10.70095,1
1,0,2,2,3.2075,0,0.1084688,0.5085314,15,3,100,100,16.30003,24.69999,1,2,100,100,27,25,10.80095,1
1,0,2,2,2.707498,0,0.1084688,0.5085314,15,3,100,100,16.30003,24.69999,1,2,100,100,27,25,10.90376,1
1,0,2,2,2.307496,0,0.1084688,0.5085314,15,3,100,100,16.30003,24.69999,1,2,100,100,27,25,11.00302,0
1,0,2,2,2.307496,0,0.1084688,0.5085314,15,3,100,100,16.30003,24.69999,1,2,100,100,27,25,11.10345,0
1,0,2,2,2.307496,0,0.1084688,0.5085314,15,3,100,100,16.30003,24.69999,1,2,100,100,27,25,11.20165,0
1,0,2,2,2.307496,0,0.1084688,0.5085314,15,3,100,100,16.30003,24.69999,1,2,100,100,27,25,11.30029,0
1,0,2,2,2.107495,0,0.1084688,0.5085314,15,3,100,100,16.30003,24.69999,1,2,100,100,27,25,11.40271,1
1,0,2,2,1.607493,0,0.1084688,0.5085314,15,3,100,100,16.30003,24.69999,1,2,100,100,27,25,11.50037,1
1,0,2,2,1.107491,0,0.1084688,0.5085314,15,3,100,100,16.30003,24.69999,1,2,100,100,27,25,11.60293,1
1,0,1,1,0.6074894,0,8.107524,16.50759,15,3,100,100,16.30003,24.69999,1,2,100,100,27,25,11.70154,1
1,0,1,1,0.6074895,0,8.507525,16.10759,15,3,100,100,16.30003,24.69999,1,2,100,100,27,25,11.80125,4
1,2,1,1,0.6074894,0.008565661,9.007527,15.60758,15,3,100,100,16.30003,24.69999,1,2,100,100,27,25,11.90006,4
1,2,1,1,0.6074894,0.008565661,9.507529,15.10758,15,3,100,100,16.30003,24.69999,1,2,100,100,27,25,12.00056,4
1,6,1,1,0.6074894,0.6578245,10.00753,14.60758,15,3,100,100,16.30003,24.69999,1,2,100,100,27,25,12.10075,4
1,6,1,1,0.6074894,0.6578245,10.50753,14.10758,15,3,100,100,16.30003,24.69999,1,2,100,100,27,25,12.20083,4
1,6,1,1,0.6074894,0.6578245,10.90754,13.70758,15,3,100,100,16.30003,24.69999,1,2,100,100,27,25,12.30438,0
1,6,1,1,0.6074894,0.6578245,10.90754,13.70758,15,3,100,100,16.30003,24.69999,1,2,100,100,27,25,12.40052,2
1,6,2,2,1.007491,0.2578229,2.908479,5.70852,15,3,100,100,16.30003,24.69999,1,2,100,100,27,25,12.50471,0
1,6,2,2,1.007491,0.6578245,2.908479,5.70852,15,3,100,100,16.30003,24.29999,1,2,100,100,27,25,12.60141,0
1,6,2,2,1.007491,1.157827,2.908479,5.70852,15,3,100,100,16.30003,23.79999,1,2,100,100,27,25,12.7034,0
1,6,2,2,1.007491,1.257827,2.908479,5.70852,15,3,100,100,16.30003,23.69999,1,2,100,100,27,25,12.80174,0
1,6,2,2,1.007491,1.257827,2.908479,5.70852,15,3,100,100,16.30003,23.69999,1,2,100,100,27,25,12.90139,0
1,2,2,2,1.007491,1.608564,2.908479,5.70852,15,3,100,100,100,100,1,2,100,100,27,25,13.00616,0
1,2,2,2,1.007491,1.608564,2.908479,5.70852,15,3,100,100,100,100,1,2,100,100,27,25,13.10026,0
1,0,2,2,1.007491,0,2.908479,5.70852,15,3,100,100,100,100,0,2,100,100,27,25,13.20381,0
1,0,2,2,1.007491,0,2.908479,5.70852,15,3,100,100,100,100,0,2,100,100,27,25,13.30344,0
1,2,2,2,1.007491,1.608564,2.908479,5.70852,15,3,100,100,100,100,1,2,100,100,27,25,13.40453,0
1,2,2,2,1.007491,1.608564,2.908479,5.70852,15,3,100,100,100,100,1,2,100,100,27,25,13.5048,0
1,2,2,2,1.007491,1.608564,2.908479,5.70852,15,3,100,100,100,100,1,2,100,100,27,25,13.6038,0
1,2,2,2,1.007491,1.608564,2.908479,5.70852,15,3,100,100,100,100,1,2,100,100,27,25,13.7014,0
1,2,2,2,1.007491,1.608564,2.908479,5.70852,15,3,100,100,100,100,1,2,100,100,27,25,13.80105,0
1,2,2,2,1.007491,1.608564,2.508478,6.108522,15,3,100,100,100,100,1,2,100,100,27,25,13.90038,3
1,2,2,2,1.007491,1.608564,2.008476,6.608524,15,3,100,100,100,100,1,2,100,100,27,25,14.00184,3
1,2,2,2,1.007491,1.608564,1.508474,7.108526,15,3,100,100,100,100,1,2,100,100,27,25,14.10206,3
1,2,2,2,0.9074906,1.708564,1.408474,7.208527,15,3,100,100,100,100,1,2,100,100,27,25,14.20156,1
1,2,1,1,0.4074887,2.208566,9.407529,15.20758,15,3,100,100,100,100,1,2,100,100,27,25,14.30015,1
1,2,1,1,0.2074879,2.408567,9.107528,15.50758,15,3,100,100,100,100,1,2,100,100,27,25,14.40118,3
1,2,1,1,0.007487177,2.608568,9.107528,15.50758,15,3,100,100,100,100,1,2,100,100,27,25,14.50282,1
1,2,1,1,0.007487177,2.608568,8.907527,15.70758,15,3,100,100,100,100,1,2,100,100,27,25,14.60338,3
1,0,1,1,0.007487177,0,8.407525,16.20758,15,3,100,100,100,100,1,2,100,100,27,25,14.7005,3
1,2,1,1,0.007487177,0.608568,7.907523,16.70759,15,3,100,100,100,100,1,2,100,100,27,25,14.8042,3
1,2,1,1,0.007487177,0.608568,7.407521,17.20759,15,3,100,100,100,100,1,2,100,100,27,25,14.90205,3
1,2,1,1,0.007487177,0.608568,6.907519,17.70759,15,3,100,100,100,100,1,2,100,100,27,25,15.00457,3
1,2,1,1,0.007487177,0.608568,6.407517,18.20759,15,3,100,100,100,100,1,2,100,100,27,25,15.10136,3
1,2,1,1,0.007487177,0.608568,5.907515,18.7076,15,3,100,100,100,100,1,2,100,100,27,25,15.20208,3
1,2,1,1,0.007487177,0.608568,5.407514,19.2076,15,3,100,100,100,100,1,2,100,100,27,25,15.30197,3
1,2,1,1,0.007487177,0.608568,4.907512,19.7076,15,3,100,100,100,100,1,2,100,100,27,25,15.40003,3
1,2,1,0,0.007487177,10.60857,4.407509,0,15,3,100,100,100,100,1,2,100,100,27,25,15.50092,3
1,2,1,0,0.007487177,0.608568,3.907508,0,15,3,100,100,100,100,1,2,100,100,27,25,15.60516,3
1,2,1,0,0.007487177,0.608568,3.407506,0,15,3,100,100,100,100,1,2,100,100,27,25,15.7025,3
1,2,1,0,0.007487177,0.608568,2.907504,0,15,3,100,100,100,100,1,2,100,100,27,25,15.80281,3
1,2,1,0,0.007487177,0.608568,2.407502,0,15,3,100,100,100,100,1,2,100,100,27,25,15.90092,3
1,2,1,0,0.007487177,0.608568,1.9075,0,15,3,100,100,100,100,1,2,100,100,27,25,16.00063,3
1,2,1,0,0.007487177,0.608568,1.407498,0,15,3,100,100,100,100,1,2,100,100,27,25,16.10393,3
1,2,1,0,0.007487177,0.608568,0.9074963,0,15,3,100,100,100,100,1,2,100,100,27,25,16.20124,3
1,1,1,0,0.007487177,11.60857,0.5074948,0,15,3,100,100,100,100,1,2,100,100,27,25,16.30031,3
1,1,1,0,0.4074887,11.20857,0.5074948,0,15,3,100,100,100,100,1,2,100,100,27,25,16.40313,2
1,1,1,2,0.9074906,10.70856,0.5074948,0.1085603,15,3,100,100,100,100,1,2,100,100,27,25,16.50293,2
0,1,2,1,0,0.3075551,0.3085001,8.307555,15,3,27,27,3,27,1,2,19,23,15,27,0.1082986,0
0,1,2,1,0,0.3075551,0.3085001,8.307555,15,3,27,27,3,27,1,2,19,23,15,27,0.2013894,0
0,1,2,1,0,0.3075551,0.3085001,8.307555,15,3,27,27,3,27,1,2,19,23,15,27,0.3041185,0
0,1,2,1,0,0.3075551,0.3085001,8.307555,15,3,27,27,3,27,1,2,19,23,15,27,0.4001196,0
0,1,2,1,0,0.3075551,0.3085001,8.307555,15,3,27,27,3,27,1,2,19,23,15,27,0.5021712,0
0,1,2,1,0,0.3075551,0.3085001,8.307555,15,3,27,27,3,27,1,2,19,23,15,27,0.6023599,0
0,1,2,1,0,0.3075551,0.3085001,8.307555,15,3,27,27,3,27,1,2,19,23,15,27,0.7021118,0
0,1,2,1,0,0.3075551,0.3085001,8.307555,15,3,27,27,3,27,1,2,19,23,15,27,0.8005041,0
0,1,2,1,0,0.3075551,0.3085001,8.307555,15,3,27,27,3,27,1,2,19,23,15,27,0.9023358,0
0,1,2,1,0,0.3075551,0.3085001,8.307555,15,3,27,27,3,27,1,2,19,23,15,27,1.002059,0
0,1,2,1,0,0.3075551,0.3085001,8.307555,15,3,27,27,3,27,1,2,19,23,15,27,1.103795,0
0,1,2,1,0,0.3075551,0.3085001,8.307555,15,3,27,27,3,27,1,2,19,23,15,27,1.200902,0
0,1,2,1,0,0.3075551,0.3085001,8.307555,15,3,27,27,3,27,1,2,19,23,15,27,1.303369,0
0,1,2,1,0,0.3075551,0.3085001,8.307555,15,3,27,27,3,27,1,2,19,23,15,27,1.404213,0
0,1,2,1,0,0.3075551,0.3085001,8.307555,15,3,27,27,3,27,1,2,19,23,15,27,1.502958,0
0,1,2,1,0,0.3075551,0.3085001,8.307555,15,3,27,27,3,27,1,2,19,23,15,27,1.600052,1
0,1,2,2,0,0.8075545,0.3085001,0.3085001,15,3,27,27,3,27,1,2,19,23,15,27,1.701482,1
0,1,2,2,0,1.307554,0.3085001,0.3085001,15,3,27,27,3,27,1,2,19,23,15,27,1.800733,1
0,1,2,2,0,1.807554,0.3085001,0.3085001,15,3,27,27,3,27,1,2,19,23,15,27,1.900395,1
0,1,2,2,0,2.307553,0.3085001,0.3085001,15,3,27,27,3,27,1,2,19,23,15,27,2.002319,1
0,1,2,2,0,2.807553,0.3085001,0.3085001,15,3,27.3,27,3.5,27,1,2,19,23,15,27,2.100397,1
0,1,2,2,0,3.307552,0.3085001,0.3085001,15,3,27.3,27,3.999999,27,1,2,19,23,15,27,2.20183,1
0,1,2,2,0,3.407552,0.3085001,0.3085001,15,3,27.3,27,4.499999,27,1,2,19,23,15,27,2.301054,0
0,1,2,2,0,3.607552,0.3085001,0.3085001,15,3,27.3,27,4.999998,27,1,2,19,23,15,27,2.400176,1
0,1,2,2,0,4.107552,8.3085,0.3085001,15,3,27.3,27,5.499998,27,1,2,19,23,15,27,2.503647,1
0,1,2,2,0,4.607551,8.3085,0.3085001,15,3,27.3,27,5.999997,27,1,2,19,23,15,27,2.600136,1
1,1,2,1,19.50756,5.10755,0.3085001,0.3075551,15,3,27.3,27,6.499997,27,1,2,19,23,15,27,2.703393,1
1,1,2,1,19.00756,5.607551,0.3085001,0.3075551,15,3,27.3,27,6.999996,27,1,2,19,23,15,27,2.803112,1
1,1,2,1,18.50756,6.107553,0.3085001,0.3075551,15,3,27.3,27,7.499996,27,1,2,19,23,15,27,2.902663,1
5,1,2,1,16.51215,6.607555,0.3085001,0.3075551,15,3,27.3,27,7.999995,27,1,2,19,23,15,27,3.001659,1
5,1,2,1,16.01214,7.107557,0.3085001,0.3075551,15,3,27.3,27,8.499997,27,1,2,19,23,15,27,3.103665,1
5,1,2,1,15.51214,7.607559,0.3085001,0.3075551,15,3,27.3,27,8.999999,27,1,2,19,23,15,27,3.202974,1
1,1,2,2,16.50755,8.107561,0.3085001,0.3085001,15,3,27.3,27,9.500001,27,1,2,19,23,15,27,3.304246,1
6,1,2,2,14.35774,8.607563,0.3085001,0.3085001,15,3,27.3,27,10,27,1,2,19,23,15,27,3.402427,1
6,1,2,2,13.85774,9.107565,0.3085001,0.3085001,15,3,27.3,27,10.5,27,1,2,19,23,15,27,3.501938,1
6,1,2,2,13.35774,9.607568,0.3085001,0.3085001,15,3,27.3,27,11.00001,27,1,2,19,23,15,27,3.60384,1
6,1,2,2,13.05774,9.907568,0.4085005,0.2084997,15,3,27.3,27,11.50001,27,1,2,19,23,15,27,3.704136,4
6,1,2,2,13.05774,9.907568,0.6085013,0.008498904,15,3,27.3,27,12.00001,27,1,2,19,23,15,27,3.802585,4
1,1,2,2,14.70754,9.907568,0.6085013,0.008498904,15,3,27.3,27,12.50001,27,1,2,19,23,15,27,3.9009,4
1,1,2,2,14.70754,9.907568,0.6085013,0.008498904,15,3,27.3,27,13.00001,27,1,2,19,23,15,27,4.00418,4
1,1,2,2,14.70754,9.907568,0.6085013,0.008498904,15,3,27.3,27.3,12.50001,27,1,2,19,23,15,27,4.100257,4
6,1,2,2,13.05774,9.907568,0.6085013,0.008498904,15,3,27.3,27.3,12.00001,27,1,2,19,23,15,27,4.202221,4
6,1,2,2,13.05774,9.907568,0.6085013,0.008498904,15,3,27.3,27.3,11.50001,27,1,2,19,23,15,27,4.300802,4
6,1,2,2,13.05774,9.907568,0.6085013,0.008498904,15,3,27.3,27.3,11.00001,27,1,2,19,23,15,27,4.400371,1
6,1,2,1,12.55774,10.40757,0.6085013,8.007554,15,3,27.3,27.3,10.5,27,1,2,19,23,15,27,4.504063,1
6,1,2,1,12.35774,10.60757,0.6085013,8.007554,15,3,27.3,27.3,10,27,1,2,19,23,15,27,4.600139,0
2,2,2,1,0.008484599,0.6085156,0.9085024,7.707552,15,3,27.3,27.3,9.500001,27,1,2,19,23,15,27,4.703146,4
2,2,2,1,0.008484599,0.6085156,1.408504,7.207551,15,3,27.3,27.3,8.999999,27,1,2,19,23,15,27,4.80077,4
2,2,2,1,0.008484599,0.6085156,1.908506,6.707549,15,3,27.3,27.3,8.499997,27,1,2,19,23,15,27,4.902994,4
2,2,2,1,0.008484599,0.6085156,2.408508,6.207547,15,3,27.3,27.3,7.999996,27,1,2,19,23,15,27,5.001769,4
2,2,2,1,0.008484599,0.6085156,2.90851,5.707545,15,3,27.3,27.3,7.499996,27,1,2,19,23,15,27,5.101025,4
2,2,2,1,0.008484599,0.6085156,3.408511,5.207544,15,3,27.3,27.3,6.999997,27,1,2,19,23,15,27,5.203783,4
2,2,2,1,0.008484599,0.6085156,3.90851,4.707544,15,3,27.3,27.3,6.499997,27,1,2,19,23,15,27,5.300084,4
2,1,2,1,0.008484599,10.60757,4.40851,4.207545,15,3,27.3,27.3,5.999998,27,1,2,19,23,15,27,5.402894,4
2,2,2,1,0.008484599,0.6085156,4.908509,3.707546,15,3,27.3,27.3,5.499998,27,1,2,19,23,15,27,5.503822,4
2,2,2,1,0.008484599,0.6085156,5.408509,3.207546,15,3,27.3,27.3,4.999999,27,1,2,19,23,15,27,5.604253,4
2,2,2,1,0.008484599,0.6085156,5.908508,2.707547,15,3,27.3,27.3,4.499999,27,1,2,19,23,15,27,5.702894,4
2,2,2,1,4.008484,0.6085156,6.408508,2.207547,15,3,27.3,27.3,4,27,1,2,19,23,15,27,5.800056,4
2,2,2,1,4.008484,0.6085156,6.408508,2.207547,15,3,27.3,27.3,3.5,27,1,2,19,23,15,27,5.900127,0
2,2,2,1,3.708483,0.9085167,0.4085081,0.208492,15,3,27.3,27.3,3,27,1,2,19,23,15,27,6.00012,1
2,2,2,1,3.208482,1.408519,0.4085081,0.208492,15,3,27.3,27.3,3,26.5,1,2,19,23,15,27,6.100607,1
2,2,2,1,2.708479,1.908521,0.4085081,0.208492,15,3,27.3,27.3,3,26,1,2,19,23,15,27,6.202901,1
2,2,2,2,2.208478,2.408522,0.4085081,0.208492,15,3,27.3,27.3,3,25.49999,1,2,19,23,15,27,6.30132,1
2,2,2,2,1.708476,2.908524,0.4085081,0.208492,15,3,27.3,27.3,3,24.99999,1,2,19,23,15,27,6.401678,1
2,2,2,2,1.208475,3.408525,0.4085081,0.208492,15,3,27.3,27.3,3,24.49999,1,2,19,23,15,27,6.502392,1
2,2,2,2,0.708473,3.908527,0.4085081,0.208492,15,3,27.3,27.3,3,23.99999,1,2,19,23,15,27,6.602805,1
2,2,1,1,0.2084711,4.408528,8.407563,2.207547,15,3,27.3,27.3,3,23.49999,1,2,19,23,15,27,6.70417,1
2,2,1,1,0.008470294,4.60853,8.407563,2.207547,15,3,27.3,27.3,3,22.99998,1,2,19,23,15,27,6.803479,0
2,2,1,1,0.008470294,4.60853,8.407563,2.207547,15,3,27.3,27.3,3,22.49998,1,2,19,23,15,27,6.903553,0
2,2,1,1,0.008470294,4.60853,8.407563,2.207547,15,3,27.3,27.3,3,21.99998,1,2,19,23,15,27,7.002948,0
2,2,1,1,0.008470294,4.608529,8.007564,2.607547,15,3,27.3,27.3,3,21.49998,1,2,19,23,15,27,7.100059,3
2,2,1,5,0.008470294,0.6085299,7.507563,1.612152,15,3,27.3,27.3,3,20.99998,1,2,19,23,15,27,7.203652,3
2,2,1,5,0.008470294,0.6085299,7.007564,2.112152,15,3,27.3,27.3,3,20.49998,1,2,19,23,15,27,7.303601,0
2,2,1,1,0.008470294,0.6085299,7.007564,3.607546,15,3,27.3,27.3,3,19.99997,1,2,19,23,15,27,7.400226,1
2,2,1,1,0.008470294,0.6085299,7.007564,3.607546,15,3,27.3,27.3,3,19.49997,1,2,19,23,15,27,7.502672,1
2,2,1,5,0.008470294,0.6085299,7.007564,2.10849,15,3,27.3,27.3,3,18.99997,1,2,19,23,15,27,7.600561,1
2,2,1,6,0.008470294,0.6085299,7.007564,1.95774,15,3,27.3,27.3,3,18.49997,1,2,19,23,15,27,7.703893,1
2,2,1,6,0.008470294,0.6085299,7.007564,1.95774,15,3,27.3,27.3,3,17.99997,1,2,19,23,15,27,7.800565,0
1,2,1,6,10.00753,0.6085298,6.507565,2.45774,15,3,27.3,27.3,3,17.49996,1,2,19,23,15,27,7.901952,3
1,2,2,2,9.807525,0.8085306,0.3085101,0.30849,15,3,27.3,27.3,3,16.99996,1,2,19,23,15,27,8.00345,1
1,2,2,2,9.307523,1.308532,0.3085101,0.30849,15,3,27.3,27.3,3,16.49996,1,2,19,23,15,27,8.101103,1
1,2,2,2,8.807521,1.808534,0.3085101,0.30849,15,3,27.3,27.3,3,15.99996,1,2,19,23,15,27,8.201031,1
1,2,2,2,8.307519,2.308536,0.3085101,0.30849,15,3,27.3,27.3,3,15.69996,1,2,19,23,15,27,8.304345,1
1,2,2,2,7.807518,2.808538,0.3085101,0.30849,15,3,27.3,27.3,3,15.69996,1,2,19,23,15,27,8.403457,1
1,2,2,2,7.707517,2.908539,0.3085101,0.30849,15,3,27.3,27.3,3,15.69996,1,2,19,23,15,27,8.502996,0
1,2,2,2,7.707517,2.908539,0.3085101,0.30849,15,3,27.3,27.3,3,15.69996,1,2,19,23,15,27,8.601508,0
1,2,2,2,7.707517,2.908539,0.3085101,0.30849,15,3,27.3,27.3,3,15.69996,1,2,19,23,15,27,8.70023,0
1,2,2,2,7.707517,2.908539,0.3085101,0.30849,15,3,27.3,27.3,3,15.69996,1,2,19,23,15,27,8.80209,0
1,2,2,2,7.707517,2.908539,0.3085101,0.30849,15,3,27.3,27.3,3,15.69996,1,2,19,23,15,27,8.90367,0
1,2,2,2,7.707517,2.908539,0.3085101,0.30849,15,3,27.3,27.3,3,15.69996,1,2,19,23,15,27,9.002164,0
1,2,2,2,8.107518,2.508537,0.3085101,0.30849,15,3,27.3,27.3,3,15.69996,1,2,19,23,15,27,9.100897,2
1,2,2,2,8.60752,2.008535,0.3085101,0.30849,15,3,27.3,27.3,3,15.69996,1,2,19,23,15,27,9.204121,2
1,2,2,2,9.107522,1.508533,0.3085101,0.30849,15,3,27.3,27.3,3,15.69996,1,2,19,23,15,27,9.301001,2
1,2,2,2,9.607524,1.008531,0.3085101,0.30849,15,3,27.3,27.3,3,15.69996,1,2,19,23,15,27,9.402565,2
1,2,1,1,10.10752,0.5085295,6.307565,4.307544,15,3,27.3,27.3,3,15.69996,1,2,19,23,15,27,9.502297,2
1,2,1,6,10.60753,0.008527515,6.307565,2.65774,15,3,27.3,27.3,3,15.69996,1,2,19,23,15,27,9.603766,2
1,2,1,6,10.60753,0.008527515,6.307565,2.65774,15,3,27.3,27.3,3,15.69996,1,2,19,23,15,27,9.703565,0
1,2,1,6,10.60753,0.008527515,6.607564,2.35774,15,3,27.3,27.3,3,15.69996,1,2,19,23,15,27,9.802603,4
2,2,1,6,0.6084726,0.008527515,6.707564,2.25774,15,3,27.3,27.3,3,15.69996,1,2,19,23,15,27,9.903708,0
2,2,1,0,0.6084726,0.008527515,6.707564,0,15,3,27.3,27.3,3,15.69996,0,2,19,23,15,27,10.00113,0
2,2,1,0,0.6084726,0.008527515,6.707564,0,15,3,27.3,27.3,3,15.69996,0,2,19,23,15,27,10.10101,0
2,2,1,6,0.6084726,0.008527515,6.707564,2.25774,15,3,27.3,27.3,3,15.69996,1,2,19,23,15,27,10.20279,0
2,2,1,6,0.6084726,0.008527515,6.707564,2.25774,15,3,27.3,27.3,3,15.69996,1,2,19,23,15,27,10.30435,0
2,2,1,6,0.6084726,0.008527515,6.707564,2.25774,15,3,27.3,27.3,3,15.69996,1,2,19,23,15,27,10.40262,0
2,2,1,0,0.6084726,0.008527515,6.707564,0,15,3,27.3,27.3,3,15.69996,0,2,19,23,15,27,10.50023,0
2,2,1,1,0.6084726,0.008527515,6.707564,3.907545,15,3,27.3,27.3,100,100,1,2,19,23,15,27,10.60127,0
2,2,1,1,0.6084726,0.008527515,6.707564,3.907545,15,3,27.3,27.3,100,100,1,2,19,23,15,27,10.70181,0
2,2,1,1,0.6084726,0.008527515,6.707564,3.907545,15,3,27.3,27.3,100,100,1,2,19,23,15,27,10.80221,0
2,2,1,1,0.6084726,0.008527515,6.707564,3.907545,15,3,27.3,27.3,100,100,1,2,19,23,15,27,10.90181,0
2,2,1,1,0.4084719,0.2085283,6.707564,3.907545,15,3,27.3,27.3,100,100,1,2,19,23,15,27,11.00113,1
2,2,1,1,0.008470294,0.6085299,6.707564,3.907545,15,3,27.3,27.3,100,100,1,2,19,23,15,27,11.10258,1
2,2,1,1,0.008470294,0.6085299,6.707564,3.907545,15,3,27.3,27.3,100,100,1,2,19,23,15,27,11.20157,1
2,2,1,1,0.008470294,0.6085299,6.707564,3.907545,15,3,27.3,27.3,100,100,1,2,19,23,15,27,11.30216,1
2,2,1,1,0.008470294,0.6085299,6.707564,3.907545,15,3,27.3,27.3,100,100,1,2,19,23,15,27,11.40183,1
2,2,1,1,0.008470294,0.6085299,6.707564,3.907545,15,3,27.3,27.3,100,100,1,2,19,23,15,27,11.50341,0
1,2,1,1,10.00753,0.6085299,6.307564,4.307545,15,3,27.3,27.3,100,100,1,2,19,23,15,27,11.60337,3
1,2,2,2,9.907525,0.7085302,0.2085102,0.40849,15,3,27.3,27.3,100,100,1,2,19,23,15,27,11.7045,1
1,2,2,2,9.407523,1.208532,0.2085102,0.40849,15,3,27.3,27.3,100,100,1,2,19,23,15,27,11.8029,1
1,2,2,2,8.907521,1.708534,0.2085101,0.40849,15,3,27.3,27.3,100,100,1,2,19,23,15,27,11.90097,1
1,2,2,2,8.407518,2.208536,0.2085102,0.40849,15,3,27.3,27.3,100,100,1,2,19,23,15,27,12.00318,1
1,2,2,2,7.907518,2.708538,0.2085102,0.40849,15,3,27.3,27.3,100,100,1,2,19,23,15,27,12.10092,1
1,2,2,2,7.407516,3.20854,0.2085102,0.40849,15,3,27.3,27.3,100,100,1,2,19,23,15,27,12.20059,1
1,2,2,2,6.907513,3.708542,0.2085102,0.40849,15,3,27.3,27.3,100,100,1,2,19,23,15,27,12.30112,1
1,2,2,2,6.407511,4.208543,0.2085102,0.40849,15,3,27.3,27.3,100,100,1,2,19,23,15,27,12.40213,1
1,2,2,2,5.90751,4.708545,0.2085101,0.40849,15,3,27.3,27.3,100,100,1,2,19,23,15,27,12.50314,1
1,2,2,2,5.407508,5.208547,0.2085102,0.40849,15,3,27.3,27.3,100,100,1,2,19,23,15,27,12.60301,1
1,2,2,2,4.907506,5.708549,0.2085101,0.40849,15,3,27.3,27.3,100,100,1,2,19,23,15,27,12.70402,1
1,2,2,2,4.407504,6.208551,0.2085102,0.40849,15,3,27.3,27.3,100,100,1,2,19,23,15,27,12.80087,1
1,2,2,2,3.907502,6.708553,0.2085101,0.40849,15,3,27.3,27.3,100,100,1,2,19,23,15,27,12.90147,1
1,2,2,2,3.4075,7.208555,0.2085102,0.40849,15,3,27.3,27.3,100,100,1,2,19,23,15,27,13.00088,1
1,2,2,2,2.907498,7.708557,0.2085102,0.40849,15,3,27.3,27.3,100,100,1,2,19,23,15,27,13.10532,1
1,2,2,2,2.407496,8.208559,0.2085102,0.40849,15,3,27.3,27.3,100,100,1,2,19,23,15,27,13.20235,1
1,2,2,2,1.907494,8.708561,0.2085102,0.40849,15,3,27.3,27.3,100,100,1,2,19,23,15,27,13.30296,1
1,2,2,2,1.407493,9.208563,0.2085102,0.40849,15,3,27.3,27.3,100,100,1,2,19,23,15,27,13.40206,1
1,2,2,2,0.9074907,9.708565,0.2085102,0.40849,15,3,27.3,27.3,100,100,1,2,19,23,15,27,13.5003,1
1,2,6,1,0.5074891,10.10857,18.85776,4.407544,15,3,27.3,27.3,100,100,1,2,19,23,15,27,13.60232,0
1,2,6,1,0.5074891,10.10857,18.75776,4.507545,15,3,27.3,27.3,100,100,1,2,19,23,15,27,13.70389,3
1,2,6,1,0.5074891,0.108566,18.25776,5.007545,15,3,27.3,27.3,100,100,1,2,19,23,15,27,13.804,3
1,2,6,1,0.5074891,0.108566,18.15776,5.107544,15,3,27.3,27.3,100,100,1,2,19,23,15,27,13.90388,0
1,2,0,1,0.5074891,0.108566,0,5.107544,15,3,27.3,27.3,100,100,0,2,19,23,15,27,14.00165,0
1,2,0,1,0.5074891,0.108566,0,5.107544,15,3,27.3,27.3,100,100,0,2,19,23,15,27,14.1044,0
1,2,0,1,0.5074891,0.108566,0,5.107544,15,3,27.3,27.3,100,100,0,2,19,23,15,27,14.20083,0
1,2,0,1,0.5074891,0.108566,0,5.107544,15,3,27.3,27.3,100,100,0,2,19,23,15,27,14.30083,3
1,2,0,1,0.5074891,0.108566,0,5.607544,15,3,27.3,27.3,100,100,0,2,19,23,15,27,14.40025,3
1,2,0,1,0.5074891,0.108566,0,6.107547,15,3,27.3,27.3,100,100,0,2,19,23,15,27,14.5038,3
1,2,0,1,0.5074891,0.108566,0,6.607548,15,3,27.3,27.3,100,100,0,2,19,23,15,27,14.60015,3
1,2,0,1,0.5074891,0.108566,0,7.107551,15,3,27.3,27.3,100,100,0,2,19,23,15,27,14.70229,3
1,2,0,1,0.5074891,0.108566,0,7.607552,15,3,27.3,27.3,100,100,0,2,19,23,15,27,14.80075,3
1,0,0,1,0.5074891,0,0,8.107553,15,3,27.3,27.3,100,100,0,2,19,23,15,27,14.90199,3
1,0,0,1,0.5074891,0,0,8.607555,15,3,27.3,27.3,100,100,0,2,19,23,15,27,15.00525,3
1,2,0,1,0.5074891,0.108566,0,9.107558,15,3,27.3,27.3,100,100,0,2,19,23,15,27,15.10027,3
1,2,0,1,0.5074891,0.108566,0,9.60756,15,3,27.3,27.3,100,100,0,2,19,23,15,27,15.20294,3
1,2,0,1,0.5074891,0.108566,0,10.10756,15,3,27.3,27.3,100,100,0,2,19,23,15,27,15.30376,3
1,2,0,1,0.5074891,0.108566,0,10.60756,15,3,27.3,27.3,100,100,0,2,19,23,15,27,15.40188,3
1,2,0,1,0.5074891,0.108566,0,11.10757,15,3,27.3,27.3,100,100,0,2,19,23,15,27,15.50109,3
1,2,0,1,0.5074891,0.108566,0,11.60757,15,3,27.3,27.3,100,100,0,2,19,23,15,27,15.60466,3
1,1,0,1,0.5074891,4.107621,0,12.10757,15,3,27.3,27.3,100,100,0,2,19,23,15,27,15.7042,3
1,1,1,1,0.5074891,4.107621,12.00754,12.60757,15,3,100,100,100,100,1,2,19,23,15,27,15.80041,3
1,2,1,1,0.5074891,0.108566,11.50754,13.10757,15,3,100,100,100,100,1,2,19,23,15,27,15.90161,0
1,2,1,1,0.5074891,0.108566,11.50754,13.10757,15,3,100,100,100,100,1,2,19,23,15,27,16.00103,0
1,2,1,1,0.5074891,0.108566,11.50754,13.10757,15,3,100,100,100,100,1,2,19,23,15,27,16.10101,0
1,2,1,1,0.5074891,0.108566,11.50754,13.10757,15,3,100,100,100,100,1,2,19,23,15,27,16.20178,0
1,2,1,1,0.5074891,0.108566,11.50754,13.10757,15,3,100,100,100,100,1,2,19,23,15,27,16.30371,0
1,2,1,1,0.5074891,0.108566,11.50754,13.10757,15,3,100,100,100,100,1,2,19,23,15,27,16.40093,0
1,2,1,1,0.5074891,0.108566,11.60754,13.00757,15,3,100,100,100,100,1,2,19,23,15,27,16.50391,4
1,1,1,1,0.5074891,4.107621,12.10754,12.50757,15,3,100,100,100,100,1,2,19,23,15,27,16.60054,4
1,1,1,1,0.5074891,4.107621,12.60754,12.00757,15,3,100,100,100,100,1,2,19,23,15,27,16.70354,4
1,2,1,1,0.5074891,0.108566,13.10754,11.50757,15,3,100,100,100,100,1,2,19,23,15,27,16.80106,4
1,2,1,1,0.5074891,0.108566,13.60754,11.00757,15,3,100,100,100,100,1,2,19,23,15,27,16.90123,4
1,2,1,1,0.5074891,0.108566,14.10755,10.50756,15,3,100,100,100,100,1,2,19,23,15,27,17.00388,4
1,2,1,1,0.5074891,0.108566,14.60755,10.00756,15,3,100,100,100,100,1,2,19,23,15,27,17.10041,4
1,2,1,1,0.5074891,0.108566,15.10755,9.50756,15,3,100,100,100,100,1,2,19,23,15,27,17.20391,4
1,2,1,1,0.5074891,0.108566,15.00755,9.60756,15,3,100,100,100,100,1,2,19,23,15,27,17.30625,3
1,2,1,1,0.5074891,0.108566,14.50755,10.10756,15,3,100,100,100,100,1,2,19,23,15,27,17.40078,3
1,2,1,1,0.5074891,0.108566,14.00755,10.60756,15,3,100,100,100,100,1,2,19,23,15,27,17.50293,3
1,2,1,1,0.5074891,0.108566,13.50755,11.10757,15,3,100,100,100,100,1,2,19,23,15,27,17.60243,3
0,1,2,1,0,0.3075551,0.3085001,8.307555,15,3,27,27,3,27,1,2,13,27,7,25,0.111531,0
0,1,2,1,0,0.3075551,0.3085001,8.307555,15,3,27,27,3,27,1,2,13,27,7,25,0.2022772,0
0,1,2,1,0,0.3075551,0.3085001,8.307555,15,3,27,27,3,27,1,2,13,27,7,25,0.3008772,0
0,1,2,1,0,0.3075551,0.3085001,8.307555,15,3,27,27,3,27,1,2,13,27,7,25,0.4044653,0
0,1,2,1,0,0.3075551,0.3085001,8.307555,15,3,27,27,3,27,1,2,13,27,7,25,0.5008422,0
0,1,2,1,0,0.3075551,0.3085001,8.307555,15,3,27,27,3,27,1,2,13,27,7,25,0.6015594,0
0,1,2,1,0,0.3075551,0.3085001,8.307555,15,3,27,27,3,27,1,2,13,27,7,25,0.7036435,0
0,1,2,1,0,0.407555,0.3085001,8.307555,15,3,27,27,3,27,1,2,13,27,7,25,0.8019589,1
0,1,2,2,0,0.9075544,0.3085,0.3085001,15,3,27,27,3,27,1,2,13,27,7,25,0.902342,1
0,1,2,2,0,1.407554,0.3085001,0.3085001,15,3,27,27,3,27,1,2,13,27,7,25,1.000561,1
0,1,2,2,0,1.907554,0.3085001,0.3085001,15,3,27,27,3,27,1,2,13,27,7,25,1.10167,1
0,1,2,2,0,2.207553,0.3085001,0.3085001,15,3,27,27,3,27,1,2,13,27,7,25,1.202034,0
0,1,2,2,0,2.207553,0.6085013,0.008498904,15,3,27,27,3,27,1,2,13,27,7,25,1.300673,4
0,1,2,2,0,2.207553,0.6085013,0.008498904,15,3,27,27,3,27,1,2,13,27,7,25,1.402999,0
0,1,2,2,0,2.607553,0.6085013,0.008498904,15,3,27,27,3,27,1,2,13,27,7,25,1.503874,1
0,1,2,2,0,3.107553,0.6085013,0.008498904,15,3,27,27,3,27,1,2,13,27,7,25,1.603441,1
0,1,2,2,0,3.607552,0.6085013,0.008498904,15,3,27,27,3,27,1,2,13,27,7,25,1.703134,1
0,1,2,2,0,4.107551,8.608501,0.008498904,15,3,27,27,3,27,1,2,13,27,7,25,1.80409,1
0,1,2,2,0,4.607551,8.608501,0.008498904,15,3,27,27,3,27,1,2,13,27,7,25,1.901102,1
1,1,2,1,19.50756,5.10755,0.6085013,0.007553934,15,3,27,27,3,27,1,2,13,27,7,25,2.004953,1
1,1,2,1,19.00756,5.607551,0.6085013,0.007553934,15,3,27,27,3.5,27,1,2,13,27,7,25,2.100003,1
1,1,2,1,18.50756,6.107553,0.6085013,0.007553935,15,3,27,27,3.999999,27,1,2,13,27,7,25,2.20133,1
1,1,2,1,18.00756,6.607555,0.6085012,0.007553935,15,3,27,27,4.499999,27,1,2,13,27,7,25,2.301702,1
1,1,2,1,17.50755,7.107557,0.6085013,0.007553934,15,3,27,27,4.999998,27,1,2,13,27,7,25,2.402847,1
1,1,2,1,17.00755,7.607559,0.6085013,0.007553934,15,3,27,27,5.499998,27,1,2,13,27,7,25,2.501526,1
1,1,2,2,16.50755,8.107561,0.6085012,0.008498904,15,3,27,27,5.999997,27,1,2,13,27,7,25,2.600456,1
1,1,2,2,16.00755,8.607563,0.6085013,0.008498904,15,3,27,27,6.499997,27,1,2,13,27,7,25,2.702588,1
1,1,2,2,15.50755,9.107565,0.6085013,0.008498904,15,3,27,27,6.999996,27,1,2,13,27,7,25,2.801301,1
5,1,2,2,13.51227,9.607568,0.6085012,0.008498904,15,3,27,27,7.499996,27,1,2,13,27,7,25,2.903076,1
5,1,2,1,13.01227,10.10757,0.6085013,8.007553,15,3,27,27,7.999995,27,1,2,13,27,7,25,3.001409,1
5,1,2,1,12.51227,10.60757,0.6085013,8.007554,15,3,27,27,8.499997,27,1,2,13,27,7,25,3.102984,0
1,1,2,1,14.00754,10.60757,0.6085013,8.007554,15,3,27,27,8.999999,27,1,2,13,27,7,25,3.204567,0
6,1,2,1,12.35774,10.60757,0.6085013,8.007554,15,3,27,27,9.500001,27,1,2,13,27,7,25,3.302607,0
6,1,2,1,12.35774,10.60757,0.6085013,8.007554,15,3,27,27,10,27,1,2,13,27,7,25,3.400863,0
6,1,2,1,12.35774,10.60757,0.6085013,8.007554,15,3,27,27,10.5,27,1,2,13,27,7,25,3.504104,0
6,1,2,1,12.35774,10.60757,0.6085013,8.007554,15,3,27,27,11.00001,27,1,2,13,27,7,25,3.601651,0
6,1,2,1,12.35774,10.60757,0.6085013,8.007554,15,3,27,27,11.50001,27,1,2,13,27,7,25,3.702929,0
6,1,2,1,12.35774,10.60757,0.6085013,8.007554,15,3,27,27,12.00001,27,1,2,100,100,7,25,3.801873,0
1,1,2,1,14.00754,10.60757,0.6085013,8.007554,15,3,27,27,12.50001,27,1,2,100,100,7,25,3.901146,0
1,1,2,1,14.00754,10.60757,0.6085013,8.007554,15,3,27,27,13.00001,27,1,2,100,100,7,25,4.002719,3
6,1,2,1,12.35774,10.60757,0.1084993,8.507556,15,3,27.3,27,12.50001,27,1,2,100,100,7,25,4.10137,3
6,1,2,1,12.35774,10.60757,0.008498904,8.607555,15,3,27.3,27,12.00001,27,1,2,100,100,7,25,4.202629,0
6,1,2,1,12.35774,10.60757,1.008499,8.607555,15,3,27.3,27,11.50001,27,1,2,100,100,7,25,4.301077,0
6,1,2,1,12.35774,10.60757,1.008499,8.607555,15,3,27.3,27,11.00001,27,1,2,100,100,7,25,4.402302,0
6,1,2,1,12.35774,10.60757,1.008499,8.607555,15,3,27.3,27,10.5,27,1,2,100,100,7,25,4.503224,0
6,1,2,1,12.35774,10.60757,2.008499,8.607555,15,3,27.3,27,10,27,1,2,100,100,7,25,4.604058,0
1,1,2,1,14.00754,10.60757,2.008499,8.607555,15,3,27.3,27,9.500001,27,1,2,100,100,7,25,4.706111,0
1,1,0,1,14.00754,10.60757,0,8.607555,15,3,27.3,27,8.999999,27,0,2,100,100,7,25,4.803541,0
1,1,2,1,14.00754,10.60757,3.008499,8.607555,15,3,27.3,27,8.499997,27,1,2,100,100,7,25,4.903652,0
1,1,0,1,14.00754,10.60757,0,8.607555,15,3,27.3,27,7.999996,27,0,2,100,100,7,25,5.000082,0
1,1,0,1,14.00754,10.60757,0,8.607555,15,3,27.3,27,7.499996,27,0,2,100,100,7,25,5.101876,0
1,1,2,1,14.00754,10.60757,4.008499,8.607555,15,3,27.3,27,6.999997,27,1,2,100,100,7,25,5.203536,0
1,1,0,1,14.00754,10.60757,0,8.607555,15,3,27.3,27,6.499997,27,0,2,100,100,7,25,5.304765,0
1,1,0,1,14.00754,10.60757,0,8.607555,15,3,27.3,27,5.999998,27,0,2,100,100,7,25,5.402251,0
1,1,0,1,14.00754,10.60757,0,8.607555,15,3,27.3,27,5.499998,27,0,2,100,100,7,25,5.502366,0
1,1,2,1,14.00754,10.60757,5.008499,8.607555,15,3,27.3,27,4.999999,27,1,2,100,100,7,25,5.604029,0
1,1,2,1,14.00754,10.60757,5.008499,8.607555,15,3,27.3,27,4.499999,27,1,2,100,100,7,25,5.700039,0
1,1,0,1,14.00754,10.60757,0,8.607555,15,3,27.3,27,4,27,0,2,100,100,7,25,5.802306,0
1,1,0,1,14.00754,10.60757,0,8.607555,15,3,27.3,27,3.5,27,0,2,100,100,7,25,5.900307,0
1,1,0,1,14.00754,10.60757,0,8.607555,15,3,27.3,27,3,27,0,2,100,100,7,25,6.001168,0
1,1,0,1,14.00754,10.60757,0,8.607555,15,3,27.3,27,2.700001,27,0,2,100,100,7,25,6.10312,0
1,1,1,1,14.00754,10.60757,16.00755,8.607555,15,3,27.3,27,2.700001,27,1,2,100,100,7,25,6.203811,0
1,1,1,1,14.00754,10.60757,16.00755,8.607555,15,3,27.3,27,2.700001,27,1,2,100,100,7,25,6.306116,2
1,1,1,1,14.50754,10.10757,16.00755,8.607556,15,3,27.3,27,2.700001,27,1,2,100,100,7,25,6.401934,2
1,1,2,2,14.70754,9.907568,0.008498904,0.6085013,15,3,27.3,27,2.700001,27,1,2,100,100,7,25,6.501166,0
1,1,2,2,14.70754,9.907568,0.008498904,0.6085013,15,3,27.3,27,2.700001,27,1,2,100,100,7,25,6.601985,3
1,1,2,2,14.70754,9.907568,0.008498904,0.6085013,15,3,27.3,27,2.700001,27,1,2,100,100,7,25,6.705942,3
1,1,2,2,14.70754,9.907568,0.008498904,0.6085013,15,3,27.3,27,2.700001,27,1,2,100,100,7,25,6.80307,3
1,1,2,2,14.70754,9.907568,0.008498904,0.6085013,15,3,27.3,27,2.700001,27,1,2,100,100,7,25,6.900356,3
1,1,2,2,14.70754,9.907568,0.008498904,0.6085013,15,3,27.3,27,2.700001,27,1,2,100,100,7,25,7.004152,3
1,1,2,2,14.70754,9.907568,0.008498904,0.6085013,15,3,27.3,27,2.700001,27,1,2,100,100,7,25,7.100554,0
1,1,2,2,14.70754,9.907568,0.008498904,0.6085013,15,3,27.3,27,2.700001,27,1,2,100,100,7,25,7.200547,0
1,1,1,1,14.50754,10.10757,16.00755,8.607556,15,3,27.3,27,2.700001,27,1,2,100,100,7,25,7.304766,1
1,1,1,1,14.20754,10.40757,16.00755,8.607556,15,3,27.3,27,2.700001,27,1,2,100,100,7,25,7.403487,0
2,2,1,1,0.2084854,0.4085148,15.70755,8.907557,15,3,27.3,27,2.700001,27,1,2,100,100,7,25,7.502599,3
2,2,1,1,0.2084854,0.4085148,15.20755,9.407559,15,3,27.3,27,2.700001,27,1,2,100,100,7,25,7.603285,3
2,2,1,1,0.2084853,0.4085148,14.70755,9.907561,15,3,27.3,27,2.700001,27,1,2,100,100,7,25,7.702508,3
2,2,1,1,0.2084854,0.4085148,14.20755,10.40756,15,3,27.3,27,2.700001,27,1,2,100,100,7,25,7.801246,3
2,2,1,1,0.2084854,0.4085148,13.70755,10.90757,15,3,27.3,27,2.700001,27,1,2,100,100,7,25,7.901807,3
2,2,1,1,0.2084854,0.4085148,13.20754,11.40757,15,3,27.3,27,2.700001,27,1,2,100,100,7,25,8.003897,3
2,2,1,1,0.2084854,0.4085148,12.70754,11.90757,15,3,27.3,26.5,2.700001,27,1,2,100,100,7,25,8.105089,3
1,2,1,1,2.207541,6.408514,12.20754,12.40757,15,3,27.3,26,2.700001,27,1,2,100,100,7,25,8.200523,3
2,2,1,1,0.2084854,0.4085148,11.70754,12.90757,15,3,27.3,25.49999,2.700001,27,1,2,100,100,7,25,8.303816,3
2,2,1,1,0.2084854,0.4085148,11.20753,13.40757,15,3,27.3,24.99999,2.700001,27,1,2,100,100,7,25,8.40379,3
2,2,1,1,0.2084854,0.4085148,10.70753,13.90758,15,3,27.3,24.49999,2.700001,27,1,2,100,100,7,25,8.502023,3
2,2,1,1,0.2084854,0.4085148,10.20753,14.40758,15,3,27.3,23.99999,2.700001,27,1,2,100,100,7,25,8.601834,3
2,2,1,1,0.2084854,0.4085148,9.70753,14.90758,15,3,27.3,23.49999,2.700001,27,1,2,100,100,7,25,8.701999,3
2,2,1,1,0.2084854,0.4085148,9.207528,15.40758,15,3,27.3,22.99998,2.700001,27,1,2,100,100,7,25,8.800106,3
2,2,1,1,0.2084854,0.4085148,8.707526,15.90758,15,3,27.3,22.49998,2.700001,27,1,2,100,100,7,25,8.902797,3
1,1,1,1,14.20754,10.40757,8.207524,16.40759,15,3,27.3,21.99998,2.700001,27,1,2,100,100,7,25,9.000572,3
2,2,1,1,0.2084854,0.4085148,7.707522,16.90759,15,3,27.3,21.49998,2.700001,27,1,2,100,100,7,25,9.104486,3
2,2,1,1,0.2084854,0.4085148,7.20752,17.40759,15,3,27.3,20.99998,2.700001,27,1,2,100,100,7,25,9.20136,3
2,2,1,1,0.2084853,0.4085148,6.707519,17.90759,15,3,27.3,20.49998,2.700001,27,1,2,100,100,7,25,9.303047,3
2,2,1,1,0.2084854,0.4085148,6.207517,18.40759,15,3,27.3,19.99997,2.700001,27,1,2,100,100,7,25,9.403723,3
2,2,1,1,0.2084853,0.4085148,5.707515,18.9076,15,3,27.3,19.49997,2.700001,27,1,2,100,100,7,25,9.504467,3
2,2,1,1,0.2084854,0.4085148,5.207512,19.4076,15,3,27.3,18.99997,2.700001,27,1,2,100,100,7,25,9.600645,3
2,2,1,1,0.2084854,0.4085148,4.70751,19.9076,15,3,27.3,18.49997,2.700001,27,1,2,100,100,7,25,9.703175,3
2,1,1,0,0.2084854,10.40757,4.207509,0,15,3,27.3,17.99997,2.700001,27,1,2,100,100,7,25,9.804509,3
2,1,1,0,0.2084854,10.40757,4.107508,0,15,3,27.3,17.49996,2.700001,27,1,2,100,100,7,25,9.903597,0
2,1,1,0,0.2084854,10.40757,4.107508,0,15,3,27.3,16.99996,2.700001,27,1,2,100,100,7,25,10.00256,0
2,2,1,0,0.2084854,0.4085148,3.707507,0,15,3,26.8,16.99996,2.700001,27,1,2,100,100,7,25,10.10283,3
2,2,1,0,0.2084854,0.4085148,3.207505,0,15,3,26.3,16.99996,2.700001,27,1,2,100,100,7,25,10.2037,3
2,2,1,0,0.2084854,0.4085148,3.007504,0,15,3,25.8,16.99996,2.700001,27,1,2,100,100,7,25,10.30203,0
2,2,1,0,0.2084854,0.4085148,3.007504,0,15,3,25.29999,16.99996,2.700001,27,1,2,100,100,7,25,10.40016,0
2,2,1,0,0.2084854,0.4085148,3.007504,0,15,3,24.79999,16.99996,2.700001,27,1,2,100,100,7,25,10.50334,0
2,2,1,0,0.008484599,0.6085155,3.007504,0,15,3,24.29999,16.99996,2.700001,27,1,2,100,100,7,25,10.60486,1
2,2,1,0,0.008484599,0.6085155,3.007504,0,15,3,23.79999,16.99996,2.700001,27,1,2,100,100,7,25,10.70043,0
2,2,1,0,1.008485,0.6085155,3.007504,0,15,3,23.29999,16.99996,2.700001,27,1,2,100,100,7,25,10.80577,0
2,2,1,0,1.008485,0.6085155,3.007504,0,15,3,22.79998,16.99996,2.700001,27,1,2,100,100,7,25,10.9029,0
2,2,1,0,1.008485,0.6085155,3.007504,0,15,3,22.29998,16.99996,2.700001,27,1,2,100,100,7,25,11.00121,0
2,2,1,0,1.008485,0.6085155,3.007504,0,15,3,21.79998,16.99996,2.700001,27,1,2,100,100,7,25,11.10434,0
2,2,1,2,0.7084835,0.9085166,1.008449,0.6085508,15,3,21.29998,16.99996,2.700001,27,1,2,100,100,7,25,11.2038,0
2,2,1,2,0.7084835,0.9085166,1.008449,0.6085508,15,3,20.79998,16.99996,2.700001,27,1,2,100,100,7,25,11.30168,0
2,2,1,2,0.7084835,0.9085166,1.008449,0.6085508,15,3,20.29997,16.99996,2.700001,27,1,2,100,100,7,25,11.40418,0
2,2,1,2,0.7084835,0.9085166,1.008449,0.6085508,15,3,19.79997,16.99996,2.700001,27,1,2,100,100,7,25,11.50386,0
2,2,1,2,3.708483,0.9085166,1.008449,0.6085508,15,3,19.29997,16.99996,2.700001,27,1,2,100,100,7,25,11.6036,0
0,2,1,2,0,0.9085166,1.008449,0.6085508,15,3,18.79997,16.99996,2.700001,27,0,2,100,100,7,25,11.70125,0
0,2,1,2,0,0.9085166,1.008449,0.6085508,15,3,18.29997,16.99996,2.700001,27,0,2,100,100,7,25,11.80029,0
0,2,1,2,0,0.9085166,1.008449,0.6085508,15,3,17.79996,16.99996,2.700001,27,0,2,100,100,7,25,11.90416,0
2,2,1,2,4.708483,0.9085166,1.008449,0.6085508,15,3,17.29996,16.99996,2.700001,27,1,2,100,100,7,25,12.00263,0
2,2,1,2,4.308482,1.308518,1.008449,0.6085508,15,3,16.79996,16.99996,2.700001,26.5,1,2,100,100,7,25,12.10035,1
2,2,1,2,3.80848,1.80852,1.008449,0.6085508,15,3,16.69996,16.99996,2.700001,26,1,2,100,100,7,25,12.20132,1
2,2,1,2,3.308478,2.308522,1.008449,0.6085508,15,3,16.69996,16.99996,2.700001,25.49999,1,2,100,100,7,25,12.30052,1
2,2,1,2,2.808476,2.808524,1.008449,0.6085508,15,3,16.69996,16.99996,2.700001,24.99999,1,2,100,100,7,25,12.40269,1
2,2,1,2,2.508475,3.108525,3.107505,0.5085505,15,3,16.69996,16.99996,2.700001,24.49999,1,2,100,100,7,25,12.50011,4
2,2,1,2,2.508475,3.108525,3.507506,0.1085489,15,3,16.69996,16.99996,2.700001,23.99999,1,2,100,100,7,25,12.60182,0
2,2,1,2,2.508475,3.108525,3.507506,0.1085489,15,3,16.69996,16.99996,2.700001,23.49999,1,2,100,100,7,25,12.70446,0
2,2,1,2,2.508475,3.108525,3.507506,0.1085489,15,3,16.69996,16.99996,2.700001,22.99998,1,2,100,100,7,25,12.8032,0
2,2,1,2,2.508475,3.108525,3.507506,0.1085489,15,3,16.69996,16.99996,2.700001,22.49998,1,2,100,100,7,25,12.90097,1
2,2,1,2,2.008474,3.608526,3.507506,0.1085489,15,3,16.69996,16.99996,2.700001,21.99998,1,2,100,100,7,25,13.00323,0
2,2,1,2,2.008474,3.608526,3.507506,0.1085489,15,3,16.69996,16.99996,2.700001,21.49998,1,2,100,100,7,25,13.10219,0
2,2,1,2,2.008474,3.608526,3.607507,0.008548495,15,3,16.69996,16.99996,2.700001,20.99998,1,2,100,100,7,25,13.2011,4
2,2,1,2,2.008474,3.608526,3.607507,0.008548495,15,3,16.69996,16.99996,2.700001,20.49998,1,2,100,100,7,25,13.30243,0
2,2,1,2,2.008474,3.608526,3.607507,0.008548495,15,3,16.69996,16.99996,2.700001,19.99997,1,2,100,100,7,25,13.40233,0
2,2,1,2,2.008474,3.608526,3.607507,1.008549,15,3,16.69996,16.99996,2.700001,19.49997,1,2,100,100,7,25,13.5055,0
2,2,1,2,2.008474,3.608526,3.607507,1.008549,15,3,16.69996,16.99996,2.700001,18.99997,0,2,100,100,7,25,13.60306,0
2,2,1,2,2.008474,3.608526,3.607507,2.008548,15,3,16.69996,16.99996,2.700001,18.49997,1,2,100,100,7,25,13.7032,0
2,2,1,2,2.008474,3.608526,3.607507,2.008548,15,3,16.69996,16.99996,2.700001,17.99997,1,2,100,100,7,25,13.80205,0
2,2,1,2,2.008474,3.608526,3.607507,2.008548,15,3,16.69996,16.99996,2.700001,17.49996,1,2,100,100,7,25,13.90153,0
2,2,1,2,1.708473,3.908527,3.607507,2.008548,15,3,16.69996,16.99996,2.700001,16.99996,1,2,100,100,7,25,14.00048,1
2,2,1,6,1.508472,4.108528,3.607507,5.657837,15,3,16.69996,16.99996,2.700001,16.99996,1,2,100,100,7,25,14.10291,0
2,2,1,6,1.508472,1.108528,3.907508,5.357836,15,3,16.69996,16.99996,2.700001,16.99996,1,2,100,100,7,25,14.20361,4
1,2,1,6,10.50753,1.108528,4.107508,5.157836,15,3,16.69996,16.99996,2.700001,16.99996,1,2,100,100,7,25,14.30125,0
1,2,1,6,10.50753,1.108528,4.107508,5.157836,15,3,16.69996,16.99996,2.700001,16.99996,1,2,100,100,7,25,14.4038,0
1,2,1,0,10.50753,1.108528,4.107508,0,15,3,16.69996,16.99996,2.700001,16.99996,0,2,100,100,7,25,14.50429,0
1,2,1,0,10.50753,1.108528,4.107508,0,15,3,16.69996,16.99996,2.700001,16.99996,0,2,100,100,7,25,14.60634,0
1,2,1,0,10.50753,1.108528,4.107508,0,15,3,16.69996,16.99996,2.700001,16.99996,0,2,100,100,7,25,14.70094,0
1,2,1,0,10.50753,1.108528,4.107508,0,15,3,16.69996,16.99996,2.700001,16.99996,0,2,100,100,7,25,14.80007,0
1,2,1,1,10.50753,1.108528,4.107508,6.507601,15,3,100,100,2.700001,16.99996,1,2,100,100,7,25,14.9002,0
1,2,1,0,10.50753,1.108528,4.107508,0,15,3,100,100,2.700001,16.99996,0,2,100,100,7,25,15.0034,0
1,2,1,0,10.50753,1.108528,4.107508,0,15,3,100,100,2.700001,16.99996,0,2,100,100,7,25,15.10204,0
1,2,1,0,10.50753,1.108528,4.107508,0,15,3,100,100,2.700001,16.99996,0,2,100,100,7,25,15.20135,0
1,2,1,0,10.50753,1.108528,4.107508,0,15,3,100,100,2.700001,16.99996,0,2,100,100,7,25,15.3003,0
1,2,1,0,10.50753,1.108528,4.107508,0,15,3,100,100,2.700001,16.99996,0,2,100,100,7,25,15.40093,0
1,2,1,0,10.50753,1.108528,4.207509,0,15,3,100,100,2.700001,16.99996,0,2,100,100,7,25,15.50143,4
2,2,1,1,0.5084723,1.108528,4.70751,5.907599,15,3,100,100,2.700001,16.99996,1,2,100,100,7,25,15.60472,4
2,2,1,1,0.5084723,1.108528,5.207512,5.407597,15,3,100,100,2.700001,16.99996,1,2,100,100,7,25,15.70576,4
2,2,1,1,0.5084723,0.1085279,5.707515,4.907595,15,3,100,100,2.700001,16.99996,1,2,100,100,7,25,15.80339,4
2,2,1,1,0.5084723,0.1085279,6.207516,4.407593,15,3,100,100,2.700001,16.99996,1,2,100,100,7,25,15.90221,4
2,2,1,1,0.5084723,0.1085279,6.707519,3.907592,15,3,100,100,2.700001,16.99996,1,2,100,100,7,25,16.00097,4
2,2,1,1,0.5084723,0.1085279,7.20752,3.40759,15,3,100,100,2.700001,17.49996,1,2,100,100,7,25,16.10237,4
2,2,1,1,0.5084723,0.1085279,7.30752,3.30759,15,3,100,100,2.700001,17.99997,1,2,100,100,7,25,16.20354,4
2,2,1,1,0.2084711,0.4085291,7.30752,3.30759,15,3,100,100,2.700001,18.49997,1,2,100,100,7,25,16.3033,1
2,2,1,1,0.008470294,0.6085299,7.30752,3.30759,15,3,100,100,2.700001,18.99997,1,2,100,100,7,25,16.40411,1
2,2,1,1,0.008470294,0.6085299,7.30752,3.30759,15,3,100,100,2.700001,19.49997,1,2,100,100,7,25,16.50021,4
2,2,1,1,0.008470294,0.6085299,7.707522,2.907588,15,3,100,100,2.700001,19.99997,1,2,100,100,7,25,16.60457,4
1,1,2,2,9.907525,14.70759,0.008468387,0.6085318,15,3,100,100,2.700001,20.49998,1,2,100,100,7,25,16.7013,1
1,1,2,2,9.407523,15.20759,0.008468387,0.6085318,15,3,100,100,2.700001,20.99998,1,2,100,100,7,25,16.80019,1
1,1,2,2,8.907521,15.70759,0.008468387,0.6085318,15,3,100,100,2.700001,21.49998,1,2,100,100,7,25,16.9017,1
1,1,2,2,8.407518,16.20759,0.008468387,0.6085318,15,3,100,100,2.700001,21.99998,1,2,100,100,7,25,17.00243,1
1,1,2,2,7.907517,16.70759,0.008468387,0.6085318,15,3,100,100,2.700001,22.49998,1,2,100,100,7,25,17.1045,1
1,1,2,2,7.407516,17.2076,0.008468387,0.6085318,15,3,100,100,2.700001,22.99998,1,2,100,100,7,25,17.20108,1
1,1,2,2,6.907513,17.7076,0.008468387,0.6085318,15,3,100,100,2.700001,23.49999,1,2,100,100,7,25,17.30009,1
1,1,2,2,6.407512,18.2076,0.008468387,0.6085318,15,3,100,100,2.700001,23.99999,1,2,100,100,7,25,17.40306,1
1,1,2,2,5.90751,18.7076,0.008468387,0.6085318,15,3,100,100,2.700001,24.49999,1,2,100,100,7,25,17.5032,1
1,1,2,2,5.407507,19.2076,0.008468387,0.6085318,15,3,100,100,2.700001,24.99999,1,2,100,100,7,25,17.60006,1
1,1,2,2,4.907506,19.7076,0.008468387,0.6085318,15,3,100,100,2.700001,25.49999,1,2,100,100,7,25,17.70233,1
1,0,2,2,4.407503,0,0.008468387,0.6085318,15,3,100,100,2.700001,26,1,2,100,100,7,25,17.80101,1
1,0,2,2,3.907502,0,0.008468387,0.6085318,15,3,100,100,2.700001,26.5,1,2,100,100,7,25,17.90086,1
1,0,2,2,3.4075,0,0.008468387,0.6085318,15,3,100,100,2.700001,27,1,2,100,100,7,25,18.002,1
1,0,2,2,2.907498,0,0.008468387,0.6085318,15,3,100,100,2.700001,27,1,2,100,100,7,25,18.10242,1
1,0,2,2,2.807498,0,0.2084692,0.408531,15,3,100,100,2.700001,27,1,2,100,100,7,25,18.20256,4
1,0,2,2,2.807498,0,0.6084707,0.008529422,15,3,100,100,2.700001,27,1,2,100,100,7,25,18.3026,4
1,0,2,2,2.807498,0,0.6084707,0.008529422,15,3,100,100,2.700001,27,1,2,100,100,7,25,18.4011,0
1,0,2,2,2.807498,0,0.6084707,0.008529422,15,3,100,100,2.700001,27,1,2,100,100,7,25,18.50157,0
1,0,2,2,2.707498,0,0.6084707,0.008529422,15,3,100,100,2.700001,27,1,2,100,100,7,25,18.60095,1
1,0,2,2,2.207496,0,0.6084707,0.008529422,15,3,100,100,2.700001,27,1,2,100,100,7,25,18.70396,1
1,0,2,2,1.807494,0,0.6084707,0.008529422,15,3,100,100,2.700001,27,1,2,100,100,7,25,18.80171,0
1,0,2,2,1.807494,0,0.6084707,0.008529422,15,3,100,100,2.700001,27,1,2,100,100,7,25,18.90437,0
1,0,2,2,1.807494,0,0.6084707,0.008529422,15,3,100,100,2.700001,27,1,2,100,100,7,25,19.00192,0
1,0,2,2,1.407493,0,0.6084707,0.008529422,15,3,100,100,2.700001,27,1,2,100,100,7,25,19.1009,1
1,0,2,2,0.9074906,0,0.6084707,0.008529422,15,3,100,100,2.700001,27,1,2,100,100,7,25,19.2001,1
1,0,1,6,0.4074887,0,8.607526,14.65778,15,3,100,100,2.700001,27,1,2,100,100,7,25,19.30483,4
1,2,1,6,0.4074887,0.2085664,8.907527,14.35778,15,3,100,100,2.700001,27,1,2,100,100,7,25,19.40012,4
1,2,1,6,0.4074887,0.2085664,9.407529,13.85778,15,3,100,100,2.700001,27,1,2,100,100,7,25,19.50183,4
1,2,1,6,0.4074887,0.2085664,9.907531,13.35777,15,3,100,100,2.700001,27,1,2,100,100,7,25,19.60365,4
1,2,1,6,0.4074887,0.2085664,10.10753,13.15777,15,3,100,100,2.700001,27,1,2,100,100,7,25,19.70387,0
1,2,1,0,0.4074887,0.2085664,10.10753,0,15,3,100,100,2.700001,27,0,2,100,100,7,25,19.80149,0
1,2,1,0,0.4074887,0.2085664,10.10753,0,15,3,100,100,2.700001,27,0,2,100,100,7,25,19.90153,0
1,2,1,0,0.4074887,0.2085664,10.10753,0,15,3,100,100,2.700001,27,0,2,100,100,7,25,20.00259,0
1,2,1,0,0.4074887,0.2085664,10.10753,0,15,3,100,100,2.700001,27,0,2,100,100,7,25,20.10144,0
1,2,1,0,0.4074887,0.2085664,10.10753,0,15,3,100,100,2.700001,27,0,2,100,100,7,25,20.20189,0
1,2,1,0,0.4074887,0.2085664,10.10753,0,15,3,100,100,2.700001,27,0,2,100,100,7,25,20.3012,0
1,2,1,0,0.4074887,0.2085664,10.10753,0,15,3,100,100,2.700001,27,0,2,100,100,7,25,20.4046,0
1,2,1,0,0.4074887,0.2085664,10.10753,0,15,3,100,100,2.700001,27,0,2,100,100,7,25,20.50028,0
1,2,1,0,0.4074887,0.2085664,10.10753,0,15,3,100,100,2.700001,27,0,2,100,100,7,25,20.60177,0
1,2,1,0,0.4074887,0.2085664,10.10753,0,15,3,100,100,2.700001,27,0,2,100,100,7,25,20.70072,0
1,2,1,0,0.4074887,0.2085664,10.10753,0,15,3,100,100,2.700001,27,0,2,100,100,7,25,20.80261,0
1,2,1,0,0.4074887,0.2085664,10.10753,0,15,3,100,100,2.700001,27,0,2,100,100,7,25,20.90354,0
1,2,1,6,0.4074887,0.2085664,10.10753,13.15777,15,3,100,100,2.700001,27,1,2,100,100,7,25,21.00164,0
1,2,1,6,0.4074887,0.2085664,10.10753,13.15777,15,3,100,100,2.700001,27,1,2,100,100,7,25,21.1038,0
1,2,1,6,0.4074887,0.2085664,10.10753,13.15777,15,3,100,100,2.700001,27,1,2,100,100,7,25,21.20362,0
1,2,1,6,0.4074887,0.2085664,10.10753,13.15777,15,3,100,100,2.700001,27,1,2,100,100,7,25,21.30086,0
1,2,1,0,0.4074887,0.2085664,10.10753,0,15,3,100,100,2.700001,27,0,2,100,100,7,25,21.4034,0
1,2,1,0,0.4074887,0.2085664,10.10753,0,15,3,100,100,2.700001,27,0,2,100,100,7,25,21.50442,0
1,2,1,0,0.4074887,0.2085664,10.10753,0,15,3,100,100,2.700001,27,0,2,100,100,7,25,21.60186,0
1,2,1,0,0.4074887,0.2085664,10.10753,0,15,3,100,100,2.700001,27,0,2,100,100,7,25,21.70123,0
1,2,1,0,0.4074887,0.2085664,10.10753,0,15,3,100,100,2.700001,27,0,2,100,100,7,25,21.80078,4
1,2,1,0,0.4074887,0.2085664,10.60753,0,15,3,100,100,2.700001,27,0,2,100,100,7,25,21.90094,4
1,2,1,0,0.4074887,0.2085664,11.10754,0,15,3,100,100,2.700001,27,0,2,100,100,7,25,22.00195,4
1,2,1,0,0.4074887,0.2085664,11.60754,0,15,3,100,100,3.2,27,0,2,100,100,7,25,22.1046,4
1,1,1,0,0.4074887,4.207621,12.10754,0,15,3,100,100,3.7,27,0,2,100,100,7,25,22.20286,4
1,1,1,0,0.4074887,4.207621,12.60754,0,15,3,100,100,4.199999,27,0,2,100,100,7,25,22.30236,4
1,2,1,1,0.4074887,0.2085664,13.10754,11.50757,15,3,100,100,100,100,1,2,100,100,7,25,22.40341,4
1,2,1,1,0.4074887,0.2085664,13.60754,11.00757,15,3,100,100,100,100,1,2,100,100,7,25,22.50109,4
1,2,1,1,0.4074887,0.2085664,14.10755,10.50756,15,3,100,100,100,100,1,2,100,100,7,25,22.60316,4
1,2,1,1,0.4074887,0.2085664,14.60755,10.00756,15,3,100,100,100,100,1,2,100,100,7,25,22.70023,4
1,2,1,1,0.4074887,0.2085664,15.10755,9.50756,15,3,100,100,100,100,1,2,100,100,7,25,22.80312,4
1,2,1,1,0.4074887,0.2085664,15.60755,9.007558,15,3,100,100,100,100,1,2,100,100,7,25,22.90187,4
1,0,1,1,0.4074887,0,16.10756,8.507556,15,3,100,100,100,100,1,2,100,100,7,25,23.0044,4
1,0,1,1,0.4074887,0,16.60756,8.007555,15,3,100,100,100,100,1,2,100,100,7,25,23.10021,4
1,2,1,1,0.4074887,0.2085664,17.10756,7.507552,15,3,100,100,100,100,1,2,100,100,7,25,23.2014,4
1,2,1,1,0.4074887,0.2085664,17.60756,7.00755,15,3,100,100,100,100,1,2,100,100,7,25,23.30364,4
1,2,1,1,0.4074887,0.2085664,18.10756,6.507548,15,3,100,100,100,100,1,2,100,100,7,25,23.40248,4
1,2,1,1,0.4074887,0.2085664,18.60756,6.007546,15,3,100,100,100,100,1,2,100,100,7,25,23.5021,4
1,2,1,1,0.4074887,0.2085664,19.10757,5.507544,15,3,100,100,100,100,1,2,100,100,7,25,23.60014,4
1,2,1,1,0.4074887,0.2085664,19.60757,5.007544,15,3,100,100,100,100,1,2,100,100,7,25,23.7018,4
1,2,0,1,0.4074887,10.20857,0,4.507544,15,3,100,100,100,100,1,2,100,100,7,25,23.8027,4
1,2,0,1,0.4074887,10.20857,0,4.007545,15,3,100,100,100,100,1,2,100,100,7,25,23.90148,4
1,2,0,1,0.6074894,0.008565661,0,3.907545,15,3,100,100,100,100,1,2,100,100,7,25,24.00175,2
1,2,0,1,0.6074894,0.008565661,0,3.907545,15,3,100,100,100,100,1,2,100,100,7,25,24.10162,2
1,2,0,1,0.6074894,0.008565661,0,3.907545,15,3,100,100,100,100,1,2,100,100,7,25,24.20269,2
1,2,0,1,0.6074894,0.008565661,0,3.907545,15,3,100,100,100,100,1,2,100,100,7,25,24.30311,0
1,2,0,1,0.6074895,10.00857,0,4.107545,15,3,100,100,100,100,1,2,100,100,7,25,24.4021,3
1,2,0,1,0.6074895,10.00857,0,4.307545,15,3,100,100,100,100,1,2,100,100,7,25,24.50408,2
1,2,2,2,1.107491,9.508564,0.3085101,0.30849,15,3,100,100,100,100,1,2,100,100,7,25,24.60284,2
0,1,2,1,0,0.3075551,0.3085001,8.307555,15,3,27,27,3,27,1,2,11,17,23,21,0.1438304,0
0,1,2,1,0,0.3075551,0.3085001,8.307555,15,3,27,27,3,27,1,2,11,17,23,21,0.2195594,0
0,1,2,1,0,0.3075551,0.3085001,8.307555,15,3,27,27,3,27,1,2,11,17,23,21,0.3116494,0
0,1,2,1,0,0.3075551,0.3085001,8.307555,15,3,27,27,3,27,1,2,11,17,23,21,0.4008114,0
0,1,2,1,0,0.3075551,0.3085001,8.307555,15,3,27,27,3,27,1,2,11,17,23,21,0.5025496,0
0,1,2,1,0,0.3075551,0.3085001,8.307555,15,3,27,27,3,27,1,2,11,17,23,21,0.6063464,0
0,1,2,1,0,0.3075551,0.3085001,8.307555,15,3,27,27,3,27,1,2,11,17,23,21,0.7016453,0
0,1,2,1,0,0.3075551,0.3085001,8.307555,15,3,27,27,3,27,1,2,11,17,23,21,0.805474,0
0,1,2,1,0,0.3075551,0.3085001,8.307555,15,3,27,27,3,27,1,2,11,17,23,21,0.9016437,0
0,1,2,1,0,0.3075551,0.3085001,8.307555,15,3,27,27,3,27,1,2,11,17,23,21,1.001087,1
0,1,2,2,0,0.8075545,0.3085001,0.3085001,15,3,27,27,3,27,1,2,11,17,23,21,1.117935,1
0,1,2,2,0,1.307554,0.3085001,0.3085001,15,3,27,27,3,27,1,2,11,17,23,21,1.201254,1
0,1,2,2,0,1.807554,0.3085001,0.3085001,15,3,27,27,3,27,1,2,11,17,23,21,1.307042,1
0,1,2,2,0,2.307553,0.3085001,0.3085001,15,3,27,27,3,27,1,2,11,17,23,21,1.402544,1
0,1,2,2,0,2.807553,0.3085001,0.3085001,15,3,27,27,3,27,1,2,11,17,23,21,1.502046,1
0,1,2,2,0,3.307552,0.3085001,0.3085001,15,3,27,27,3,27,1,2,11,17,23,21,1.605345,1
0,1,2,2,0,3.507552,0.3085001,0.3085001,15,3,27,27,3,27,1,2,11,17,23,21,1.705514,0
0,1,2,2,0,3.507552,0.3085001,0.3085001,15,3,27,27,3,27,1,2,11,17,23,21,1.80153,0
0,1,2,2,0,3.507552,0.3085001,0.3085001,15,3,27,27,3,27,1,2,11,17,23,21,1.909954,0
0,1,2,2,0,3.507552,0.3085001,0.3085001,15,3,27,27,3,27,1,2,11,17,23,21,2.009214,0
0,1,2,2,0,3.507552,0.3085001,0.3085001,15,3,27,27.3,3,27,1,2,11,17,23,21,2.105265,0
0,1,2,2,0,3.507552,0.3085001,0.3085001,15,3,27,27.3,3,27,1,2,11,17,23,21,2.211061,0
0,1,2,2,0,3.507552,0.3085001,0.3085001,15,3,27,27.3,3,27,1,2,11,17,23,21,2.308812,0
0,1,2,2,0,3.507552,0.3085001,0.3085001,15,3,27,27.3,3,27,1,2,11,17,23,21,2.402562,0
0,1,2,2,0,3.507552,0.3085001,0.3085001,15,3,27,27.3,3,27,1,2,11,17,23,21,2.647039,0
0,1,2,2,0,3.507552,0.3085001,0.3085001,15,3,27,27.3,3,27,1,2,11,17,23,21,2.671838,1
0,1,2,2,0,3.707552,0.3085001,0.3085001,15,3,27,27.3,3,27,1,2,11,17,23,21,2.703827,1
0,1,2,2,0,4.007552,8.3085,0.3085001,15,3,27,27.3,3,27,1,2,11,17,23,21,2.80618,0
0,1,2,2,0,4.007552,8.3085,0.3085001,15,3,27,27.3,3,27,1,2,11,17,23,21,2.904523,0
0,1,2,2,0,4.007552,8.3085,0.3085001,15,3,27,27.3,3,27,1,2,11,17,23,21,3.001306,0
0,1,2,2,0,4.007552,8.3085,0.3085001,15,3,27,27.3,3,27,1,2,11,17,23,21,3.104467,0
0,1,2,2,0,4.007552,8.3085,0.3085001,15,3,27,27.3,3,27,1,2,11,17,23,21,3.202933,0
0,1,2,2,0,4.507551,8.3085,0.3085001,15,3,27,27.3,3,27,1,2,11,17,23,21,3.3034,1
1,1,2,1,19.60756,5.00755,0.3085001,0.3075551,15,3,27,27.3,3,27,1,2,11,17,23,21,3.402018,1
1,1,2,1,19.10756,5.507551,0.3085001,0.3075551,15,3,27,27.3,3,27,1,2,11,17,23,21,3.504434,1
1,1,2,1,18.60756,6.007553,0.3085001,0.3075551,15,3,27,27.3,3,27,1,2,11,17,23,21,3.604583,1
1,1,2,1,18.10756,6.507555,0.3085001,0.3075551,15,3,27,27.3,3,27,1,2,11,17,23,21,3.70179,1
1,1,2,1,17.60755,7.007556,0.3085001,0.3075551,15,3,27,27.3,3,27,1,2,11,17,23,21,3.803105,1
1,1,2,1,17.10755,7.507559,0.3085001,0.3075551,15,3,27,27.3,3,27,1,2,11,17,23,21,3.903916,1
1,1,2,2,16.60755,8.007561,0.3085001,0.3085001,15,3,27,27.3,3,27,1,2,11,17,23,21,4.002986,1
1,1,2,2,16.10755,8.507563,0.3085001,0.3085001,15,3,27,27.3,3,27,1,2,11,17,23,21,4.103219,1
1,1,2,2,15.60755,9.007565,0.3085001,0.3085001,15,3,27,27.3,3,27,1,2,11,17,23,21,4.2018,1
1,1,2,2,15.10754,9.507566,0.3085001,0.3085001,15,3,27,27.3,3,27,1,2,11,17,23,21,4.30295,1
1,1,2,1,14.60754,10.00757,0.3085001,8.307554,15,3,27,27.3,3,27,1,2,11,17,23,21,4.400566,1
1,1,2,1,14.10754,10.50757,0.3085001,8.307554,15,3,27,27.3,3,27,1,2,11,17,23,21,4.500708,1
1,1,2,2,13.60754,11.00757,0.3085001,0.3085001,15,3,27,27.3,3,27,1,2,11,17,23,21,4.600393,1
1,1,2,2,13.10754,11.50757,0.3085001,0.3085001,15,3,27,27.3,3,27,1,2,11,17,23,21,4.703991,1
1,1,2,2,12.60754,12.00758,0.3085001,0.3085001,15,3,27,27.3,3,27,1,2,11,17,23,21,4.804993,1
1,1,2,2,12.10753,12.50758,0.3085001,0.3085001,15,3,27,27.3,3,27,1,2,11,17,23,21,4.901231,1
1,1,2,2,11.60753,13.00758,0.3085001,0.3085001,15,3,27,27.3,3,27,1,2,11,17,23,21,5.001686,1
1,1,2,2,11.10753,13.50758,0.3085001,0.3085001,15,3,27,27.3,3,27,1,2,100,100,23,21,5.10389,1
1,1,1,1,10.60753,14.00758,2.307555,8.307555,15,3,27,27.3,3,27,1,2,100,100,23,21,5.204629,1
1,1,1,1,10.10752,14.50758,2.307555,8.307555,15,3,27,27.3,3,27,1,2,100,100,23,21,5.304792,1
1,1,2,2,9.607524,15.00759,0.3085001,0.3085001,15,3,27,27.3,3,27,1,2,100,100,23,21,5.401069,1
1,1,2,2,9.107522,15.50759,0.3085001,0.3085001,15,3,27,27.3,3,27,1,2,100,100,23,21,5.502,1
1,1,2,2,8.60752,16.00759,0.3085001,0.3085001,15,3,27,27.3,3,27,1,2,100,100,23,21,5.603339,1
1,1,2,2,8.107518,16.50759,0.3085001,0.3085001,15,3,27,27.3,3,27,1,2,100,100,23,21,5.704164,1
1,1,2,2,7.607517,17.0076,0.3085001,0.3085001,15,3,27,27.3,3,27,1,2,100,100,23,21,5.803442,1
1,1,2,2,7.107514,17.5076,0.3085001,0.3085001,15,3,27,27.3,3,27,1,2,100,100,23,21,5.900605,1
1,1,2,2,6.607512,18.0076,0.3085001,0.3085001,15,3,27,27.3,3,27,1,2,100,100,23,21,6.000507,1
1,1,2,2,6.10751,18.5076,0.3085001,0.3085001,15,3,27,27.3,3,27.3,1,2,100,100,23,21,6.102694,1
1,1,2,2,5.607508,19.0076,0.3085001,0.3085001,15,3,27,27.3,3,27.3,1,2,100,100,23,21,6.200225,1
1,1,2,2,5.107506,19.5076,0.3085001,0.3085001,15,3,27,27.3,3,27.3,1,2,100,100,23,21,6.300419,1
1,0,2,2,4.607504,0,0.3085001,0.3085001,15,3,27,27.3,3,27.3,1,2,100,100,23,21,6.403454,1
1,0,2,2,4.107503,0,0.3085001,0.3085001,15,3,27,27.3,3,27.3,1,2,100,100,23,21,6.50307,1
1,0,2,2,3.607501,0,0.3085001,0.3085001,15,3,27,27.3,3,27.3,1,2,100,100,23,21,6.604551,1
1,0,2,2,3.107499,0,0.3085001,0.3085001,15,3,27,27.3,3,27.3,1,2,100,100,23,21,6.700658,1
1,0,2,2,2.607497,0,0.3085001,0.3085001,15,3,27,27.3,3,27.3,1,2,100,100,23,21,6.801288,1
1,0,2,2,2.107495,0,0.3085001,0.3085001,15,3,27,27.3,3,27.3,1,2,100,100,23,21,6.903713,1
1,0,2,2,1.607493,0,0.3085001,0.3085001,15,3,27,27.3,3,27.3,1,2,100,100,23,21,7.001059,1
1,0,2,2,1.107491,0,0.3085001,0.3085001,15,3,27,27.3,3,27.3,1,2,100,100,23,21,7.104106,1
1,0,6,6,0.6074894,0,14.65775,6.65775,15,3,27,27.3,3,27.3,1,2,100,100,23,21,7.20305,1
1,0,6,6,0.5074891,0,14.65775,6.65775,15,3,27,27.3,3,27.3,1,2,100,100,23,21,7.302598,0
1,2,6,6,0.5074891,0.108566,15.15775,6.157748,15,3,27,27.3,3,27.3,1,2,100,100,23,21,7.400711,4
1,2,6,6,0.5074891,0.108566,15.45775,5.857747,15,3,27,27.3,3,27.3,1,2,100,100,23,21,7.503506,0
1,2,6,0,0.5074891,0.108566,15.45775,0,15,3,27,27.3,3,27.3,0,2,100,100,23,21,7.60398,0
1,2,6,0,0.5074891,0.108566,15.45775,0,15,3,27,27.3,3,27.3,0,2,100,100,23,21,7.705214,0
1,2,6,0,0.5074891,0.108566,15.45775,0,15,3,27,27.3,3,27.3,0,2,100,100,23,21,7.802902,0
1,2,6,0,0.5074891,0.108566,15.45775,0,15,3,27,27.3,3,27.3,0,2,100,100,23,21,7.902799,0
1,2,6,0,0.5074891,0.108566,15.45775,0,15,3,27,27.3,3,27.3,0,2,100,100,23,21,8.000642,0
1,2,6,6,0.5074891,0.108566,15.45775,5.857747,15,3,27,27.3,3,27.3,1,2,100,100,23,21,8.102463,0
1,2,6,0,0.5074891,0.108566,15.45775,0,15,3,27,27.3,3,27.3,0,2,100,100,23,21,8.204946,0
1,2,6,0,0.5074891,0.108566,15.45775,0,15,3,27,27.3,3,27.3,0,2,100,100,23,21,8.304177,0
1,2,6,0,0.5074891,0.108566,15.45775,0,15,3,27,27.3,3,27.3,0,2,100,100,23,21,8.40404,0
1,2,6,0,0.5074891,0.108566,15.45775,0,15,3,27,27.3,3,27.3,0,2,100,100,23,21,8.500423,0
1,2,6,0,0.5074891,0.108566,15.45775,0,15,3,27,27.3,3,27.3,0,2,100,100,23,21,8.601972,0
1,2,6,1,0.5074891,0.108566,15.45775,7.507552,15,3,27,27.3,100,100,1,2,100,100,23,21,8.703298,0
1,2,6,1,0.5074891,0.108566,15.45775,7.507552,15,3,27,27.3,100,100,1,2,100,100,23,21,8.801729,0
1,2,6,1,0.5074891,0.108566,15.45775,7.507552,15,3,27,27.3,100,100,1,2,100,100,23,21,8.903623,0
1,0,6,1,0.5074891,0,14.95775,8.007554,15,3,27,27.3,100,100,1,2,100,100,23,21,9.003819,3
1,0,6,1,0.5074891,0,14.75775,8.207555,15,3,27,27.3,100,100,1,2,100,100,23,21,9.102812,0
1,0,6,1,0.5074891,0,14.75775,8.207555,15,3,27,27.3,100,100,1,2,100,100,23,21,9.201697,0
1,0,0,1,0.5074891,0,0,8.207555,15,3,27,27.3,100,100,0,2,100,100,23,21,9.302862,0
1,0,0,1,0.5074891,0,0,8.207555,15,3,27,27.3,100,100,0,2,100,100,23,21,9.404229,0
1,0,0,1,0.5074891,0,0,8.207555,15,3,27,27.3,100,100,0,2,100,100,23,21,9.503084,0
1,0,0,1,0.5074891,0,0,8.207555,15,3,27,27.3,100,100,0,2,100,100,23,21,9.601156,0
1,0,0,1,0.5074891,0,0,8.207555,15,3,27,27.3,100,100,0,2,100,100,23,21,9.700413,0
1,0,0,1,0.5074891,0,0,8.207555,15,3,27,27.3,100,100,0,2,100,100,23,21,9.803499,0
1,0,0,1,0.5074891,0,0,8.207555,15,3,27,27.3,100,100,0,2,100,100,23,21,9.901823,0
1,0,0,1,0.5074891,0,0,8.207555,15,3,27,27.3,100,100,0,2,100,100,23,21,10.00456,0
1,0,0,1,0.5074891,0,0,8.207555,15,3,27,27.3,100,100,0,2,100,100,23,21,10.10026,0
1,0,0,1,0.5074891,0,0,8.207555,15,3,27,27.3,100,100,0,2,100,100,23,21,10.20037,0
1,0,0,1,0.5074891,0,0,8.207555,15,3,27,27.3,100,100,0,2,100,100,23,21,10.30215,0
1,0,0,1,0.5074891,0,0,8.207555,15,3,27,27.3,100,100,0,2,100,100,23,21,10.40116,0
1,0,0,1,0.5074891,0,0,8.207555,15,3,27,27.3,100,100,0,2,100,100,23,21,10.50358,0
1,0,0,1,0.5074891,0,0,8.207555,15,3,27,27.3,100,100,0,2,100,100,23,21,10.60386,0
1,0,6,1,0.5074891,0,14.75775,8.207555,15,3,27,27.3,100,100,1,2,100,100,23,21,10.7031,0
1,0,6,1,0.5074891,0,14.75775,8.207555,15,3,27,27.3,100,100,1,2,100,100,23,21,10.804,0
1,0,6,1,0.5074891,0,14.75775,8.207555,15,3,27,27.3,100,100,1,2,100,100,23,21,10.90255,0
1,0,6,1,0.5074891,0,14.75775,8.207555,15,3,27,27.3,100,100,1,2,100,100,23,21,11.00148,0
1,0,6,1,0.5074891,0,14.75775,8.207555,15,3,27,27.3,100,100,1,2,100,100,23,21,11.10095,0
1,0,0,1,0.5074891,0,0,8.207555,15,3,27,27.3,100,100,0,2,100,100,23,21,11.20395,0
1,0,0,1,0.5074891,0,0,8.207555,15,3,27,27.3,100,100,0,2,100,100,23,21,11.30337,0
1,0,0,1,0.5074891,0,0,8.207555,15,3,27,27.3,100,100,0,2,100,100,23,21,11.40268,0
1,0,0,1,0.5074891,0,0,8.207555,15,3,27,27.3,100,100,0,2,100,100,23,21,11.50416,0
1,0,0,1,0.5074891,0,0,8.207555,15,3,27,27.3,100,100,0,2,100,100,23,21,11.60053,0
1,0,0,1,0.5074891,0,0,8.307555,15,3,27,27.3,100,100,0,2,100,100,23,21,11.70009,3
1,2,0,1,0.5074891,0.108566,0,8.807557,15,3,27,27.3,100,100,0,2,100,100,23,21,11.80183,3
1,2,0,1,0.5074891,0.108566,0,9.307559,15,3,27,27.3,100,100,0,2,100,100,23,21,11.90324,3
1,2,0,1,0.5074891,0.108566,0,9.807561,15,3,27,27.3,100,100,0,2,100,100,23,21,12.00098,3
1,2,0,1,0.5074891,0.108566,0,10.30756,15,3,27,26.8,100,100,0,2,100,100,23,21,12.10489,3
1,2,0,1,0.5074891,0.108566,0,10.80756,15,3,27,26.3,100,100,0,2,100,100,23,21,12.20407,3
1,2,0,1,0.5074891,0.108566,0,11.30757,15,3,27,25.8,100,100,0,2,100,100,23,21,12.30401,3
1,2,0,1,0.5074891,0.108566,0,11.80757,15,3,27,25.29999,100,100,0,2,100,100,23,21,12.40389,3
1,1,0,1,0.5074891,4.10762,0,12.30757,15,3,27,24.79999,100,100,0,2,100,100,23,21,12.50045,3
1,2,0,1,0.5074891,0.108566,0,12.80757,15,3,27,24.29999,100,100,0,2,100,100,23,21,12.6027,3
1,2,1,1,0.5074891,0.108566,11.30754,13.30757,15,3,27,23.79999,100,100,1,2,100,100,23,21,12.70325,3
1,2,1,1,0.5074891,0.108566,10.80753,13.80758,15,3,27,23.29999,100,100,1,2,100,100,23,21,12.80076,3
1,2,1,1,0.5074891,0.108566,10.30753,14.30758,15,3,27,22.79998,100,100,1,2,100,100,23,21,12.90378,3
1,2,1,1,0.5074891,0.108566,9.80753,14.80758,15,3,27,22.29998,100,100,1,2,100,100,23,21,13.00239,3
1,2,1,1,0.5074891,0.108566,9.307528,15.30758,15,3,27,21.79998,100,100,1,2,100,100,23,21,13.10398,3
1,2,1,1,0.5074891,0.108566,8.807527,15.80758,15,3,27,21.29998,100,100,1,2,100,100,23,21,13.2007,3
1,0,1,1,0.5074891,0,8.307525,16.30759,15,3,27,20.79998,100,100,1,2,100,100,23,21,13.3014,3
1,2,1,1,0.5074891,0.108566,7.807522,16.80759,15,3,27,20.29997,100,100,1,2,100,100,23,21,13.4032,3
1,2,1,1,0.5074891,0.108566,7.30752,17.30759,15,3,27,19.79997,100,100,1,2,100,100,23,21,13.50269,3
1,2,1,1,0.5074891,0.108566,6.807519,17.80759,15,3,27,19.29997,100,100,1,2,100,100,23,21,13.6022,3
1,2,1,1,0.5074891,0.108566,6.307517,18.30759,15,3,27,18.79997,100,100,1,2,100,100,23,21,13.70582,3
1,2,1,1,0.5074891,0.108566,5.807515,18.80759,15,3,27,18.29997,100,100,1,2,100,100,23,21,13.80043,3
1,2,1,1,0.5074891,0.108566,5.307513,19.3076,15,3,27,17.79996,100,100,1,2,100,100,23,21,13.90371,3
1,2,1,1,0.5074891,0.108566,4.807511,19.8076,15,3,27,17.29996,100,100,1,2,100,100,23,21,14.00301,3
1,2,1,0,0.5074891,10.10857,4.307509,0,15,3,27,17.29996,100,100,1,2,100,100,23,21,14.10036,3
1,2,1,0,0.5074891,0.108566,3.807507,0,15,3,27,17.29996,100,100,1,2,100,100,23,21,14.20504,3
1,2,1,0,0.5074891,0.108566,3.307506,0,15,3,27,17.29996,100,100,1,2,100,100,23,21,14.30467,3
1,2,1,0,0.5074891,0.108566,2.807504,0,15,3,27,17.29996,100,100,1,2,100,100,23,21,14.40044,3
1,2,1,0,0.5074891,0.108566,2.307502,0,15,3,27,17.29996,100,100,1,2,100,100,23,21,14.50427,3
1,2,1,0,0.5074891,0.108566,1.8075,0,15,3,27,17.29996,100,100,1,2,100,100,23,21,14.60451,3
1,2,1,0,0.5074891,0.108566,1.307498,0,15,3,27,17.29996,100,100,1,2,100,100,23,21,14.70321,3
1,2,1,0,0.5074891,0.108566,0.807496,0,15,3,27,17.29996,100,100,1,2,100,100,23,21,14.80096,3
1,2,1,0,0.5074891,0.108566,0.7074955,0,15,3,27,17.29996,100,100,1,2,100,100,23,21,14.9041,0
1,2,1,0,0.5074891,0.108566,0.7074955,0,15,3,27,17.29996,100,100,1,2,100,100,23,21,15.00323,0
1,2,1,0,0.6074894,0.008565661,0.7074955,0,15,3,27,17.29996,100,100,1,2,100,100,23,21,15.10267,2
1,2,1,0,0.6074894,0.008565661,0.7074955,0,15,3,27,17.29996,100,100,1,2,100,100,23,21,15.2034,0
1,2,1,0,0.6074894,0.008565661,0.7074955,0,15,3,27,17.29996,100,100,0,2,100,100,23,21,15.30228,0
1,2,1,0,0.6074894,0.008565661,0.7074955,0,15,3,27,17.29996,100,100,0,2,100,100,23,21,15.4013,0
1,2,1,0,0.6074894,0.008565661,0.7074955,0,15,3,27,17.29996,100,100,0,2,100,100,23,21,15.50178,0
1,2,1,0,0.6074894,0.008565661,0.7074955,0,15,3,27,17.29996,100,100,0,2,100,100,23,21,15.6008,0
1,2,1,0,0.6074894,0.008565661,1.007497,0,15,3,27,17.29996,100,100,0,2,100,100,23,21,15.70495,4
1,2,1,0,0.6074894,0.008565661,1.507499,0,15,3,27,17.29996,100,100,0,2,100,100,23,21,15.80079,4
1,2,1,0,0.6074894,0.008565661,2.007501,0,15,3,27,17.29996,100,100,0,2,100,100,23,21,15.90094,4
1,2,1,0,0.6074894,0.008565661,2.507502,0,15,3,100,100,100,100,1,2,100,100,23,21,16.00417,4
1,2,1,0,0.6074895,0.008565661,2.607503,0,15,3,100,100,100,100,1,2,100,100,23,21,16.1022,0
1,2,1,0,0.6074895,0.008565661,2.607503,0,15,3,100,100,100,100,1,2,100,100,23,21,16.20278,0
1,2,1,0,0.6074895,0.008565661,2.607503,0,15,3,100,100,100,100,1,2,100,100,23,21,16.30301,0
1,2,1,0,0.6074894,0.008565661,3.007504,0,15,3,100,100,100,100,1,2,100,100,23,21,16.401,4
1,2,1,0,0.6074894,0.008565661,3.507505,0,15,3,100,100,100,100,1,2,100,100,23,21,16.50433,4
1,2,1,0,0.6074894,0.008565661,3.907508,0,15,3,100,100,100,100,1,2,100,100,23,21,16.60114,0
1,2,1,0,0.6074894,0.008565661,3.907508,0,15,3,100,100,100,100,1,2,100,100,23,21,16.70432,2
1,2,1,0,0.6074894,0.008565661,3.907508,0,15,3,100,100,100,100,1,2,100,100,23,21,16.80367,2
1,2,1,0,0.6074894,0.008565661,3.907508,0,15,3,100,100,100,100,1,2,100,100,23,21,16.90135,2
1,2,1,0,0.6074894,10.00857,4.107508,0,15,3,100,100,100,100,1,2,100,100,23,21,17.00599,4
1,2,1,0,0.6074895,10.00857,4.307509,0,15,3,100,100,100,100,1,2,100,100,23,21,17.10497,2
1,2,2,2,1.107491,9.508564,0.3084543,0.3085458,15,3,100,100,100,100,1,2,100,100,23,21,17.20407,2
1,2,2,2,1.607493,9.008562,0.3084543,0.3085458,15,3,100,100,100,100,1,2,100,100,23,21,17.30306,2
1,2,2,2,2.107495,8.50856,0.3084543,0.3085458,15,3,100,100,100,100,1,2,100,100,23,21,17.40228,2
1,2,2,2,2.607497,8.008558,0.3084543,0.3085458,15,3,100,100,100,100,1,2,100,100,23,21,17.50438,2
1,2,2,2,3.107499,7.508556,0.3084543,0.3085458,15,3,100,100,100,100,1,2,100,100,23,21,17.60019,2
1,2,2,2,3.607501,7.008554,0.3084543,0.3085458,15,3,100,100,100,100,1,2,100,100,23,21,17.7002,2
1,2,2,2,4.107503,6.508552,0.3084543,0.3085458,15,3,100,100,100,100,1,2,100,100,23,21,17.80086,2
1,2,2,2,4.607504,6.00855,0.3084543,0.3085458,15,3,100,100,100,100,1,2,100,100,23,21,17.90231,2
1,2,2,2,4.707505,5.90855,0.3084543,0.3085458,15,3,100,100,100,100,1,2,100,100,23,21,18.00426,0
1,2,2,2,4.707505,5.90855,0.3084543,0.3085458,15,3,100,100,100,100,1,2,100,100,23,21,18.10095,0
1,2,2,2,4.707505,5.90855,0.3084543,0.3085458,15,3,100,100,100,100,1,2,100,100,23,21,18.2027,0
1,2,2,2,4.707505,5.90855,0.3084543,0.3085458,15,3,100,100,100,100,1,2,100,100,23,21,18.30567,2
1,2,2,2,5.207507,5.408548,0.3084543,0.3085458,15,3,100,100,100,100,1,2,100,100,23,21,18.40032,2
0,1,2,1,0,0.3075551,0.3085001,8.307555,15,3,3,27,27,27,1,2,9,3,23,21,0.1147194,0
0,1,2,1,0,0.3075551,0.3085001,8.307555,15,3,3,27,27,27,1,2,9,3,23,21,0.2030584,0
0,1,2,1,0,0.3075551,0.3085001,8.307555,15,3,3,27,27,27,1,2,9,3,23,21,0.3030229,0
0,1,2,2,0,0.8075545,0.3085001,0.3085001,15,3,3,27,27,27,1,2,9,3,23,21,0.4018034,1
0,1,2,2,0,1.307554,0.3085001,0.3085001,15,3,3,27,27,27,1,2,9,3,23,21,0.5035024,1
0,1,2,2,0,1.807554,0.3085001,0.3085001,15,3,3,27,27,27,1,2,9,3,23,21,0.601608,1
0,1,2,2,0,2.307553,0.3085001,0.3085001,15,3,3,27,27,27,1,2,9,3,23,21,0.705056,1
0,1,2,2,0,2.807553,0.3085001,0.3085001,15,3,3,27,27,27,1,2,9,3,23,21,0.8057319,1
0,1,2,2,0,3.307552,0.3085001,0.3085001,15,3,3,27,27,27,0,2,9,3,23,21,0.9007185,1
0,1,2,2,0,3.807552,0.3085001,0.3085001,15,3,3,27,27,27,0,2,9,3,23,21,1.008407,1
0,1,2,2,0,4.307551,8.3085,0.3085001,15,3,3,27,27,27,0,2,9,3,23,21,1.110734,1
0,1,2,1,0,4.807551,0.3085001,0.3075551,15,3,3,27,27,27,0,2,9,3,23,21,1.205075,1
0,1,2,1,0,5.30755,0.3085001,0.3075551,15,3,3,27,27,27,0,2,9,3,23,21,1.302745,1
0,1,2,1,0,5.807552,0.3085001,0.3075551,15,3,3,27,27,27,0,2,9,3,23,21,1.401038,1
0,1,2,1,0,6.307554,0.3085001,0.3075551,15,3,3,27,27,27,0,2,9,3,23,21,1.50082,1
0,1,2,1,0,6.807556,0.3085001,0.3075551,15,3,3,27,27,27,0,2,9,3,23,21,1.602722,1
0,1,2,1,0,7.307558,0.3085001,0.3075551,15,3,3,27,27,27,0,2,9,3,23,21,1.700826,1
0,1,2,1,0,7.80756,0.3085001,0.3075551,15,3,3,27,27,27,0,2,9,3,23,21,1.800223,1
0,1,2,2,0,8.307562,0.3085001,0.3085001,15,3,3,27,27,27,0,2,9,3,23,21,1.902091,1
0,1,2,2,0,8.807564,0.3085001,0.3085001,15,3,3,27,27,27,0,2,9,3,23,21,2.005383,1
0,1,2,2,0,9.307566,0.3085001,0.3085001,15,3,3.5,27,27,27.3,0,2,9,3,23,21,2.10366,1
0,1,2,2,0,9.807568,0.3085001,0.3085001,15,3,3.999999,27,27,27.3,0,2,9,3,23,21,2.200132,1
0,1,2,1,0,10.50757,0.3085001,8.307554,15,3,4.699998,27,27,27.3,0,2,9,3,23,21,2.357699,1
0,1,2,2,0,10.80757,0.3085001,0.3085001,15,3,4.999998,27,27,27.3,0,2,9,3,23,21,2.403414,1
0,1,2,2,0,11.30757,0.3085001,0.3085001,15,3,5.499998,27,27,27.3,0,2,9,3,23,21,2.501037,1
0,1,2,2,0,11.80758,0.3085001,0.3085001,15,3,5.999997,27,27,27.3,0,2,9,3,23,21,2.6011,1
0,1,2,2,0,12.30758,0.3085001,0.3085001,15,3,6.499997,27,27,27.3,0,2,9,3,23,21,2.700327,1
0,1,2,2,0,12.80758,0.3085001,0.3085001,15,3,6.999996,27,27,27.3,0,2,9,3,23,21,2.801246,1
0,1,2,2,0,13.30758,0.3085001,0.3085001,15,3,7.499996,27,27,27.3,0,2,9,3,23,21,2.903207,1
1,1,2,2,10.80753,13.80758,0.3085001,0.3085001,15,3,7.999995,27,27,27.3,0,2,9,3,23,21,3.003182,1
0,1,1,1,0,14.00758,2.307555,8.307555,15,3,8.499997,27,27,27.3,0,2,9,3,23,21,3.100553,0
0,1,1,1,0,14.00758,2.307555,8.307555,15,3,8.999999,27,27,27.3,0,2,9,3,23,21,3.200861,0
0,1,1,1,0,14.00758,2.307555,8.307555,15,3,9.500001,27,27,27.3,0,2,9,3,23,21,3.3018,0
0,1,1,1,0,14.00758,2.307555,8.307555,15,3,10,27,27,27.3,0,2,9,3,23,21,3.401865,0
2,2,1,1,0.6084726,0.008527515,2.807557,7.807554,15,3,10.5,27,27,27.3,0,2,9,3,23,21,3.503365,4
2,2,1,1,0.6084726,0.008527515,3.307559,7.307551,15,3,11.00001,27,27,27.3,0,2,9,3,23,21,3.601993,4
2,2,1,1,0.6084726,0.008527515,3.807561,6.807549,15,3,11.50001,27,27,27.3,0,2,9,3,23,21,3.700413,4
2,2,1,1,0.6084726,0.008527515,4.307562,6.307547,15,3,12.00001,27,27,27.3,0,2,9,3,23,21,3.80285,4
2,2,1,1,0.6084726,0.008527515,4.807565,5.807545,15,3,12.50001,27,27,27.3,1,2,9,3,23,21,3.901259,4
2,2,1,1,0.6084726,0.008527515,5.207566,5.407544,15,3,13.00001,27,27,27.3,1,2,9,3,23,21,4.004198,4
2,2,1,1,0.6084726,0.008527515,5.207566,5.407544,15,3,13.00001,27.3,27,27.3,1,2,9,3,23,21,4.102305,4
2,2,1,1,0.6084726,0.008527515,5.207566,5.407544,15,3,13.00001,27.3,27,27.3,1,2,9,3,23,21,4.201581,4
2,2,1,1,0.2084711,0.4085291,5.207566,5.407544,15,3,13.00001,27.3,27,27.3,1,2,9,3,23,21,4.302637,1
2,2,1,1,0.008470294,0.6085299,5.207566,5.407544,15,3,13.00001,27.3,27,27.3,1,2,9,3,23,21,4.400831,4
2,2,1,1,0.008470294,0.6085299,5.507565,5.107544,15,3,13.00001,27.3,27,27.3,1,2,9,3,23,21,4.501784,4
2,2,1,1,0.008470294,0.6085299,5.907565,4.707545,15,3,13.00001,27.3,27,27.3,1,2,9,3,23,21,4.601609,4
2,2,1,1,0.008470294,0.6085299,5.907565,4.707545,15,3,13.00001,27.3,27,27.3,1,2,9,3,23,21,4.703232,4
2,2,1,1,0.008470294,0.6085299,5.907565,4.707545,15,3,13.00001,27.3,27,27.3,1,2,9,3,23,21,4.80152,1
2,2,1,1,0.008470294,0.6085299,5.907565,4.707545,15,3,13.00001,27.3,27,27.3,1,2,9,3,23,21,4.902681,1
2,2,1,1,0.008470294,0.6085299,5.907565,4.707545,15,3,13.00001,27.3,27,27.3,0,2,9,3,23,21,5.00545,1
2,2,1,1,0.008470294,0.6085299,5.907565,4.707545,15,3,13.00001,27.3,27,27.3,0,2,9,3,23,21,5.101862,3
2,2,1,1,0.008470294,0.6085299,5.707565,4.907544,15,3,13.00001,27.3,27,27.3,0,2,9,3,23,21,5.203775,3
2,2,1,1,0.008470294,0.6085299,5.407566,5.207544,15,3,13.00001,27.3,27,27.3,0,2,9,3,23,21,5.302412,1
2,2,1,1,0.008470294,0.6085299,5.407566,5.207544,15,3,13.00001,27.3,27,27.3,0,2,9,3,23,21,5.40307,1
2,2,1,1,0.008470294,0.6085299,5.407566,5.207544,15,3,13.00001,27.3,27,27.3,0,2,9,3,23,21,5.500045,4
2,2,1,1,0.008470294,0.6085299,5.607565,5.007544,15,3,13.00001,27.3,27,27.3,0,2,9,3,23,21,5.600667,4
0,2,1,1,0,0.6085299,6.107565,4.507545,15,3,13.00001,27.3,27,27.3,0,2,9,3,23,21,5.70191,4
0,2,1,1,0,0.6085299,6.507565,4.107545,15,3,13.00001,27.3,27,27.3,0,2,9,3,23,21,5.804138,4
0,2,2,2,0,0.908531,0.5085099,0.1084902,15,3,13.00001,27.3,27,27.3,0,2,9,3,23,21,5.902853,1
1,2,2,2,9.207522,1.408533,0.5085099,0.1084902,15,3,13.00001,27.3,27,27.3,1,2,9,3,23,21,6.001668,1
1,2,2,2,8.70752,1.908535,0.5085099,0.1084902,15,3,13.50002,27.3,27,26.8,1,2,9,3,23,21,6.100044,1
1,2,2,2,8.207518,2.408537,0.5085099,0.1084902,15,3,14.00002,27.3,27,26.3,1,2,9,3,23,21,6.202967,1
1,2,2,2,7.707517,2.908538,0.5085099,0.1084902,15,3,14.50002,27.3,27,25.8,1,2,9,3,23,21,6.302374,1
1,2,2,2,7.607516,3.008539,0.5085099,0.1084902,15,3,15.00002,27.3,27,25.29999,1,2,9,3,23,21,6.400586,3
1,2,2,2,7.607516,3.008539,0.1085103,0.5084899,15,3,15.50002,27.3,27,24.79999,0,2,9,3,23,21,6.502152,3
1,2,2,2,7.607516,3.008539,1.00851,0.6084898,15,3,16.00002,27.3,27,24.29999,1,2,9,3,23,21,6.60216,3
2,2,2,2,1.608461,0.008538959,0.5085109,1.108489,15,3,16.50003,27.3,27,23.79999,1,2,9,3,23,21,6.701187,3
2,2,2,2,1.608461,0.008538959,3.00851,1.60849,15,3,17.00003,27.3,27,23.29999,1,2,9,3,23,21,6.800926,3
2,2,2,2,0.5084608,0.1085393,2.90851,1.70849,15,3,17.50003,27.3,27,22.79998,1,2,9,3,23,21,6.901428,1
2,2,2,2,0.00845885,0.6085413,2.90851,1.70849,15,3,18.00003,27.3,27,22.29998,1,2,9,3,23,21,7.000187,1
2,2,2,2,0.00845885,0.6085413,2.90851,1.70849,15,3,18.50003,27.3,27,21.79998,1,2,9,3,23,21,7.103436,1
2,2,2,2,0.00845885,0.6085413,2.80851,1.808491,15,3,19.00004,27.3,27,21.29998,1,2,9,3,23,21,7.201471,3
2,2,2,2,0.00845885,0.6085413,2.308508,2.308492,15,3,19.50004,27.3,27,20.79998,1,2,9,3,23,21,7.303386,3
2,2,2,2,0.00845885,0.6085413,1.808506,2.808494,15,3,20.00004,27.3,27,20.29997,1,2,9,3,23,21,7.401857,3
2,2,2,2,0.00845885,0.6085413,1.308504,3.308496,15,3,20.50004,27.3,27,19.79997,1,2,9,3,23,21,7.502208,3
2,2,2,2,0.00845885,0.6085413,0.808502,3.808498,15,3,21.00004,27.3,27,19.29997,1,2,9,3,23,21,7.603167,3
1,1,2,2,7.007514,17.6076,0.5085009,4.108499,15,3,21.50005,27.3,27,18.79997,1,2,9,3,23,21,7.701763,3
1,1,2,2,6.607512,18.0076,0.5085008,0.1084993,15,3,22.00005,27.3,27,18.29997,1,2,9,3,23,21,7.802163,1
0,1,2,2,0,18.5076,0.5085009,0.1084993,15,3,22.50005,27.3,27,17.79996,0,2,9,3,23,21,7.902543,1
0,1,2,2,0,19.0076,0.5085009,0.1084993,15,3,23.00005,27.3,27,17.29996,0,2,9,3,23,21,8.00028,1
0,1,2,2,0,19.5076,0.5085009,0.1084993,15,3,23.50005,27.3,27.3,17.29996,0,2,9,3,23,21,8.102843,1
0,0,2,2,0,0,0.5085009,0.1084993,15,3,24.00006,27.3,27.3,17.29996,0,2,9,3,23,21,8.202853,1
0,0,2,2,0,0,0.5085009,0.1084993,15,3,24.50006,27.3,27.3,17.29996,0,2,9,3,23,21,8.302433,1
0,0,2,2,0,0,0.5085009,0.1084993,15,3,25.00006,27.3,27.3,17.29996,0,2,9,3,23,21,8.402979,3
1,0,2,2,4.107503,0,0.008498904,0.6085013,15,3,25.50006,27.3,27.3,17.29996,1,2,9,3,23,21,8.500282,3
1,0,2,2,4.107503,0,1.008499,0.6085013,15,3,26.00006,27.3,27.3,17.29996,1,2,9,3,23,21,8.60026,3
2,2,2,2,0.1084478,0.5085524,0.5084971,1.108503,15,3,26.50006,27.3,27.3,17.29996,1,2,9,3,23,21,8.701072,3
2,2,2,2,0.1084478,0.5085524,3.008495,1.608505,15,3,27.00007,27.3,27.3,17.29996,1,2,9,3,23,21,8.802428,3
2,2,2,2,0.1084478,0.5085524,2.508493,2.108507,15,3,27.30007,27.3,27.3,17.29996,1,2,9,3,23,21,8.904566,3
2,2,0,2,0.1084478,0.5085524,0,2.608509,15,3,27.30007,27.3,27.3,17.29996,0,2,9,3,23,21,9.003567,3
2,1,2,2,0.1084478,0.5076073,2.508489,3.108511,15,3,27.30007,27.3,27.3,17.29996,1,2,9,3,23,21,9.103107,3
2,1,2,2,0.1084478,0.5076073,2.008487,3.608512,15,3,27.30007,27.3,27.3,17.29996,1,2,9,3,23,21,9.202451,3
1,1,0,2,4.107502,0.5076073,0,4.108514,15,3,27.30007,27.3,27.3,17.29996,0,2,9,3,23,21,9.303,3
1,1,2,2,4.107503,0.5076073,4.008483,4.608516,15,3,27.30007,27.3,27.3,17.29996,1,2,9,3,23,21,9.40264,3
1,1,2,2,4.107503,0.5076073,4.008483,4.608516,15,3,27.30007,27.3,27.3,17.29996,1,2,9,3,23,21,9.50167,0
1,1,2,2,4.107503,0.5076073,4.008483,4.608516,15,3,27.30007,27.3,27.3,17.29996,1,2,9,3,23,21,9.604019,0
2,1,2,2,0.1084478,0.5076073,3.508482,5.108518,15,3,27.30007,27.3,27.3,17.29996,1,2,9,3,23,21,9.704023,3
2,1,0,2,0.1084478,0.5076073,0,5.60852,15,3,27.30007,27.3,27.3,17.29996,0,2,9,3,23,21,9.800058,3
2,2,0,2,0.1084478,0.5085524,0,6.108522,15,3,27.30007,27.3,27.3,17.29996,0,2,9,3,23,21,9.903119,3
2,2,0,2,0.1084478,0.5085524,0,6.608524,15,3,27.30007,27.3,27.3,17.29996,0,2,9,3,23,21,10.00107,3
2,2,2,2,0.1084478,0.5085524,2.508474,7.108526,15,3,27.30007,26.8,27.3,17.29996,1,2,9,3,23,21,10.10317,3
2,2,0,2,0.1084478,0.5085524,0,7.608528,15,3,27.30007,26.3,27.3,17.29996,0,2,9,3,23,21,10.20377,3
1,0,2,2,4.107502,0,4.50847,8.10853,15,3,27.30007,25.8,27.3,17.29996,1,2,9,3,23,21,10.30142,3
1,0,2,2,4.107503,0,4.008468,8.608532,15,3,27.30007,25.29999,27.3,17.29996,1,2,9,3,23,21,10.40137,3
2,2,0,2,0.1084478,0.5085524,0,9.108534,15,3,27.30007,24.79999,27.3,17.29996,0,2,9,3,23,21,10.50257,3
2,2,0,2,0.1084478,0.5085524,0,9.608536,15,3,27.30007,24.29999,27.3,17.29996,0,2,9,3,23,21,10.60434,3
2,2,0,2,0.1084478,0.5085524,0,10.10854,15,3,27.30007,23.79999,27.3,17.29996,0,2,9,3,23,21,10.70012,3
2,2,0,2,0.1084478,0.5085524,0,10.60854,15,3,27.30007,23.29999,27.3,17.29996,0,2,9,3,23,21,10.80263,3
2,2,0,2,0.1084478,0.5085524,0,11.10854,15,3,27.30007,22.79998,27.3,17.29996,0,2,9,3,23,21,10.90153,0
2,2,0,2,0.1084478,0.5085524,0,11.10854,15,3,27.30007,22.29998,27.3,17.29996,0,2,9,3,23,21,11.00289,0
2,2,1,2,0.1084478,0.5085524,5.207512,11.40854,15,3,27.30007,21.79998,27.3,17.29996,0,2,9,3,23,21,11.10123,3
2,2,0,2,0.1084478,0.5085524,0,11.70854,15,3,27.30007,21.29998,27.3,17.29996,0,2,9,3,23,21,11.20098,0
2,2,0,2,0.1084478,0.5085524,0,11.70854,15,3,27.30007,20.79998,27.3,17.29996,0,2,9,3,23,21,11.30267,0
2,2,0,2,0.1084478,0.5085524,0,11.70854,15,3,27.30007,20.29997,27.3,17.29996,0,2,9,3,23,21,11.40049,0
2,2,0,2,0.1084478,0.5085524,0,11.70854,15,3,27.30007,19.79997,27.3,17.29996,0,2,9,3,23,21,11.50219,0
2,2,1,2,0.1084478,0.5085524,4.907512,11.70854,15,3,27.30007,19.29997,27.3,17.29996,1,2,9,3,23,21,11.60378,0
1,2,1,2,4.107503,6.508552,4.50751,12.10855,15,3,27.30007,18.79997,27.3,17.29996,1,2,9,3,23,21,11.70058,3
1,2,1,2,4.107503,6.508552,4.007508,12.60855,15,3,27.30007,18.29997,27.3,17.29996,1,2,9,3,23,21,11.80107,3
2,2,1,2,0.1084478,0.5085524,3.507506,13.10855,15,3,27.30007,17.79996,27.3,17.29996,1,2,9,3,23,21,11.90259,3
2,2,1,2,0.1084478,0.5085524,3.007504,13.60855,15,3,27.30007,17.29996,27.3,17.29996,1,2,9,3,23,21,12.00007,3
2,2,1,2,0.1084478,0.5085524,2.507502,14.10855,15,3,27.30007,16.79996,27.3,17.29996,1,2,9,3,23,21,12.10019,3
2,2,1,2,0.1084478,0.5085524,2.007501,14.60855,15,3,27.30007,16.29996,27.3,17.29996,1,2,9,3,23,21,12.20069,3
2,2,1,2,0.3084485,0.3085515,1.9075,14.70856,15,3,27.30007,15.79996,27.3,17.29996,1,2,9,3,23,21,12.30062,2
2,2,1,2,0.6084498,0.008550403,1.9075,14.70856,15,3,27.30007,15.69996,27.3,17.29996,1,2,9,3,23,21,12.40318,4
2,2,1,2,0.6084498,0.008550403,2.407502,14.20855,15,3,27.30007,15.69996,27.3,17.29996,1,2,9,3,23,21,12.50045,4
2,2,1,2,0.6084498,0.008550403,2.907504,13.70855,15,3,27.30007,15.69996,27.3,17.29996,1,2,9,3,23,21,12.60232,4
2,2,1,2,0.6084498,0.008550403,3.407506,13.20855,15,3,27.30007,15.69996,27.3,17.29996,1,2,9,3,23,21,12.70213,4
2,2,1,2,0.6084498,0.008550403,3.907508,12.70855,15,3,27.30007,15.69996,27.3,17.29996,1,2,9,3,23,21,12.80365,4
1,2,1,2,4.607504,6.00855,4.407509,12.20855,15,3,27.30007,15.69996,27.3,17.29996,1,2,9,3,23,21,12.90392,4
1,2,2,2,4.707505,5.90855,0.5084551,0.1085451,15,3,27.30007,15.69996,27.3,17.29996,1,2,9,3,23,21,13.00292,2
1,2,2,2,4.807505,5.808549,0.5084551,0.1085451,15,3,27.30007,15.69996,27.3,17.29996,1,2,9,3,23,21,13.10059,3
1,2,2,2,4.807506,5.808549,0.2084539,0.4085462,15,3,27.30007,15.69996,27.3,17.29996,1,2,9,3,23,21,13.20184,3
1,2,2,2,4.807506,5.808549,0.008453128,0.608547,15,3,27.30007,15.69996,27.3,17.29996,1,2,9,3,23,21,13.3026,2
1,2,2,2,5.307507,5.308547,0.008453128,0.608547,15,3,27.30007,15.69996,27.3,17.29996,1,2,9,3,23,21,13.40339,2
1,2,2,2,5.707509,4.908546,0.008453128,0.608547,15,3,27.30007,15.69996,27.3,17.29996,1,2,9,3,23,21,13.50008,3
1,2,2,2,5.707509,4.908546,0.008453128,0.608547,15,3,27.30007,15.69996,27.3,17.29996,1,2,9,3,23,21,13.60074,3
2,2,2,2,1.708454,0.9085463,0.8084524,0.8085478,15,3,27.30007,15.69996,27.3,17.29996,1,2,9,3,23,21,13.70163,3
2,2,2,2,1.708454,0.9085463,0.3084505,1.30855,15,3,27.30007,15.69996,27.3,17.29996,1,2,9,3,23,21,13.80062,3
2,2,2,2,1.708454,0.9085463,0.008449313,1.608551,15,3,27.30007,15.69996,27.3,17.29996,1,2,9,3,23,21,13.90008,3
2,2,2,2,1.708454,0.9085463,0.008449313,1.608551,15,3,27.30007,15.69996,27.3,17.29996,1,2,9,3,23,21,14.00004,3
2,2,2,2,1.708454,0.9085463,0.008449313,1.608551,15,3,27.30007,15.69996,27.3,17.29996,0,2,9,3,23,21,14.10368,0
2,2,2,2,1.708454,0.9085463,0.008449313,1.608551,15,3,27.30007,15.69996,27.3,17.29996,0,2,9,3,23,21,14.20416,0
2,2,2,2,1.708454,0.9085463,0.008449313,1.608551,15,3,27.30007,15.69996,27.3,17.29996,1,2,9,3,23,21,14.30134,0
2,2,2,2,1.708454,0.9085463,0.008449313,1.608551,15,3,27.30007,15.69996,27.3,17.29996,0,2,9,3,23,21,14.40444,0
2,2,2,2,1.708454,0.9085463,0.008449313,1.608551,15,3,27.30007,15.69996,27.3,17.29996,0,2,9,3,23,21,14.50038,0
2,2,2,2,1.708454,0.9085463,0.008449313,1.608551,15,3,27.30007,15.69996,27.3,17.29996,0,2,9,3,23,21,14.60242,0
2,2,2,2,1.708454,0.9085463,0.008449313,1.608551,15,3,27.30007,15.69996,27.3,17.29996,1,2,9,3,23,21,14.70002,0
2,2,2,2,1.708454,0.9085463,0.008449313,1.608551,15,3,27.30007,15.69996,27.3,17.29996,1,2,9,3,23,21,14.80311,3
2,2,2,2,1.708454,0.9085463,0.008449313,1.608551,15,3,27.30007,15.69996,27.3,17.29996,1,2,9,3,23,21,14.9007,3
2,2,2,2,1.908455,0.7085455,0.008449313,1.608551,15,3,27.30007,15.69996,27.3,17.29996,0,2,9,3,23,21,15.00348,2
2,2,1,2,2.408457,0.2085435,3.007504,1.608551,15,3,27.30007,15.69996,27.3,17.29996,1,2,9,3,23,21,15.10084,2
2,2,1,2,2.608457,0.008542773,3.007504,1.608551,15,3,27.30007,15.69996,27.3,17.29996,0,2,9,3,23,21,15.20479,4
2,2,1,2,2.608457,1.008543,3.507506,1.108549,15,3,27.30007,15.69996,27.3,17.29996,1,2,9,3,23,21,15.302,4
1,2,1,2,6.607512,4.008543,4.007508,0.608547,15,3,27.30007,15.69996,27.3,17.29996,1,2,9,3,23,21,15.40341,4
1,2,1,2,6.607512,4.008542,4.50751,0.1085451,15,3,27.30007,15.69996,27.3,17.29996,1,2,9,3,23,21,15.50332,4
1,2,1,2,6.607512,4.008543,4.60751,0.008544681,15,3,27.30007,15.69996,27.3,17.29996,1,2,9,3,23,21,15.60235,4
1,2,1,2,6.607512,4.008543,4.60751,0.008544681,15,3,27.30007,15.69996,27.3,17.29996,1,2,9,3,23,21,15.70087,4
1,2,2,2,7.107514,3.508541,1.608455,0.008544681,15,3,27.30007,15.69996,27.3,17.29996,1,2,9,3,23,21,15.80374,2
1,2,2,2,7.607516,3.008539,1.608455,0.008544681,15,3,27.30007,15.69996,27.3,17.29996,1,2,9,3,23,21,15.90131,2
1,2,2,2,8.107518,2.508537,0.6084555,0.008544681,15,3,27.30007,15.69996,27.3,17.29996,1,2,9,3,23,21,16.00399,2
1,2,2,2,8.60752,2.008535,0.6084555,0.008544681,15,3,26.80007,15.69996,27.3,17.79996,1,2,9,3,23,21,16.10089,2
1,2,2,2,9.107522,1.508533,0.6084555,0.008544681,15,3,26.30006,15.69996,27.3,18.29997,1,2,9,3,23,21,16.20022,2
1,2,2,2,9.107522,1.508533,0.1084535,0.5085467,15,3,25.80006,15.69996,27.3,18.79997,1,2,9,3,23,21,16.30094,3
1,5,2,2,8.807521,1.699274,0.1084535,0.5085467,15,3,25.30006,15.69996,27.3,19.29997,1,2,9,3,23,21,16.40175,1
1,5,2,2,8.307518,2.118233,0.1084535,0.5085467,15,3,24.80006,15.69996,27.3,19.79997,1,2,9,3,23,21,16.50181,1
1,6,2,2,7.807517,2.457831,0.1084535,0.5085467,15,3,24.30006,15.69996,27.3,20.29997,1,2,9,3,23,21,16.60095,1
2,2,2,2,3.608461,0.008538959,0.9084528,0.7085474,15,3,23.80005,15.69996,27.2,20.69998,1,2,9,3,23,21,16.70435,3
2,2,2,2,3.608461,0.008538959,0.8084525,0.8085478,15,3,23.30005,15.69996,26.7,20.69998,1,2,9,3,23,21,16.8015,2
2,6,2,2,4.008463,2.257831,0.8084524,0.8085478,15,3,22.80005,15.69996,26.2,20.69998,1,2,9,3,23,21,16.90223,2
2,6,2,2,4.508464,1.757829,0.8084524,0.8085478,15,3,22.30005,15.69996,25.7,20.69998,0,2,9,3,23,21,17.0028,2
5,0,2,2,2.288442,0,0.8084525,0.8085479,15,3,21.80005,15.69996,25.19999,20.69998,0,2,9,3,23,21,17.10282,2
6,0,2,2,1.557694,0,0.8084525,0.8085479,15,3,21.30005,15.69996,24.69999,20.69998,0,2,9,3,23,21,17.2033,2
6,0,1,1,2.057696,0,3.807508,6.807602,15,3,20.80004,15.69996,24.19999,20.69998,0,2,9,3,23,21,17.30358,2
6,2,1,6,2.557698,1.108528,3.807508,1.857756,15,3,20.30004,15.69996,23.69999,20.69998,0,2,9,3,23,21,17.40316,4
6,2,1,6,2.557698,1.108528,4.107508,2.057757,15,3,19.80004,15.69996,23.19999,20.69998,0,2,9,3,23,21,17.50487,4
6,2,1,0,2.557698,1.108528,4.60751,0,15,3,19.30004,15.69996,22.69998,20.69998,0,2,9,3,23,21,17.60373,4
2,2,1,0,0.5084723,1.108528,5.107512,0,15,3,18.80004,15.69996,22.19998,20.69998,0,2,9,3,23,21,17.70237,4
2,2,1,0,0.5084723,1.108528,5.607514,0,15,3,18.30003,15.69996,21.69998,20.69998,0,2,9,3,23,21,17.80086,4
2,2,1,0,0.5084723,1.108528,6.107516,0,15,3,100,100,21.19998,20.69998,0,2,9,3,23,21,17.90145,4
2,2,1,0,0.5084723,1.108528,6.607518,0,15,3,100,100,20.69998,20.69998,0,2,9,3,23,21,18.00085,4
2,2,1,0,0.5084723,1.108528,7.10752,0,15,3,100,100,20.69998,20.69998,0,2,9,3,23,21,18.10193,4
2,2,1,0,0.5084723,1.108528,7.607521,0,15,3,100,100,20.69998,20.69998,0,2,9,3,23,21,18.20174,4
1,1,5,1,10.50753,14.10758,0.5684984,2.507586,15,3,100,100,20.69998,20.69998,1,2,9,3,23,21,18.30063,4
1,1,1,0,10.40753,14.20758,8.307524,0,15,3,100,100,20.69998,20.69998,0,2,9,3,23,21,18.40271,3
2,2,1,1,0.4084719,1.208528,7.807522,2.807588,15,3,100,100,20.69998,20.69998,1,2,9,3,23,21,18.50061,3
2,2,1,1,0.4084719,1.208528,7.30752,3.30759,15,3,100,100,20.69998,20.69998,1,2,9,3,23,21,18.60279,3
2,2,0,1,0.4084719,1.208528,0,3.807591,15,3,100,100,20.69998,20.69998,0,2,9,3,23,21,18.70037,3
2,2,0,1,0.4084719,1.208528,0,4.307593,15,3,100,100,20.69998,20.69998,0,2,9,3,23,21,18.80203,3
2,2,0,1,0.4084719,1.208528,0,4.807595,15,3,100,100,20.69998,20.69998,0,2,9,3,23,21,18.90338,3
2,2,0,1,0.4084719,1.208528,0,5.307597,15,3,100,100,20.69998,20.69998,0,2,9,3,23,21,19.00368,3
2,2,0,1,0.4084719,1.208528,0,5.707599,15,3,100,100,20.69998,20.69998,0,2,9,3,23,21,19.10527,0
2,2,0,1,0.008470294,1.60853,0,5.707598,15,3,100,100,20.69998,20.69998,0,2,9,3,23,21,19.20376,1
2,2,1,1,0.008470294,1.60853,4.907511,5.707598,15,3,100,100,20.69998,20.69998,0,2,9,3,23,21,19.30096,0
2,2,1,1,0.008470294,1.60853,4.907511,5.707598,15,3,100,100,20.69998,20.69998,0,2,9,3,23,21,19.40039,0
2,2,1,1,0.008470294,1.60853,4.907511,5.707598,15,3,100,100,20.69998,20.69998,0,2,9,3,23,21,19.50235,0
2,2,1,1,0.008470294,1.60853,4.907511,5.707598,15,3,100,100,20.69998,20.69998,0,2,9,3,23,21,19.60067,0
2,2,1,1,0.008470294,1.60853,4.907511,5.707598,15,3,100,100,20.69998,20.69998,0,2,9,3,23,21,19.70204,0
2,2,1,1,0.008470294,1.60853,4.907511,5.707598,15,3,100,100,20.69998,20.69998,0,2,9,3,23,21,19.80219,0
2,2,1,1,0.008470294,1.60853,5.307513,5.307597,15,3,100,100,20.69998,20.69998,0,2,9,3,23,21,19.90366,4
2,2,1,1,0.008470294,1.60853,5.807515,4.807595,15,3,100,100,20.69998,20.69998,0,2,9,3,23,21,20.00155,4
2,2,1,1,0.008470294,1.60853,5.907516,4.707594,15,3,100,100,20.69998,21.19998,0,2,9,3,23,21,20.10217,4
2,2,1,1,0.008470294,1.60853,6.307517,4.307593,15,3,100,100,20.69998,21.69998,0,2,9,3,23,21,20.20031,4
2,2,1,1,0.008470294,1.60853,6.507517,4.107592,15,3,100,100,20.69998,22.19998,1,2,9,3,23,21,20.3018,1
2,2,1,1,0.008470294,1.60853,6.507517,4.107592,15,3,100,100,20.69998,22.69998,1,2,9,3,23,21,20.40048,0
2,2,2,2,0.8084695,1.808531,3.508463,2.108537,15,3,100,100,20.69998,23.19999,1,2,9,3,23,21,20.50384,1
6,2,2,2,4.357705,2.308532,3.508463,2.108537,15,3,100,100,20.69998,23.69999,1,2,9,3,23,21,20.60089,1
6,2,2,2,3.357701,2.808534,3.508462,2.108537,15,3,100,100,20.69998,23.19999,1,2,9,3,23,21,20.70361,1
0,2,2,2,0,3.308537,3.508463,2.108537,15,3,100,100,20.69998,22.69998,0,2,9,3,23,21,20.80295,1
6,2,2,2,1.357694,3.808538,3.508463,2.108537,15,3,100,100,20.69998,22.19998,0,2,9,3,23,21,20.9015,1
5,2,2,2,0.5884512,4.108539,3.508463,2.108537,15,3,100,100,100,100,1,2,9,3,23,21,21.00101,0
1,2,2,2,7.507516,4.108539,3.508463,2.108537,15,3,100,100,100,100,1,2,9,3,23,21,21.1011,0
1,2,2,2,7.507516,4.108539,3.508463,2.108537,15,3,100,100,100,100,1,2,9,3,23,21,21.20151,0
1,2,2,2,7.507516,4.108539,3.508463,2.108537,15,3,100,100,100,100,1,2,9,3,23,21,21.30119,0
1,5,2,2,7.507516,0.2285459,3.508463,2.108537,15,3,100,100,100,100,1,2,9,3,23,21,21.40286,0
1,5,2,2,7.507516,1.028545,3.508463,2.108537,15,3,100,100,100,100,1,2,9,3,23,21,21.5032,0
1,5,2,2,7.207514,2.128546,3.508463,2.108537,15,3,100,100,100,100,1,2,9,3,23,21,21.60117,1
1,5,2,2,6.707512,3.428547,3.508463,2.108537,15,3,100,100,100,100,1,2,9,3,23,21,21.70115,1
1,5,2,2,6.707512,4.228546,3.408463,2.208538,15,3,100,100,100,100,1,2,9,3,23,21,21.80194,3
1,2,2,2,6.707512,4.908542,2.90846,2.70854,15,3,100,100,100,100,1,2,9,3,23,21,21.90325,3
1,2,2,2,6.707512,4.908542,2.408458,3.208542,15,3,100,100,100,100,1,2,9,3,23,21,22.00339,3
0,1,2,1,0,0.3075551,0.3085001,8.307555,15,3,3,27,27,27,1,2,11,21,27,21,0.1042419,0
0,1,2,1,0,0.3075551,0.3085001,8.307555,15,3,3,27,27,27,1,2,11,21,27,21,0.2002183,0
0,1,2,1,0,0.3075551,0.3085001,8.307555,15,3,3,27,27,27,1,2,11,21,27,21,0.3043353,0
0,1,2,1,0,0.5075549,0.3085001,8.307555,15,3,3,27,27,27,1,2,11,21,27,21,0.403431,1
0,1,2,2,0,1.007554,0.3085001,0.3085001,15,3,3,27,27,27,1,2,11,21,27,21,0.5048957,1
0,1,2,2,0,1.507554,0.3085001,0.3085001,15,3,3,27,27,27,1,2,11,21,27,21,0.6035681,1
0,1,2,2,0,2.007554,0.3085001,0.3085001,15,3,3,27,27,27,1,2,11,21,27,21,0.7017479,1
0,1,2,2,0,2.507553,0.3085001,0.3085001,15,3,3,27,27,27,1,2,11,21,27,21,0.8020836,1
0,1,2,2,0,3.007552,0.3085001,0.3085001,15,3,3,27,27,27,1,2,11,21,27,21,0.9024184,1
0,1,2,2,0,3.507552,0.3085001,0.3085001,15,3,3,27,27,27,0,2,11,21,27,21,1.015115,1
0,1,2,2,0,4.007552,8.3085,0.3085001,15,3,3,27,27,27,0,2,11,21,27,21,1.10321,1
0,1,2,2,0,4.507551,8.3085,0.3085001,15,3,3,27,27,27,0,2,11,21,27,21,1.203232,1
0,1,2,1,0,4.807551,0.3085001,0.3075551,15,3,3,27,27,27,0,2,11,21,27,21,1.313669,3
0,1,2,1,0,4.807551,0.008498904,0.6075562,15,3,3,27,27,27,0,2,11,21,27,21,1.401711,3
0,1,2,1,0,4.807551,0.008498904,0.6075562,15,3,3,27,27,27,0,2,11,21,27,21,1.500131,3
0,1,2,1,0,4.807551,0.008498904,0.6075562,15,3,3,27,27,27,0,2,11,21,27,21,1.603153,3
0,1,2,1,0,4.807551,0.008498904,0.6075562,15,3,3,27,27,27,0,2,11,21,27,21,1.703913,3
0,1,2,2,0,4.307551,8.008499,0.6085013,15,3,3,27,27,27,0,2,11,21,27,21,1.801381,2
0,1,2,2,0,4.107551,8.008499,0.6085013,15,3,3,27,27,27,0,2,11,21,27,21,1.9038,3
2,2,2,2,0.5085037,0.1084964,7.708498,0.9085024,15,3,3,27,27,27,0,2,11,21,27,21,2.002891,3
2,2,2,2,0.5085037,0.1084964,7.208496,1.408504,15,3,3,27,27.3,27,0,2,11,21,27,21,2.101506,3
2,2,2,2,0.5085037,0.1084964,6.708494,1.908506,15,3,3,27,27.3,27,0,2,11,21,27,21,2.200939,3
2,2,2,2,0.5085037,0.1084964,6.208492,2.408508,15,3,3,27,27.3,27,0,2,11,21,27,21,2.303114,3
2,2,2,2,0.5085037,0.1084964,5.70849,2.90851,15,3,3,27,27.3,27,0,2,11,21,27,21,2.400209,3
2,2,2,2,0.5085037,0.1084964,5.308488,3.308511,15,3,3,27,27.3,27,0,2,11,21,27,21,2.501505,3
2,2,2,2,0.208504,0.4084962,5.308488,3.308511,15,3,3,27,27.3,27,0,2,11,21,27,21,2.602271,1
2,2,2,2,0.00850415,0.608496,5.308488,3.308511,15,3,3,27,27.3,27,0,2,11,21,27,21,2.700543,1
2,2,2,2,0.00850415,0.608496,5.308488,3.308511,15,3,3,27,27.3,27,0,2,11,21,27,21,2.80257,1
2,2,2,2,0.00850415,0.608496,5.308488,3.308511,15,3,3,27,27.3,27,0,2,11,21,27,21,2.901351,1
2,2,2,2,0.00850415,0.608496,5.308488,3.308511,15,3,3,27,27.3,27,0,2,11,21,27,21,3.000506,1
2,2,2,2,0.9085043,0.7084959,1.308489,0.3085115,15,3,3,27,27.3,27,1,2,11,21,27,21,3.103562,1
2,2,2,2,0.4085048,1.208495,1.308489,0.3085115,15,3,3,27,27.3,27,1,2,11,21,27,21,3.203699,1
2,2,2,2,0.9085034,1.708497,1.308489,0.3085115,15,3,3,27,27.3,27,1,2,11,21,27,21,3.303505,1
2,2,2,2,1.408502,2.208498,1.308489,0.3085115,15,3,3,27,27.3,27,1,2,11,21,27,21,3.401062,1
2,2,2,2,0.9084996,2.708501,1.308488,0.3085115,15,3,3,27,27.3,27,1,2,11,21,27,21,3.502497,1
2,2,2,2,1.408498,3.208502,1.308488,0.3085115,15,3,3,27,27.3,27,1,2,11,21,27,21,3.603421,1
2,2,2,2,0.9084957,3.708505,1.308489,0.3085115,15,3,3,27,27.3,27,0,2,11,21,27,21,3.702947,1
2,2,2,2,1.408494,4.208506,1.308489,0.3085115,15,3,3,27,27.3,27,1,2,11,21,27,21,3.802181,1
2,2,2,2,2.208493,4.408507,1.108488,0.5085123,15,3,3,27,27.3,27,1,2,11,21,27,21,3.902768,3
2,2,2,2,0.208493,4.408507,0.608486,1.008514,15,3,3,27,27.3,27,1,2,11,21,27,21,4.004844,3
2,2,2,2,0.208493,4.408506,1.108484,1.508516,15,3,3,27.3,27.3,27,1,2,11,21,27,21,4.102113,3
2,2,2,2,0.208493,0.4085071,0.6084822,2.008518,15,3,3,27.3,27.3,27,0,2,11,21,27,21,4.202801,3
2,2,2,2,0.208493,0.4085071,3.10848,2.50852,15,3,3,27.3,27.3,27,1,2,11,21,27,21,4.300173,3
2,2,0,2,0.208493,0.4085071,0,2.50852,15,3,3,27.3,27.3,27,0,2,11,21,27,21,4.404182,3
2,2,0,2,0.208493,0.4085071,0,2.50852,15,3,3,27.3,27.3,27,0,2,11,21,27,21,4.501669,3
2,2,2,2,0.008492229,0.6085079,4.10848,2.50852,15,3,3,27.3,27.3,27,1,2,11,21,27,21,4.604524,1
2,2,2,2,0.008492229,0.6085079,4.10848,2.50852,15,3,3,27.3,27.3,27,0,2,11,21,27,21,4.702607,1
2,2,2,2,0.6084908,1.008509,0.1084802,2.50852,15,3,3,27.3,27.3,27,1,2,11,21,27,21,4.803496,1
2,2,2,2,1.108489,1.508511,0.1084802,2.50852,15,3,3,27.3,27.3,27,1,2,11,21,27,21,4.901434,1
2,2,2,2,0.9084881,1.708512,0.008479831,2.60852,15,3,3,27.3,27.3,27,1,2,11,21,27,21,5.003499,3
2,2,2,2,0.9084881,1.708512,3.908479,2.70852,15,3,3,27.3,27.3,27,1,2,11,21,27,21,5.103128,3
2,2,1,2,0.608487,2.008513,10.90754,2.70852,15,3,3,27.3,27.3,27,1,2,11,21,27,21,5.200976,1
2,2,1,2,1.108485,2.508515,10.90754,2.70852,15,3,3,27.3,27.3,27,1,2,11,21,27,21,5.302221,1
2,2,2,2,0.6084831,3.008517,2.908479,1.708521,15,3,3,27.3,27.3,27,1,2,11,21,27,21,5.402692,1
2,2,2,2,0.6084831,3.008517,2.908479,1.708521,15,3,3,27.3,27.3,27,1,2,11,21,27,21,5.503746,1
2,2,2,2,0.1084812,3.508519,2.908479,1.708521,15,3,3,27.3,27.3,27,0,2,11,21,27,21,5.603168,1
2,2,2,2,0.008480784,3.608519,2.908479,1.708521,15,3,3,27.3,27.3,27,1,2,11,21,27,21,5.701328,3
2,2,2,2,0.008480784,3.608519,2.508478,2.108522,15,3,3,27.3,27.3,27,1,2,11,21,27,21,5.800852,3
2,2,2,2,0.008480784,3.608519,2.408478,2.208523,15,3,3,27.3,27.3,27,1,2,11,21,27,21,5.901807,1
2,2,2,2,0.008480784,3.608519,2.408478,2.208523,15,3,3,27.3,27.3,27,1,2,11,21,27,21,6.003559,1
2,2,2,2,2.70848,3.90852,2.408477,2.208523,15,3,3,27.3,27.3,27,1,2,11,21,27,21,6.101161,1
2,2,2,2,2.208478,4.408522,2.408478,2.208523,15,3,3,27.3,27.3,27,0,2,11,21,27,21,6.201066,1
0,2,2,1,0,4.908524,2.408478,0.2075776,15,3,3,27.3,27.3,27,0,2,11,21,27,21,6.30022,1
2,2,2,1,2.208475,5.408525,2.408478,0.2075776,15,3,3,27.3,27.3,27,1,2,11,21,27,21,6.400598,1
2,2,2,1,1.708473,5.908527,2.408478,0.2075776,15,3,3,27.3,27.3,27,1,2,11,21,27,21,6.502525,1
0,2,1,1,0,6.408529,10.40753,0.2075776,15,3,3,27.3,27.3,27,0,2,11,21,27,21,6.601327,1
2,2,2,1,1.708469,6.908531,2.408478,0.2075776,15,3,3,27.3,27.3,27,0,2,11,21,27,21,6.702011,1
2,2,2,1,2.208467,7.408533,2.408478,0.2075776,15,3,3,27.3,27.3,27,1,2,11,21,27,21,6.801599,1
0,2,2,1,0,7.908535,2.408478,0.2075776,15,3,3,27.3,27.3,27,0,2,11,21,27,21,6.902911,1
2,2,2,2,2.208463,8.408537,2.408478,2.208523,15,3,3,27.3,27.3,27,1,2,11,21,27,21,7.003688,1
0,2,2,1,0,8.908539,2.408478,0.2075776,15,3,3,27.3,27.3,27,0,2,11,21,27,21,7.103201,1
0,2,2,1,0,9.408541,2.408477,0.2075776,15,3,3,27.3,27.3,27,0,2,11,21,27,21,7.200107,1
0,2,2,1,0,9.908543,2.408478,0.2075776,15,3,3,27.3,27.3,27,0,2,11,21,27,21,7.300494,1
2,2,2,1,2.208456,10.40854,2.408478,0.2075776,15,3,3,27.3,27.3,27,1,2,11,21,27,21,7.403104,1
0,2,2,1,0,10.90855,2.408478,0.2075776,15,3,3,27.3,27.3,27,0,2,11,21,27,21,7.50561,1
2,2,2,1,2.208452,11.40855,2.408478,0.2075776,15,3,3,27.3,27.3,27,1,2,11,21,27,21,7.600933,1
0,2,2,1,0,11.80855,2.408477,0.2075776,15,3,3,27.3,27.3,27,0,2,11,21,27,21,7.703774,3
1,2,2,1,4.807506,11.80855,2.008476,0.6075791,15,3,3,27.3,27.3,27,1,2,11,21,27,21,7.804777,3
1,2,0,1,4.807506,11.80855,0,1.107581,15,3,3,27.3,27.3,27,0,2,11,21,27,21,7.900838,3
1,2,2,1,4.807505,11.80855,1.008472,1.607583,15,3,3,27.3,27.3,27,0,2,11,21,27,21,8.00381,3
1,1,0,1,4.807505,19.80761,0,2.107585,15,3,3,27.3,26.8,27,0,2,11,21,27,21,8.100279,3
1,1,2,1,4.807506,19.80761,0.008468387,2.607587,15,3,3,27.3,26.3,27,0,2,11,21,27,21,8.20418,3
1,1,2,1,4.807506,19.80761,0.008468387,2.607587,15,3,3,27.3,25.8,27,0,2,11,21,27,21,8.302913,3
1,1,2,1,4.807506,19.80761,0.008468387,2.607587,15,3,3,27.3,25.29999,27,0,2,11,21,27,21,8.400157,3
1,1,2,1,4.807506,19.80761,0.008468387,2.607587,15,3,3,27.3,24.79999,27,0,2,11,21,27,21,8.502164,3
1,1,2,1,4.807506,19.80761,0.008468387,2.607587,15,3,3,27.3,24.29999,27,1,2,11,21,27,21,8.603382,3
1,1,2,1,4.807506,19.80761,0.008468387,2.607587,15,3,3,27.3,23.79999,27,1,2,11,21,27,21,8.702666,0
1,1,2,1,4.807506,19.80761,0.008468387,2.607587,15,3,3,27.3,23.29999,27,1,2,11,21,27,21,8.801016,0
1,1,2,1,4.907506,19.7076,0.3084695,2.307585,15,3,3,27.3,22.79998,27,1,2,11,21,27,21,8.903924,2
1,1,2,1,5.007506,19.6076,0.1084688,2.507586,15,3,3,27.3,22.29998,27,1,2,11,21,27,21,9.000553,3
1,1,2,1,5.007506,19.6076,0.008468387,2.607587,15,3,3,27.3,21.79998,27,1,2,11,21,27,21,9.101317,3
1,1,2,1,5.007506,19.6076,0.008468387,2.607587,15,3,3,27.3,21.29998,27,1,2,11,21,27,21,9.203285,3
1,1,2,1,5.007506,19.6076,0.008468387,2.607587,15,3,3,27.3,20.79998,27,1,2,11,21,27,21,9.300423,3
6,1,2,1,3.357701,19.6076,0.008468387,2.607587,15,3,3,27.3,20.29997,27,1,2,11,21,27,21,9.402875,3
6,1,2,1,3.657702,19.3076,0.008468387,2.607587,15,3,3,27.3,19.79997,27,1,2,11,21,27,21,9.501066,2
6,1,2,1,3.957703,19.0076,0.008468387,2.607587,15,3,3,27.3,19.29997,27,1,2,11,21,27,21,9.602924,3
5,1,2,1,3.308454,19.0076,0.008468387,2.607587,15,3,3,27.3,19.29997,26.5,1,2,11,21,27,21,9.702337,3
5,1,2,1,2.508455,19.0076,0.008468387,2.607587,15,3,3,27.3,19.29997,26,1,2,11,21,27,21,9.804002,3
5,1,2,1,1.708456,19.0076,0.008468387,2.607587,15,3,3,27.3,19.29997,25.49999,1,2,11,21,27,21,9.901737,3
5,1,2,1,0.9084566,19.0076,0.008468387,2.607587,15,3,3,27.3,19.29997,24.99999,1,2,11,21,27,21,10.00002,3
5,1,2,1,0.1084573,19.0076,0.008468387,2.607587,15,3,3,27.3,18.79997,24.99999,1,2,11,21,27,21,10.10096,3
6,1,2,1,1.957696,19.0076,1.008469,2.607587,15,3,3,27.3,18.29997,24.99999,1,1,11,21,27,21,10.2027,3
1,1,2,1,5.107506,19.5076,1.008469,2.607587,15,3,3,27.3,17.79996,24.99999,1,1,11,21,27,21,10.30036,1
1,0,2,2,4.607504,0,5.008468,4.608531,15,3,3,27.3,17.29996,24.99999,1,1,11,21,27,21,10.40484,1
1,0,2,2,4.107503,0,5.008468,4.608531,15,3,3,27.3,16.79996,24.99999,1,1,11,21,27,21,10.50043,1
0,0,2,6,0,0,1.008469,1.657822,15,3,3,27.3,16.29996,24.99999,0,1,11,21,27,21,10.6022,1
0,0,2,6,0,0,1.008468,2.157825,15,3,3,27.3,15.79996,24.99999,0,1,11,21,27,21,10.70338,1
0,0,2,6,0,0,0.008468387,2.657826,15,3,3,27.3,15.29996,24.99999,0,1,11,21,27,21,10.80374,4
1,0,2,6,2.907498,0,0.5084704,2.657826,15,3,3,27.3,14.79995,24.99999,0,1,11,21,27,21,10.90141,4
1,2,2,0,2.907498,13.70856,1.008472,0,15,3,3,27.3,14.29995,24.99999,0,1,11,21,27,21,11.00159,4
1,2,2,0,2.907498,13.70856,1.508474,0,15,3,3,27.3,13.79995,24.99999,0,1,11,21,27,21,11.10333,4
1,2,2,0,2.907498,13.70856,2.008476,0,15,3,3,27.3,13.29995,24.99999,0,1,11,21,27,21,11.20303,4
1,2,2,2,2.907498,13.70856,2.508478,2.108522,15,3,3,27.3,12.79995,24.99999,1,1,11,21,27,21,11.30218,4
1,1,2,0,2.907498,1.707612,2.908479,0,15,3,3,27.3,12.29994,24.99999,0,1,11,21,27,21,11.40073,0
1,1,2,0,2.907498,1.707612,2.908479,0,15,3,3,27.3,11.79994,24.99999,0,1,11,21,27,21,11.50012,0
1,1,2,0,2.907498,1.707612,2.908479,0,15,3,3,27.3,11.29994,24.99999,0,1,11,21,27,21,11.60106,0
1,1,2,6,2.907498,1.707612,2.908479,4.257833,15,3,3,27.3,10.79994,24.99999,1,1,11,21,27,21,11.70331,0
1,1,2,6,3.3075,1.307611,3.908479,4.757834,15,3,3,27.3,10.29994,24.99999,1,1,11,21,27,21,11.80291,2
1,1,2,2,3.807501,0.8076084,3.908479,1.708521,15,3,3,27.3,9.799934,24.99999,1,1,11,21,27,21,11.90104,2
1,1,2,2,4.307504,0.3076066,7.90848,1.708521,15,3,3,27.3,9.299932,24.99999,1,1,11,21,27,21,12.00324,2
1,1,2,2,4.607504,0.007605433,7.90848,1.708521,15,3,3,27.3,9.299932,25.49999,1,1,11,21,27,21,12.10185,2
1,1,2,2,4.607504,0.007605433,7.90848,1.708521,15,3,3,27.3,9.299932,26,1,1,11,21,27,21,12.20163,2
1,1,2,2,4.607504,0.007605433,7.90848,1.708521,15,3,3,27.3,9.299932,26.5,1,1,11,21,27,21,12.3001,2
1,1,2,2,4.607504,0.007605433,7.90848,1.708521,15,3,3,27.3,9.299932,27,1,1,11,21,27,21,12.4024,0
1,1,2,2,4.607504,0.007605433,8.208481,1.408519,15,3,3,27.3,9.299932,27.3,1,1,11,21,27,21,12.50026,4
1,1,2,2,4.407504,0.2076062,8.308481,1.308519,15,3,3,27.3,9.299932,27.3,1,1,11,21,27,21,12.60263,1
1,1,2,2,3.907502,0.707608,4.308481,1.308519,15,3,3,27.3,9.299932,27.3,1,1,11,21,27,21,12.70091,1
1,1,2,2,3.4075,1.20761,4.308481,5.308519,15,3,3,27.3,9.299932,27.3,1,1,11,21,27,21,12.80387,1
1,1,2,2,2.907498,1.707612,3.308481,5.308519,15,3,3,27.3,9.299932,27.3,1,1,11,21,27,21,12.90039,1
1,1,2,2,2.407496,2.207614,3.308481,10.30852,15,3,3,27.3,9.299932,27.3,1,1,11,21,27,21,13.00268,1
1,1,2,2,1.907494,2.707616,3.308481,10.30852,15,3,3,27.3,9.299932,27.3,1,1,11,21,27,21,13.10188,1
1,1,2,2,1.407493,3.207618,3.308481,10.30852,15,3,3,27.3,9.299932,27.3,1,1,11,21,27,21,13.20115,1
1,1,2,6,1.307492,3.307618,3.408482,4.857834,15,3,3,27.3,9.699934,27.3,1,1,11,21,27,21,13.30417,4
1,1,2,6,1.307492,3.307618,3.908483,3.857831,15,3,3,27.3,10.19994,27.3,0,1,11,21,27,21,13.40231,4
1,1,2,0,1.507493,3.107617,4.008483,0,15,3,3,27.3,10.69994,27.3,0,1,11,21,27,21,13.50062,2
1,1,2,2,2.007495,2.607615,4.008483,9.608517,15,3,3,27.3,11.19994,27.3,0,1,11,21,27,21,13.60301,2
1,1,2,2,2.507497,2.107614,4.008484,9.608517,15,3,3,27.3,100,100,1,1,11,21,27,21,13.70098,2
1,1,2,2,3.007499,1.607612,5.008483,4.608516,15,3,3,27.3,100,100,1,1,11,21,27,21,13.80408,2
1,1,2,2,3.507501,1.10761,5.008483,4.608517,15,3,3,27.3,100,100,1,1,11,21,27,21,13.90234,2
1,1,2,2,3.907502,0.707608,5.008483,0.6085165,15,3,3,27.3,100,100,1,1,11,21,27,21,14.00004,0
1,1,2,2,3.807501,0.8076085,5.008483,0.6085165,15,3,3.5,27.3,100,100,1,1,11,21,27,21,14.10072,1
1,1,2,2,3.3075,1.307611,5.008483,4.608516,15,3,3.999999,27.3,100,100,1,1,11,21,27,21,14.20239,1
1,1,2,2,2.807498,1.807612,4.008484,4.608516,15,3,4.499999,27.3,100,100,1,1,11,21,27,21,14.30063,1
1,1,2,2,2.307496,2.307614,4.008483,9.608517,15,3,4.999998,27.3,100,100,1,1,11,21,27,21,14.40139,1
1,1,2,2,1.807494,2.807616,4.008483,9.608517,15,3,5.499998,27.3,100,100,1,1,11,21,27,21,14.50238,1
1,1,2,6,1.307492,3.307618,4.008483,7.95777,15,3,5.999997,27.3,100,100,1,1,11,21,27,21,14.60029,1
1,1,2,5,0.8074902,3.80762,4.008483,6.22852,15,3,6.499997,27.3,100,100,1,1,11,21,27,21,14.7027,4
1,1,2,5,0.8074902,3.807619,4.308485,5.12852,15,3,6.999996,27.3,100,100,0,1,11,21,27,21,14.80232,4
1,2,2,0,0.8074902,2.808565,4.708486,0,15,3,7.499996,27.3,100,100,0,1,11,21,27,21,14.90298,4
1,2,2,6,1.207492,2.408564,4.708486,5.257768,15,3,7.999995,27.3,100,100,0,1,11,21,27,21,15.00237,2
1,2,2,2,1.707494,1.908561,4.708486,8.908514,15,3,8.499997,27.3,100,100,1,1,11,21,27,21,15.1038,2
1,2,2,2,2.207496,1.40856,4.708486,8.908514,15,3,8.999999,27.3,100,100,1,1,11,21,27,21,15.20182,2
1,2,2,2,2.707498,0.9085578,4.708486,3.908514,15,3,9.500001,27.3,100,100,1,1,11,21,27,21,15.30256,2
1,2,2,2,3.2075,0.4085558,5.708486,3.908514,15,3,10,27.3,100,100,1,1,11,21,27,21,15.40241,2
1,2,2,2,3.4075,0.208555,5.708486,3.908514,15,3,10.5,27.3,100,100,1,1,11,21,27,21,15.50241,0
1,2,2,2,3.4075,0.208555,5.708486,3.908514,15,3,11.00001,27.3,100,100,1,1,11,21,27,21,15.60158,0
1,2,2,2,3.4075,0.208555,5.708486,3.908514,15,3,11.50001,27.3,100,100,1,1,11,21,27,21,15.70052,1
1,2,2,2,2.907498,0.708557,4.708486,3.908514,15,3,12.00001,27.3,100,100,1,1,11,21,27,21,15.80056,1
0,2,2,2,0,0.708557,4.708486,3.908514,15,3,12.50001,27.3,100,100,0,1,11,21,27,21,15.90278,0
0,2,2,2,0,0.708557,4.708486,3.908514,15,3,13.00001,27.3,100,100,0,1,11,21,27,21,16.00234,0
0,2,2,2,0,0.708557,4.708486,3.908514,15,3,12.50001,27.3,100,100,0,1,11,21,27,21,16.10247,0
0,2,2,2,0,0.708557,4.708486,3.908514,15,3,12.00001,27.3,100,100,0,1,11,21,27,21,16.20433,0
1,2,2,2,2.907498,0.708557,4.708486,3.908514,15,3,11.50001,27.3,100,100,0,1,11,21,27,21,16.30166,0
0,2,2,2,0,0.708557,4.708486,3.908514,15,3,11.00001,27.3,100,100,0,1,11,21,27,21,16.4016,0
0,2,2,2,0,0.708557,4.708486,3.908514,15,3,10.5,27.3,100,100,0,1,11,21,27,21,16.50331,0
1,2,2,2,2.907498,0.708557,4.708486,3.908514,15,3,10,27.3,100,100,1,1,11,21,27,21,16.60079,0
1,2,2,2,2.807498,0.8085573,4.708486,3.908514,15,3,9.500001,27.3,100,100,1,1,11,21,27,21,16.70201,1
1,2,2,2,2.307496,1.308559,4.708486,8.908514,15,3,8.999999,27.3,100,100,1,1,11,21,27,21,16.80268,1
1,2,2,2,1.807494,1.808561,4.708486,8.908514,15,3,8.499997,27.3,100,100,1,1,11,21,27,21,16.9001,1
1,2,2,6,1.307492,2.308563,4.708486,5.257768,15,3,7.999996,27.3,100,100,1,1,11,21,27,21,17.00241,1
1,2,2,6,1.207492,2.408563,4.908487,4.557766,15,3,8.499997,27.3,100,100,1,1,11,21,27,21,17.10113,4
1,2,2,6,1.207492,2.408564,5.408489,3.557762,15,3,8.999999,27.3,100,100,0,1,11,21,27,21,17.20191,4
1,2,2,0,1.307492,2.308563,5.508489,0,15,3,9.500001,27.3,100,100,0,1,11,21,27,21,17.30081,2
1,2,2,2,1.807494,1.808561,5.508489,8.108511,15,3,100,100,100,100,1,1,11,21,27,21,17.40207,2
1,0,2,2,2.307496,0,5.508489,8.108511,15,3,100,100,100,100,0,1,11,21,27,21,17.50266,2
1,1,2,2,2.807498,1.807612,5.508489,3.108511,15,3,100,100,100,100,1,1,11,21,27,21,17.60332,4
1,2,2,2,2.807498,0.8085573,5.70849,2.90851,15,3,100,100,100,100,1,1,11,21,27,21,17.70415,4
1,2,2,2,2.807498,0.8085573,6.208492,2.408508,15,3,100,100,100,100,1,1,11,21,27,21,17.80288,4
1,2,2,2,2.807498,0.8085573,6.708494,1.908506,15,3,100,100,100,100,1,1,11,21,27,21,17.9024,4
1,2,2,2,2.807498,0.8085573,7.208496,1.408504,15,3,100,100,100,100,1,1,11,21,27,21,18.00301,4
1,2,2,2,2.807498,0.8085573,7.708498,0.9085024,15,3,100,100,100,100,0,1,11,21,27,21,18.10155,4
1,0,2,2,2.807498,0,8.2085,1.408501,15,3,100,100,100,100,1,1,11,21,27,21,18.20333,4
1,0,2,2,2.807498,0,8.408501,4.208499,15,3,100,100,100,100,1,1,11,21,27,21,18.30187,4
1,0,2,2,3.2075,0,9.408501,4.208499,15,3,100,100,100,100,1,1,11,21,27,21,18.40032,2
1,0,2,2,3.707501,0,0.4085005,1.2085,15,3,100,100,100,100,1,1,11,21,27,21,18.50306,2
1,0,2,2,4.207503,0,0.4085005,1.2085,15,3,100,100,100,100,0,1,11,21,27,21,18.60348,2
1,0,2,2,4.707505,0,0.4085005,0.2084997,15,3,100,100,100,100,0,1,11,21,27,21,18.70211,2
1,0,2,2,5.207507,0,0.4085005,0.2084997,15,3,100,100,100,100,0,1,11,21,27,21,18.802,2
1,0,2,2,5.707509,0,0.4085005,0.2084997,15,3,100,100,100,100,0,2,100,100,27,21,18.90025,2
1,0,2,2,6.20751,0,0.4085005,0.2084997,15,3,100,100,100,100,0,2,100,100,27,21,19.0032,2
1,0,2,2,6.407511,0,0.4085005,0.2084997,15,3,100,100,100,100,0,2,100,100,27,21,19.10313,0
1,0,2,2,6.407511,0,0.4085005,0.2084997,15,3,100,100,100,100,0,2,100,100,27,21,19.20329,0
1,0,2,2,6.407511,0,0.5085009,0.1084993,15,3,100,100,100,100,0,2,100,100,27,21,19.30437,4
1,0,2,2,6.407511,0,0.6085013,0.008498904,15,3,100,100,100,100,0,2,100,100,27,21,19.40346,4
1,0,2,2,6.407511,0,0.6085013,0.008498904,15,3,100,100,100,100,0,2,100,100,27,21,19.50107,4
1,0,2,2,6.407511,0,0.6085013,0.008498904,15,3,100,100,100,100,0,2,100,100,27,21,19.60135,4
1,0,2,2,6.407511,0,0.6085013,0.008498904,15,3,100,100,100,100,0,2,100,100,27,21,19.70159,4
1,0,2,2,6.407511,0,0.6085013,0.008498904,15,3,100,100,100,100,0,2,100,100,27,21,19.80236,4
1,0,2,2,6.507512,0,0.6085013,0.008498904,15,3,100,100,100,100,0,2,100,100,27,21,19.90288,2
1,0,2,2,7.007514,0,0.6085013,0.008498904,15,3,100,100,100,100,0,2,100,100,27,21,20.00069,2
1,0,2,2,7.507515,0,0.6085013,0.008498904,15,3,100,100,100,100,0,2,100,100,27,21,20.10229,2
1,0,2,2,8.007518,0,0.6085013,0.008498904,15,3,100,100,100,100,0,2,100,100,27,21,20.20054,2
1,0,2,2,8.50752,0,0.6085013,0.008498904,15,3,100,100,100,100,0,2,100,100,27,21,20.30149,2
1,0,2,2,9.007522,0,0.6085013,0.008498904,15,3,100,100,100,100,0,2,100,100,27,21,20.40243,2
1,0,2,2,9.507524,0,0.6085013,0.008498904,15,3,100,100,100,100,0,2,100,100,27,21,20.50312,2
1,0,1,1,10.00753,0,2.607556,8.007553,15,3,100,100,100,100,0,2,100,100,27,21,20.60044,2
1,0,1,1,10.50753,0,2.607556,8.007554,15,3,100,100,100,100,0,2,100,100,27,21,20.70279,2
1,0,2,2,11.00753,0,0.6085013,0.008498904,15,3,100,100,100,100,0,2,100,100,27,21,20.80363,2
1,0,2,2,11.50753,0,0.6085013,0.008498904,15,3,100,100,100,100,0,2,100,100,27,21,20.90164,2
1,0,2,2,12.00753,0,0.6085013,0.008498904,15,3,100,100,100,100,0,2,100,100,27,21,21.00209,2
1,0,2,2,12.50753,0,0.6085013,0.008498904,15,3,100,100,100,100,0,2,100,100,27,21,21.10193,2
1,0,2,2,12.70753,0,0.6085013,0.008498904,15,3,100,100,100,100,0,2,100,100,27,21,21.20183,3
1,0,2,2,12.70753,0,0.1084993,0.5085009,15,3,100,100,100,100,0,2,100,100,27,21,21.30131,3
1,0,2,2,12.70753,0,0.008498904,0.6085013,15,3,100,100,100,100,0,2,100,100,27,21,21.40115,3
1,0,2,2,12.70753,0,0.008498904,0.6085013,15,3,100,100,100,100,0,2,100,100,27,21,21.50359,3
1,0,2,2,12.70753,0,0.008498904,0.6085013,15,3,100,100,100,100,0,2,100,100,27,21,21.60027,3
1,0,2,2,13.00754,0,0.008498904,0.6085013,15,3,100,100,100,100,0,2,100,100,27,21,21.70203,2
1,0,2,2,13.50754,0,0.008498904,0.6085013,15,3,100,100,100,100,0,2,100,100,27,21,21.80074,2
1,0,2,2,13.50754,0,0.008498904,0.6085013,15,3,100,100,100,100,0,2,100,100,27,21,21.90011,3
1,1,2,2,13.50754,11.10757,0.008498904,0.6085013,15,3,100,100,100,100,1,2,100,100,27,21,22.00229,3
2,2,2,2,0.5084837,0.1085165,0.9084986,0.7085016,15,3,100,100,100,100,1,2,100,100,27,21,22.1027,3
2,2,2,2,0.5084837,0.1085165,0.4084966,1.208503,15,3,100,100,100,100,1,2,100,100,27,21,22.20214,3
2,2,2,2,0.5084837,0.1085164,6.908494,1.708506,15,3,100,100,100,100,1,2,100,100,27,21,22.301,3
2,2,2,2,0.5084837,0.1085165,6.408493,2.208507,15,3,100,100,100,100,0,2,100,100,27,21,22.40252,3
2,2,0,2,0.5084837,0.1085165,0,2.708509,15,3,100,100,100,100,0,2,100,100,27,21,22.50093,3
2,2,0,2,0.5084837,7.108516,0,3.208511,15,3,100,100,100,100,0,2,100,100,27,21,22.6025,3
2,2,0,2,0.5084837,7.108516,0,3.708513,15,3,100,100,100,100,0,2,100,100,27,21,22.70292,3
1,2,0,2,1.507539,7.108516,0,4.208515,15,3,100,100,100,100,0,2,100,100,27,21,22.80362,3
1,2,0,2,1.507539,3.108517,0,4.708517,15,3,100,100,100,100,0,2,100,100,27,21,22.90005,3
1,2,2,2,1.507539,3.108516,4.408482,5.208519,15,3,100,100,100,100,1,2,100,100,27,21,23.00311,3
1,2,0,2,1.507539,3.108516,0,5.70852,15,3,100,100,100,100,0,2,100,100,27,21,23.10211,3
1,2,0,2,13.50754,3.108516,0,6.208522,15,3,100,100,100,100,0,2,100,100,27,21,23.20256,3
1,2,0,2,13.50754,3.108516,0,6.708525,15,3,100,100,100,100,0,2,100,100,27,21,23.30196,3
1,2,2,2,13.50754,3.108517,3.408474,7.208526,15,3,100,100,100,100,1,2,100,100,27,21,23.40273,3
1,2,2,2,13.50754,3.108516,2.908472,7.708529,15,3,100,100,100,100,1,2,100,100,27,21,23.5026,3
1,1,0,2,13.50754,11.10757,0,8.20853,15,3,100,100,100,100,0,2,100,100,27,21,23.60087,3
2,1,0,2,0.5084837,3.107572,0,8.708532,15,3,100,100,100,100,0,2,100,100,27,21,23.70078,3
2,1,2,2,0.5084837,3.107572,2.408466,9.208534,15,3,100,100,100,100,1,2,100,100,27,21,23.80278,3
2,2,0,2,0.5084837,1.108516,0,9.708536,15,3,100,100,100,100,0,2,100,100,27,21,23.90354,3
2,2,0,2,0.5084837,1.108517,0,10.20854,15,3,100,100,100,100,0,2,100,100,27,21,24.00159,3
2,2,0,2,0.2084825,1.408518,0,10.30854,15,3,100,100,100,100,0,2,100,100,27,21,24.10059,1
2,2,0,2,0.008481738,1.608518,0,10.30854,15,3,100,100,100,100,0,2,100,100,27,21,24.20241,1
2,2,0,2,0.008481738,1.608518,0,10.30854,15,3,100,100,100,100,0,2,100,100,27,21,24.30357,1
2,2,0,2,0.008481738,1.608518,0,10.30854,15,3,100,100,100,100,0,2,100,100,27,21,24.40332,1
2,2,1,2,0.008481738,1.608518,4.308462,10.30854,15,3,100,100,100,100,1,2,100,100,27,21,24.50089,1
2,2,2,2,2.808481,1.808519,0.3084619,6.308538,15,3,100,100,100,100,1,2,100,100,27,21,24.60258,1
2,2,2,2,2.60848,2.00852,0.3084619,6.308538,15,3,100,100,100,100,1,2,100,100,27,21,24.70245,3
2,2,2,2,2.60848,2.00852,0.8084601,6.80854,15,3,100,100,100,100,1,2,100,100,27,21,24.80029,3
2,2,1,2,2.60848,2.00852,3.508459,7.108541,15,3,100,100,100,100,1,2,100,100,27,21,24.90281,3
2,2,2,2,2.208479,2.408522,3.508459,7.108541,15,3,100,100,100,100,1,2,100,100,27,21,25.00398,1
0,2,2,1,0,2.908524,3.508459,5.107596,15,3,100,100,100,100,0,2,100,100,27,21,25.10208,1
2,2,2,1,2.208475,3.408525,3.508459,5.107596,15,3,100,100,100,100,1,2,100,100,27,21,25.2036,1
0,2,2,1,0,3.908527,3.508459,5.107596,15,3,100,100,100,100,0,2,100,100,27,21,25.30123,1
2,2,1,1,2.208471,4.408529,5.507514,5.107596,15,3,100,100,100,100,1,2,100,100,27,21,25.40289,1
0,2,1,1,0,4.408529,5.507514,5.107596,15,3,100,100,100,100,0,2,100,100,27,21,25.50253,3
2,2,1,1,3.208471,4.408529,5.507514,5.107596,15,3,100,100,100,100,1,2,100,100,27,21,25.60046,3
0,2,1,1,0,4.408529,5.207512,5.407598,15,3,100,100,100,100,0,2,100,100,27,21,25.70535,3
0,2,1,1,0,4.408529,4.707511,5.907599,15,3,100,100,100,100,0,2,100,100,27,21,25.80037,3
1,1,1,1,10.20753,14.40758,4.207509,6.407601,15,3,100,100,100,100,1,2,100,100,27,21,25.90226,3
2,2,0,1,0.2084711,4.408529,0,6.907603,15,3,100,100,100,100,0,2,100,100,27,21,26.00189,3
2,2,0,1,0.2084711,4.408529,0,7.207604,15,3,100,100,100,100,0,2,100,100,27,21,26.10335,3
2,2,0,1,0.008470294,4.60853,0,7.207604,15,3,100,100,100,100,0,2,100,100,27,21,26.20149,1
2,2,1,1,0.008470294,4.60853,3.407506,7.207604,15,3,100,100,100,100,1,2,100,100,27,21,26.30136,1
2,2,1,1,1.00847,4.60853,3.407506,7.207604,15,3,100,100,100,100,1,2,100,100,27,21,26.40093,3
2,2,1,1,1.00847,4.60853,3.007504,7.607606,15,3,100,100,100,100,1,2,100,100,27,21,26.50098,3
2,2,1,1,1.00847,4.608529,2.907504,7.707606,15,3,100,100,100,100,1,2,100,100,27,21,26.59998,1
2,2,1,2,1.508468,5.108531,2.907504,2.708551,15,3,100,100,100,100,1,2,100,100,27,21,26.70094,1
2,2,1,2,1.008467,5.608533,2.907504,2.708551,15,3,100,100,100,100,1,2,100,100,27,21,26.80066,1
2,2,1,2,0.5084646,6.108535,2.907504,2.708551,15,3,100,100,100,100,1,2,100,100,27,21,26.90122,1
2,2,1,2,0.008462665,6.608537,2.907504,2.708551,15,3,100,100,100,100,1,2,100,100,27,21,27.00268,1
2,2,1,2,0.008462665,6.608537,2.907504,2.708551,15,3,100,100,100,100,1,2,100,100,27,21,27.10018,1
2,2,1,2,0.008462665,6.608537,2.907504,2.708551,15,3,100,100,100,100,0,2,100,100,27,21,27.20183,1
2,2,1,2,0.008462665,6.608537,2.807504,2.808552,15,3,100,100,100,100,0,2,100,100,27,21,27.3016,3
2,2,1,2,0.008462665,6.608537,2.307502,3.308553,15,3,100,100,100,100,0,2,100,100,27,21,27.40368,3
2,2,1,2,0.008462665,6.608537,2.107501,3.508554,15,3,100,100,100,100,1,2,100,100,27,21,27.50224,3
2,2,0,2,0.008462665,6.608537,0,3.508554,15,3,100,100,100,100,0,2,100,100,27,21,27.60313,1
2,2,1,2,0.008462665,6.608537,2.107501,3.508554,15,3,100,100,100,100,1,2,100,100,27,21,27.70169,1
2,2,1,2,0.6084612,7.008539,2.107501,3.508554,15,3,100,100,100,100,1,2,100,100,27,21,27.80124,1
2,2,1,2,1.108459,7.508541,2.107501,3.508554,15,3,100,100,100,100,1,2,100,100,27,21,27.90323,1
2,2,1,2,0.6084574,8.008543,2.107501,3.508554,15,3,100,100,100,100,1,2,100,100,27,21,28.00265,1
2,2,1,2,0.1084554,8.508545,2.107501,3.508554,15,3,100,100,100,100,1,2,100,100,27,21,28.10068,1
2,2,1,2,0.008455035,8.608545,2.107501,3.508554,15,3,100,100,100,100,1,2,100,100,27,21,28.20019,1
2,2,1,2,0.008455035,8.608545,2.007501,3.608555,15,3,100,100,100,100,1,2,100,100,27,21,28.30269,3
2,2,1,2,0.008455035,4.608545,1.507499,4.108557,15,3,100,100,100,100,1,2,100,100,27,21,28.40145,3
0,1,2,1,0,0.3075551,0.3085001,8.307555,15,3,3,27,27,27,1,2,7,13,23,21,0.1149646,0
0,1,2,1,0,0.3075551,0.3085001,8.307555,15,3,3,27,27,27,1,2,7,13,23,21,0.2161123,0
0,1,2,1,0,0.3075551,0.3085001,8.307555,15,3,3,27,27,27,1,2,7,13,23,21,0.3179646,0
0,1,2,1,0,0.3075551,0.3085001,8.307555,15,3,3,27,27,27,1,2,7,13,23,21,0.4181171,0
0,1,2,1,0,0.3075551,0.3085001,8.307555,15,3,3,27,27,27,1,2,7,13,23,21,0.5161562,0
0,1,2,1,0,0.6075547,0.3085001,8.307555,15,3,3,27,27,27,1,2,7,13,23,21,0.6181257,1
0,1,2,2,0,1.107554,0.3085001,0.3085001,15,3,3,27,27,27,1,2,7,13,23,21,0.7149885,1
0,1,2,2,0,1.607554,0.3085001,0.3085001,15,3,3,27,27,27,1,2,7,13,23,21,0.8175108,1
0,1,2,2,0,2.107553,0.3085001,0.3085001,15,3,3,27,27,27,1,2,7,13,23,21,0.9187353,1
0,1,2,2,0,2.607553,0.3085001,0.3085001,15,3,3,27,27,27,1,2,7,13,23,21,1.018239,1
0,1,2,2,0,3.007552,0.3085001,0.3085001,15,3,3,27,27,27,1,2,7,13,23,21,1.115438,3
0,1,2,2,0,3.007553,0.008498904,0.6085013,15,3,3,27,27,27,1,2,7,13,23,21,1.215301,3
0,1,2,2,0,3.007553,0.008498904,0.6085013,15,3,3,27,27,27,1,2,7,13,23,21,1.316865,3
0,1,2,2,0,3.007553,0.008498904,0.6085013,15,3,3,27,27,27,1,2,7,13,23,21,1.417076,3
0,1,2,2,0,3.007553,0.008498904,0.6085013,15,3,3,27,27,27,1,2,7,13,23,21,1.515756,1
0,1,2,2,0,3.507552,0.008498904,0.6085013,15,3,3,27,27,27,1,2,7,13,23,21,1.615945,1
0,1,2,2,0,3.607552,0.008498904,0.6085013,15,3,3,27,27,27,1,2,7,13,23,21,1.714998,3
0,1,2,2,0,3.607552,0.008498904,0.6085013,15,3,3,27,27,27,1,2,7,13,23,21,1.817091,3
0,1,2,2,0,3.607552,0.008498904,0.6085013,15,3,3,27,27,27,1,2,7,13,23,21,1.917044,3
0,1,2,2,0,3.607552,0.008498904,0.6085013,15,3,3,26.9,27.1,27,1,2,7,13,23,21,2.018611,3
0,1,2,2,0,4.007551,8.008499,0.6085013,15,3,3,26.4,27.3,27,1,2,7,13,23,21,2.120433,1
0,1,2,2,0,4.307551,8.008499,0.6085013,15,3,3,25.9,27.3,27,1,2,7,13,23,21,2.215418,3
2,2,2,2,0.3085039,0.3084962,7.608498,1.008503,15,3,3,25.39999,27.3,27,1,2,7,13,23,21,2.317079,3
2,2,2,2,0.3085039,0.3084962,7.108495,1.508505,15,3,3,24.89999,27.3,27,1,2,7,13,23,21,2.418022,3
2,2,2,2,0.3085039,0.3084962,6.608493,2.008507,15,3,3,24.39999,27.3,27,1,2,7,13,23,21,2.516407,3
2,2,2,2,0.3085039,0.3084962,6.108491,2.508508,15,3,3,23.89999,27.3,27,1,2,7,13,23,21,2.615539,3
2,2,2,2,0.3085039,0.3084962,5.60849,3.00851,15,3,3,23.39999,27.3,27,1,2,7,13,23,21,2.717264,3
2,2,0,2,0.3085039,0.3084962,0,3.508512,15,3,3,22.89998,27.3,27,0,2,7,13,23,21,2.816625,3
2,2,0,2,4.308503,0.3084962,0,4.008514,15,3,3,22.39998,27.3,27,0,2,7,13,23,21,2.916059,3
2,2,0,2,4.308504,0.3084962,0,4.508516,15,3,3,21.89998,27.3,27,0,2,7,13,23,21,3.017616,3
2,2,0,2,0.3085039,0.3084962,0,5.008518,15,3,3,21.39998,27.3,27,0,2,7,13,23,21,3.115389,3
2,2,0,2,0.3085039,0.3084962,0,5.50852,15,3,3,20.89998,27.3,27,0,2,7,13,23,21,3.219465,3
2,2,2,2,0.3085039,0.3084962,3.608478,6.008522,15,3,3,20.39997,27.3,27,1,2,7,13,23,21,3.317158,3
2,2,0,2,0.3085039,0.3084962,0,6.508523,15,3,3,19.89997,27.3,27,0,2,7,13,23,21,3.419534,3
2,2,0,2,0.3085039,0.3084962,0,7.008525,15,3,3,19.39997,27.3,27,0,2,7,13,23,21,3.515234,3
2,2,0,2,0.3085039,0.3084962,0,7.508528,15,3,3,18.89997,27.3,27,0,2,7,13,23,21,3.61505,3
0,1,0,2,0,4.30755,0,8.00853,15,3,3,18.39997,27.3,27,0,2,7,13,23,21,3.717871,3
0,1,0,2,0,4.30755,0,8.508532,15,3,3,17.89997,27.3,27,0,2,7,13,23,21,3.816785,3
1,2,0,2,0.3075589,0.3084962,0,9.008533,15,3,3,17.39996,27.3,27,0,2,7,13,23,21,3.916085,3
1,2,0,2,0.3075589,0.3084962,0,9.508535,15,3,3,17.09996,27.3,26.9,0,2,7,13,23,21,4.015175,3
1,2,2,2,0.3075589,0.3084962,3.608463,10.00854,15,3,3,17.59996,27.3,26.4,1,2,7,13,23,21,4.119219,3
1,2,0,2,0.3075589,0.3084962,0,10.50854,15,3,3,18.09997,27.3,25.9,0,2,7,13,23,21,4.216382,3
1,2,0,2,0.3075589,0.3084962,0,11.00854,15,3,3,18.59997,27.3,25.39999,0,2,7,13,23,21,4.316126,3
1,2,0,2,0.3075589,0.3084962,0,11.50854,15,3,3,19.09997,27.3,24.89999,0,2,7,13,23,21,4.416151,3
2,1,0,2,6.308504,4.307551,0,12.00854,15,3,3,19.59997,27.3,24.39999,0,2,7,13,23,21,4.517048,3
2,1,0,2,6.308504,4.307551,0,12.50855,15,3,3,20.09997,27.3,23.89999,0,2,7,13,23,21,4.617363,3
1,2,0,2,0.3075589,0.3084962,0,13.00855,15,3,3,20.59998,27.3,23.39999,0,2,7,13,23,21,4.716112,3
1,2,0,2,0.3075589,0.3084962,0,13.40855,15,3,3,21.09998,27.3,22.89998,0,2,7,13,23,21,4.818768,0
1,2,1,2,0.5075587,0.1084964,3.207505,13.40855,15,3,3,21.59998,27.3,22.39998,1,2,7,13,23,21,4.917515,2
1,2,1,2,0.6075585,0.00849652,3.207505,13.40855,15,3,3,22.09998,27.3,21.89998,1,2,7,13,23,21,5.014954,2
1,2,2,2,0.9075583,0.7084969,0.2084501,1.40855,15,3,3,22.59998,27.3,21.39998,1,2,7,13,23,21,5.115195,2
1,1,2,2,1.407558,3.207552,0.2084501,1.40855,15,3,3,23.09999,27.3,20.89998,1,2,7,13,23,21,5.219631,2
1,1,2,2,1.607558,3.007553,0.3084505,1.30855,15,3,3,23.59999,27.3,20.39997,1,2,7,13,23,21,5.318583,4
1,1,2,2,1.607558,3.007553,0.8084525,0.8085477,15,3,3,24.09999,27.3,19.89997,1,2,7,13,23,21,5.418665,4
2,1,2,2,7.608503,3.007553,1.308454,0.3085458,15,3,3,24.59999,27.3,19.39997,1,2,7,13,23,21,5.517076,4
2,1,2,2,7.608503,3.007553,1.608456,0.008544681,15,3,3,25.09999,27.3,18.89997,1,2,7,13,23,21,5.619659,4
1,2,2,2,1.607558,0.008497474,1.908456,0.7085436,15,3,3,25.59999,27.3,18.39997,1,2,7,13,23,21,5.718995,4
1,2,2,2,1.607558,0.008497474,2.408458,3.208542,15,3,3,26.1,27.3,17.89997,1,2,7,13,23,21,5.818126,4
1,2,2,2,1.607558,0.008497474,2.90846,2.70854,15,3,3,26.6,27.3,17.39996,1,2,7,13,23,21,5.919787,4
1,2,2,0,1.607558,0.008497474,3.408463,0,15,3,3,26.9,27.3,16.89996,0,2,7,13,23,21,6.018366,4
1,2,2,0,1.607558,0.008497474,3.908464,0,15,3,3,26.4,27.3,16.39996,0,2,7,13,23,21,6.115886,4
1,2,2,2,1.607558,0.008497474,4.408466,2.208534,15,3,3,25.9,27.3,15.89996,1,2,7,13,23,21,6.217192,4
1,2,2,2,1.607558,0.008497474,4.908468,1.708532,15,3,3,25.39999,27.3,15.69996,1,2,7,13,23,21,6.319466,4
0,1,2,2,0,3.007553,5.40847,1.20853,15,3,3,24.89999,27.3,15.69996,1,2,7,13,23,21,6.414988,4
2,2,2,2,1.608503,0.008497474,5.908472,0.7085283,15,3,3,24.39999,27.3,15.69996,1,2,7,13,23,21,6.516366,4
2,2,2,2,1.508503,0.1084974,6.008472,1.608528,15,3,3,23.89999,27.3,15.69996,1,2,7,13,23,21,6.618657,1
2,2,2,2,1.008503,0.608497,6.008472,1.608528,15,3,3,23.39999,27.3,15.69996,1,2,7,13,23,21,6.719025,1
2,2,1,2,1.508504,1.108497,9.007527,7.608528,15,3,3,22.89998,27.3,15.69996,1,2,7,13,23,21,6.819327,1
2,2,1,2,1.308504,1.308496,9.107528,7.508528,15,3,3,22.39998,27.3,15.69996,1,2,7,13,23,21,6.916435,4
2,2,1,2,1.308504,1.308496,9.60753,7.008525,15,3,3,21.89998,27.3,15.69996,1,2,7,13,23,21,7.015542,4
2,2,1,0,1.308504,1.308496,9.60753,0,15,3,3,21.39998,27.3,15.69996,0,2,7,13,23,21,7.118187,4
2,2,1,2,0.8085045,1.808496,1.60753,0.008525607,15,3,3,20.89998,27.3,15.69996,0,2,7,13,23,21,7.215263,1
2,2,1,2,0.3085048,2.308495,1.60753,0.008525607,15,3,3,20.39997,27.3,15.69996,0,2,7,13,23,21,7.318604,1
2,2,1,2,0.008503673,2.608496,1.60753,0.008525607,15,3,3,19.89997,27.3,15.69996,0,2,7,13,23,21,7.419908,1
2,2,1,2,0.008503673,2.608496,1.60753,0.008525607,15,3,3,19.39997,27.3,15.69996,0,2,7,13,23,21,7.5193,4
2,2,1,2,0.008503673,2.608496,1.60753,0.008525607,15,3,3,18.89997,27.3,15.69996,0,2,7,13,23,21,7.617898,4
2,2,1,2,0.008503673,2.608496,1.60753,0.008525607,15,3,3,18.39997,27.3,15.69996,1,2,7,13,23,21,7.718578,4
2,2,1,2,0.008503673,2.608496,1.60753,3.008526,15,3,3,17.89997,27.3,15.69996,1,2,7,13,23,21,7.817586,4
2,2,1,2,0.008503673,2.608496,2.107532,2.508524,15,3,3,17.39996,27.3,15.69996,1,2,7,13,23,21,7.916765,4
2,2,1,2,0.008503673,2.608496,2.607533,2.008522,15,3,3,17.09996,27.3,15.79996,1,2,7,13,23,21,8.018312,4
2,2,1,0,0.008503673,1.608496,3.107535,0,15,3,3,17.59996,27.3,16.29996,0,2,7,13,23,21,8.117617,4
2,2,1,2,0.008503673,1.608496,3.307536,2.308519,15,3,3,18.09997,27.3,16.79996,1,2,7,13,23,21,8.219896,1
2,2,1,2,0.008503673,1.608496,3.307536,2.308519,15,3,3,18.59997,27.3,17.29996,0,2,7,13,23,21,8.318259,1
2,2,1,2,0.008503673,1.608496,3.307536,2.308519,15,3,3,19.09997,27.3,17.79996,0,2,7,13,23,21,8.417292,1
2,2,1,2,0.008503673,1.608496,3.307536,2.308519,15,3,3,19.59997,27.3,18.29997,0,2,7,13,23,21,8.518476,1
2,2,2,2,0.808503,1.808497,0.308481,1.308519,15,3,3,20.09997,27.3,18.79997,1,2,7,13,23,21,8.619072,1
2,2,2,2,0.6085022,2.008498,0.308481,1.308519,15,3,3,20.59998,27.3,19.29997,1,2,7,13,23,21,8.715336,3
2,2,2,2,1.608502,2.008498,0.008479831,1.60852,15,3,3,21.09998,27.3,19.79997,1,2,7,13,23,21,8.817144,3
2,2,1,2,1.608502,2.008498,3.007535,1.60852,15,3,3,21.59998,27.3,20.29997,1,2,7,13,23,21,8.918968,3
2,2,1,2,1.508502,2.108498,3.007535,1.60852,15,3,3,22.09998,27.3,20.79998,1,2,7,13,23,21,9.017322,1
2,2,1,2,1.0085,2.6085,3.007535,1.60852,15,3,3,22.59998,27.3,21.29998,1,2,7,13,23,21,9.117838,1
2,2,1,2,0.508498,3.108502,3.007535,1.60852,15,3,3,23.09999,27.3,21.79998,1,2,7,13,23,21,9.218287,1
2,2,1,2,1.008496,3.608504,3.007535,1.60852,15,3,3,23.59999,27.3,22.29998,1,2,7,13,23,21,9.315719,1
2,2,2,2,0.5084942,4.108506,0.008479831,1.60852,15,3,3,24.09999,27.3,22.79998,1,2,7,13,23,21,9.418327,1
2,2,2,2,1.008492,4.608508,0.008479831,1.60852,15,3,3,24.59999,27.3,23.29999,1,2,7,13,23,21,9.519264,1
2,2,2,2,1.50849,5.10851,0.008479831,1.60852,15,3,3,25.09999,27.3,23.79999,1,2,7,13,23,21,9.618869,1
2,2,2,2,1.40849,5.20851,0.008479831,1.60852,15,3,3,25.59999,27.3,24.29999,1,2,7,13,23,21,9.715849,3
2,2,2,2,1.40849,5.20851,0.008479831,1.60852,15,3,3,26.1,27.3,24.79999,1,2,7,13,23,21,9.821127,3
2,2,2,2,1.108489,5.508511,0.008479831,1.60852,15,3,3,26.6,27.3,25.29999,1,2,7,13,23,21,9.916355,1
2,2,1,2,1.608487,6.008513,11.00753,0.6085203,15,3,3.1,27,27.3,25.7,1,2,7,13,23,21,10.02064,1
2,2,1,2,1.108485,6.508515,11.00753,0.6085203,15,3,3.599999,27,27.3,25.7,0,2,7,13,23,21,10.12148,1
1,2,2,2,1.607538,7.008517,3.00848,0.6085203,15,3,4.099999,27,27.3,25.7,1,2,7,13,23,21,10.21613,4
1,2,2,2,1.607538,7.008517,3.508482,1.108518,15,3,4.599998,27,27.3,25.7,1,2,7,13,23,21,10.31511,4
1,2,2,2,1.607538,7.008517,4.008483,0.6085165,15,3,5.099998,27,27.3,25.7,1,2,7,13,23,21,10.41969,4
1,2,2,2,1.607538,7.008517,4.508485,1.108515,15,3,5.599998,27,27.3,25.7,1,2,7,13,23,21,10.51561,4
2,2,2,2,0.6084831,0.008517024,5.008487,0.6085126,15,3,6.099997,27,27.3,25.7,1,2,7,13,23,21,10.61797,4
2,2,2,2,0.6084831,0.008517024,5.508489,3.108511,15,3,6.599997,27,27.3,25.7,1,2,7,13,23,21,10.71623,4
2,2,2,0,0.6084831,0.008517024,5.908491,0,15,3,7.099996,27,27.3,25.7,0,2,7,13,23,21,10.81733,4
2,2,2,0,0.6084831,0.008517024,5.908491,0,15,3,7.599996,27,27.3,25.7,0,2,7,13,23,21,10.91594,2
2,2,2,2,0.6084831,0.008517024,5.908491,3.708509,15,3,8.099996,27,27.3,25.7,1,2,7,13,23,21,11.01914,2
2,2,2,2,0.6084831,0.008517024,5.908491,3.708509,15,3,8.599998,27,27.3,25.7,0,2,7,13,23,21,11.12,4
2,2,2,2,0.6084831,1.008517,5.908491,3.708509,15,3,9.099999,27,27.3,25.7,1,2,7,13,23,21,11.21747,4
2,2,2,2,0.6084831,1.008517,6.108492,3.508509,15,3,9.600001,27,27.3,25.7,1,2,7,13,23,21,11.31515,4
2,2,2,2,0.6084831,1.008517,6.608494,3.008507,15,3,10.1,27,27.3,25.7,1,2,7,13,23,21,11.41567,4
2,2,2,2,0.6084831,1.008517,7.108496,2.508504,15,3,10.60001,27,27.3,25.7,1,2,7,13,23,21,11.51636,4
2,2,2,2,0.6084831,1.008517,7.408497,2.208503,15,3,11.10001,27,27.3,25.7,1,2,7,13,23,21,11.61773,4
2,2,1,1,1.108485,0.5085152,15.40755,9.207559,15,3,11.60001,27,27.3,25.7,1,2,7,13,23,21,11.71501,2
2,2,1,1,1.308486,0.3085144,15.40755,9.207559,15,3,12.10001,27,27.3,25.7,1,2,7,13,23,21,11.81709,4
2,2,1,1,1.308486,0.3085144,15.90755,8.707557,15,3,12.60001,27,27.3,25.7,1,2,7,13,23,21,11.91819,4
1,1,1,1,14.30754,10.30757,16.40755,8.207555,15,3,13.10001,27,27.2,25.7,1,2,7,13,23,21,12.0192,4
2,2,1,1,1.308486,0.3085144,16.70756,7.907553,15,3,13.60002,27,26.7,25.7,1,2,7,13,23,21,12.118,4
2,2,1,1,1.308486,0.3085144,16.70756,7.907553,15,3,14.10002,27,26.7,25.7,1,2,7,13,23,21,12.21807,4
2,2,1,1,1.308486,0.3085144,16.80756,7.807554,15,3,14.60002,27,26.7,25.7,1,2,7,13,23,21,12.31838,4
2,2,1,1,1.308486,0.3085144,17.30756,7.307551,15,3,15.10002,27,26.7,25.7,1,2,7,13,23,21,12.41923,4
2,2,1,1,1.308486,0.3085144,17.60756,7.00755,15,3,15.60002,27,26.7,25.7,1,2,7,13,23,21,12.51801,2
2,2,1,1,1.608487,0.008513209,17.60756,7.00755,15,3,16.10003,27,26.7,25.7,1,2,7,13,23,21,12.61556,2
2,2,1,1,1.608487,0.008513209,17.60756,7.00755,15,3,16.60003,27,26.7,25.7,1,2,7,13,23,21,12.7168,2
2,2,1,1,1.608487,0.008513209,17.60756,7.00755,15,3,17.10003,27,26.7,25.7,1,2,7,13,23,21,12.819,4
2,2,1,1,1.608487,0.008513209,17.60756,7.00755,15,3,17.60003,27,26.7,25.7,1,2,7,13,23,21,12.91833,4
2,2,1,1,1.608487,0.008513209,17.60756,7.00755,15,3,18.10003,27,26.7,25.7,1,2,7,13,23,21,13.01795,4
2,2,2,2,1.808488,0.8085125,1.608505,0.00849509,15,3,18.60003,27,26.7,25.7,1,2,7,13,23,21,13.12082,2
2,1,2,2,2.30849,1.307566,1.608505,0.00849509,15,3,19.10004,27,26.2,25.7,1,2,7,13,23,21,13.21939,2
2,1,2,2,2.808491,0.8075636,1.608505,0.00849509,15,3,19.60004,27,25.7,25.7,1,2,7,13,23,21,13.31919,2
2,1,2,2,3.308493,0.3075618,1.608505,0.00849509,15,3,20.10004,27,25.19999,25.7,1,2,7,13,23,21,13.41928,2
2,1,2,2,3.608495,0.00756061,1.608505,0.00849509,15,3,20.60004,27,24.69999,25.7,1,2,7,13,23,21,13.51547,2
2,1,2,2,3.608495,0.00756061,1.608505,0.00849509,15,3,21.10004,27,24.19999,25.7,1,2,7,13,23,21,13.61895,4
2,1,2,2,3.608495,0.00756061,1.608505,0.00849509,15,3,21.60005,27,23.69999,25.7,1,2,7,13,23,21,13.71565,4
2,1,2,2,3.608495,0.00756061,1.608505,0.00849509,15,3,22.10005,27,23.19999,25.7,1,2,7,13,23,21,13.81855,4
2,1,2,2,3.608495,0.00756061,1.608505,0.00849509,15,3,22.60005,27,22.69998,25.7,1,2,7,13,23,21,13.91567,4
2,1,2,2,2.608495,0.00756061,1.908506,2.708494,15,3,23.00005,27.1,22.39998,25.7,1,2,7,13,23,21,14.02001,4
2,1,2,2,2.608495,0.00756061,2.408508,2.208492,15,3,23.00005,27.3,22.89998,25.7,0,2,7,13,23,21,14.1196,4
2,1,2,0,2.608495,0.00756061,2.90851,0,15,3,23.00005,27.3,23.39999,25.7,0,2,7,13,23,21,14.21814,4
2,1,2,0,2.608495,0.00756061,3.408511,0,15,3,23.00005,27.3,23.89999,25.7,0,2,7,13,23,21,14.31826,4
2,1,2,0,2.608495,0.00756061,3.90851,0,15,3,23.00005,27.3,24.39999,25.7,0,2,7,13,23,21,14.4209,4
2,1,2,1,2.608495,8.007561,4.40851,4.207545,15,3,23.00005,27.3,24.89999,25.7,1,2,7,13,23,21,14.51722,4
2,1,2,1,2.608495,0.00756061,4.908509,3.707546,15,3,23.00005,27.3,25.39999,25.7,0,2,7,13,23,21,14.61885,4
2,1,2,0,2.608494,0.00756061,5.408509,0,15,3,23.00005,27.3,25.9,25.7,0,2,7,13,23,21,14.71914,4
2,1,2,0,2.508494,0.107561,5.508509,0,15,3,23.00005,27.3,26.4,25.7,0,2,7,13,23,21,14.81877,1
2,1,2,1,2.008492,0.6075629,5.508509,3.107546,15,3,23.00005,27.3,26.9,25.7,1,2,7,13,23,21,14.91987,1
2,1,2,1,1.50849,1.107565,5.508509,3.107546,15,3,23.00005,27.3,27.3,25.7,1,2,7,13,23,21,15.0149,1
2,1,2,1,1.208489,1.407566,5.508509,3.107546,15,3,23.00005,27.3,27.3,25.7,1,2,7,13,23,21,15.11779,4
2,1,2,1,1.208489,1.407566,5.508509,3.107546,15,3,23.00005,27.3,27.3,25.7,1,2,7,13,23,21,15.21526,4
2,1,2,1,1.208489,1.407566,5.508509,3.107546,15,3,23.00005,27.3,27.3,25.7,1,2,7,13,23,21,15.32098,1
2,1,2,1,0.7084873,1.907568,5.508509,3.107546,15,3,23.00005,27.3,27.3,25.7,1,2,7,13,23,21,15.41566,1
2,1,0,1,0.5084866,2.107569,0,3.107546,15,3,23.00005,27.3,27.3,25.7,1,2,7,13,23,21,15.5185,4
2,1,0,1,4.508486,2.107569,0,2.607547,15,3,23.00005,27.3,27.3,25.7,1,2,7,13,23,21,15.61726,4
2,1,0,1,4.508486,2.107569,0,2.407547,15,3,23.00005,27.3,27.3,25.7,1,2,7,13,23,21,15.71723,4
2,1,0,1,4.008484,2.60757,0,2.407547,15,3,23.00005,27.3,27.3,25.7,1,2,7,13,23,21,15.81671,1
2,1,2,1,3.508483,3.107572,0.2085083,0.4084919,15,3,23.00005,27.3,27.3,25.7,1,2,7,13,23,21,15.91817,1
2,1,2,1,3.008481,3.607574,0.2085083,0.4084919,15,3,23.10005,27.3,27.3,25.7,1,2,7,13,23,21,16.01792,1
2,1,2,1,2.508479,4.107576,0.2085083,0.4084919,15,3,23.60005,27.3,27.3,25.7,1,2,7,13,23,21,16.11731,1
2,1,2,1,2.008477,4.607578,0.2085083,0.4084919,15,3,24.10006,27.3,27.3,25.7,1,2,7,13,23,21,16.21534,1
2,1,2,1,1.508475,5.107579,0.2085082,2.407547,15,3,24.60006,27.3,27.3,25.7,1,2,7,13,23,21,16.31495,1
2,1,2,1,1.008474,5.607581,0.2085083,2.407547,15,3,25.10006,27.3,27.3,25.7,1,2,7,13,23,21,16.41615,3
2,1,2,1,1.008474,5.607581,0.008508441,2.607547,15,3,25.60006,27.3,27.3,25.7,1,2,7,13,23,21,16.51754,3
2,1,2,1,1.008474,5.607581,0.008508441,2.607547,15,3,26.10006,27.3,27.3,25.7,1,2,7,13,23,21,16.61583,3
2,1,2,1,1.008474,5.607581,0.008508441,2.607547,15,3,26.60007,27.3,27.3,25.7,1,2,7,13,23,21,16.71736,3
2,1,2,1,1.008474,5.607581,0.008508441,2.607547,15,3,27.10007,27.3,27.3,25.7,1,2,7,13,23,21,16.81536,3
2,1,2,1,1.008474,5.607581,0.008508441,2.607547,15,3,27.30007,27.3,27.3,25.7,1,2,7,13,23,21,16.91961,0
2,1,2,1,1.008474,5.607581,0.008508441,2.607547,15,3,27.30007,27.3,27.3,25.7,1,2,7,13,23,21,17.01599,0
2,1,1,1,0.5084723,6.107583,8.007564,2.607547,15,3,27.30007,27.3,27.3,25.7,1,2,7,13,23,21,17.11567,1
2,1,1,1,0.008470294,6.607585,8.007564,2.607547,15,3,27.30007,27.3,27.3,25.7,1,2,7,13,23,21,17.21516,1
2,1,1,1,0.008470294,6.607585,8.007564,2.607547,15,3,27.30007,27.3,27.3,25.7,1,2,7,13,23,21,17.31684,3
2,2,1,1,0.008470294,0.6085299,7.707564,2.907547,15,3,27.30007,27.3,27.3,25.7,1,2,7,13,23,21,17.41626,3
2,2,1,1,0.008470294,0.6085299,7.207564,3.407546,15,3,27.30007,27.3,27.3,25.7,1,2,7,13,23,21,17.51551,3
2,2,1,1,0.008470294,0.6085299,6.707564,3.907545,15,3,27.30007,27.3,27.3,25.7,1,2,7,13,23,21,17.61729,3
1,2,1,1,10.00753,0.6085299,6.207565,4.407545,15,3,27.30007,27.3,27.3,25.7,1,2,7,13,23,21,17.71849,3
2,2,1,1,0.008470294,0.6085299,5.707565,4.907544,15,3,27.30007,27.3,27.3,25.7,1,2,7,13,23,21,17.81866,3
2,2,1,1,0.008470294,0.6085299,5.207566,5.407544,15,3,27.30007,27.3,27.3,25.7,1,2,7,13,23,21,17.91644,3
2,2,1,1,0.008470294,0.6085299,4.707564,5.907546,15,3,27.30007,27.2,27.3,25.7,1,2,7,13,23,21,18.01593,3
2,2,1,1,0.008470294,0.6085299,4.207561,6.407548,15,3,27.30007,26.7,27.3,25.7,1,2,7,13,23,21,18.11528,3
2,2,1,1,0.008470294,0.6085299,3.707561,6.90755,15,3,27.30007,26.2,27.3,25.7,1,2,7,13,23,21,18.21835,3
2,2,1,1,0.008470294,0.6085299,3.207559,7.407551,15,3,27.30007,25.7,27.3,25.7,1,2,7,13,23,21,18.31853,3
2,2,1,1,0.008470294,0.6085299,3.007558,7.607552,15,3,27.30007,25.19999,27.3,25.7,1,2,7,13,23,21,18.41877,3
2,2,1,1,0.3084714,0.3085287,3.007558,7.607552,15,3,27.30007,24.69999,27.3,25.7,1,2,7,13,23,21,18.51812,2
2,2,1,1,0.6084726,0.008527515,3.007558,7.607552,15,3,27.30007,24.19999,27.3,25.7,1,2,7,13,23,21,18.61549,2
2,2,1,1,0.6084726,0.008527515,3.007558,7.607552,15,3,27.30007,23.69999,27.3,25.7,1,2,7,13,23,21,18.71556,2
2,2,1,1,0.6084726,0.008527515,3.007558,7.607552,15,3,27.30007,23.19999,27.3,25.7,1,2,7,13,23,21,18.8196,3
1,1,1,1,10.60753,14.00758,2.507556,8.107554,15,3,27.30007,22.69998,27.3,25.7,1,2,7,13,23,21,18.91871,3
1,1,2,2,10.80753,13.80758,0.5085009,0.1084993,15,3,27.30007,22.19998,27.3,25.7,1,2,7,13,23,21,19.01662,2
1,1,2,2,11.30753,13.30758,0.5085009,0.1084993,15,3,27.30007,21.69998,27.3,25.7,1,2,7,13,23,21,19.11795,2
1,1,2,2,11.80753,12.80758,0.5085009,0.1084993,15,3,27.30007,21.19998,27.3,25.7,1,2,7,13,23,21,19.2156,2
1,1,2,2,12.30753,12.30758,0.5085009,0.1084993,15,3,27.30007,20.69998,27.3,25.7,1,2,7,13,23,21,19.31562,2
1,1,2,2,12.70753,11.90757,0.5085009,0.1084993,15,3,27.30007,20.19997,27.3,25.7,1,2,7,13,23,21,19.41718,0
1,1,2,2,12.60754,12.00758,0.5085009,0.1084993,15,3,27.30007,19.69997,27.3,25.7,1,2,7,13,23,21,19.51794,1
1,1,2,2,12.10753,12.50758,0.5085009,0.1084993,15,3,27.30007,19.19997,27.3,25.7,1,2,7,13,23,21,19.61745,1
1,1,2,2,11.60753,13.00758,0.5085009,0.1084993,15,3,27.30007,18.69997,27.3,25.7,1,2,7,13,23,21,19.71524,1
1,1,2,2,11.10753,13.50758,0.5085009,0.1084993,15,3,27.30007,18.19997,27.3,25.7,1,2,7,13,23,21,19.81656,1
1,1,1,1,10.60753,14.00758,2.507556,8.107554,15,3,27.30007,17.69996,27.3,25.7,1,2,7,13,23,21,19.91547,1
1,1,1,1,10.10752,14.50758,2.507556,8.107554,15,3,27.30007,17.29996,27.3,25.59999,1,2,7,13,23,21,20.01651,1
1,1,2,2,9.607524,15.00759,0.5085009,0.1084993,15,3,27.30007,17.29996,27.3,25.09999,1,2,7,13,23,21,20.11533,1
1,1,2,2,9.107522,15.50759,0.5085009,0.1084993,15,3,27.30007,17.29996,27.3,24.59999,1,2,7,13,23,21,20.21535,1
1,1,2,2,8.60752,16.00759,0.5085009,0.1084993,15,3,27.30007,17.29996,27.3,24.09999,1,2,7,13,23,21,20.31607,1
1,1,2,2,8.107518,16.50759,0.5085009,0.1084993,15,3,27.30007,17.29996,27.3,23.59999,1,2,7,13,23,21,20.41813,1
1,1,2,2,7.607515,17.0076,0.5085009,0.1084993,15,3,27.30007,17.29996,27.3,23.09999,1,2,7,13,23,21,20.51534,1
1,1,2,2,7.107514,17.5076,0.5085009,0.1084993,15,3,27.30007,17.29996,27.3,22.59998,1,2,7,13,23,21,20.61721,1
1,1,2,2,6.607512,18.0076,0.5085009,0.1084993,15,3,27.30007,17.29996,27.3,22.09998,1,2,7,13,23,21,20.71834,1
1,1,2,2,6.10751,18.5076,0.5085009,0.1084993,15,3,27.30007,17.29996,27.3,21.59998,1,2,7,13,23,21,20.81839,1
1,1,2,2,5.607508,19.0076,0.5085009,0.1084993,15,3,27.30007,17.29996,27.3,21.09998,1,2,7,13,23,21,20.91727,1
1,1,2,2,5.107506,19.5076,0.5085009,0.1084993,15,3,27.30007,17.29996,27.3,20.59998,1,2,7,13,23,21,21.01525,1
1,0,2,2,4.607504,0,0.5085009,0.1084993,15,3,27.30007,17.29996,27.3,20.09997,1,2,7,13,23,21,21.11768,1
1,0,2,2,4.107502,0,0.5085009,0.1084993,15,3,27.30007,17.29996,27.3,19.59997,1,2,7,13,23,21,21.21583,1
1,0,2,2,3.607501,0,0.5085009,0.1084993,15,3,27.30007,17.29996,27.3,19.09997,1,2,7,13,23,21,21.3163,1
1,0,2,2,3.107499,0,0.5085009,0.1084993,15,3,27.30007,17.29996,27.3,18.59997,1,2,7,13,23,21,21.41651,1
1,0,2,2,2.607497,0,0.5085009,0.1084993,15,3,27.30007,17.29996,27.3,18.09997,1,2,7,13,23,21,21.51707,1
1,0,2,2,2.107495,0,0.5085009,0.1084993,15,3,27.30007,17.29996,27.3,17.59996,1,2,7,13,23,21,21.61845,1
1,0,2,2,1.607493,0,0.5085009,0.1084993,15,3,27.30007,17.29996,27.3,17.09996,1,2,7,13,23,21,21.71804,1
1,0,2,2,1.107491,0,0.5085009,0.1084993,15,3,27.30007,17.29996,27.3,16.59996,1,2,7,13,23,21,21.81804,3
1,0,2,2,1.107491,0,0.2084997,0.4085005,15,3,27.30007,17.29996,27.3,16.09996,1,2,7,13,23,21,21.91576,3
1,0,2,2,1.107491,0,0.008498904,0.6085013,15,3,27.30007,17.29996,27.3,15.69996,1,2,7,13,23,21,22.01717,3
1,0,2,2,1.107491,0,0.008498904,0.6085013,15,3,27.30007,17.29996,27.3,15.69996,1,2,7,13,23,21,22.11719,3
1,0,2,2,1.107491,0,0.008498904,0.6085013,15,3,27.30007,17.29996,27.3,15.69996,1,2,7,13,23,21,22.21588,3
1,0,2,2,1.207492,0,0.008498904,0.6085013,15,3,27.30007,17.29996,27.3,15.69996,1,2,7,13,23,21,22.31849,2
1,0,2,2,1.507493,0,0.008498904,0.6085013,15,3,27.30007,17.29996,27.3,15.69996,1,2,7,13,23,21,22.41512,4
1,0,2,2,1.507493,0,0.4085005,0.2084997,15,3,27.30007,17.29996,27.3,15.69996,1,2,7,13,23,21,22.51677,4
1,0,2,2,1.307492,0,0.4085005,0.2084997,15,3,27.30007,17.29996,27.3,15.69996,1,2,7,13,23,21,22.61843,1
1,0,2,2,0.8074902,0,0.4085005,0.2084997,15,3,27.30007,17.29996,27.3,15.69996,1,2,7,13,23,21,22.71572,1
1,0,1,1,0.3074883,0,16.40755,8.207555,15,3,27.30007,17.29996,27.3,15.69996,1,2,7,13,23,21,22.8158,1
1,0,1,1,0.1074876,0,16.40755,8.207554,15,3,27.30007,17.29996,27.3,15.69996,1,2,7,13,23,21,22.91577,3
1,0,1,1,0.1074876,0,16.00755,8.607556,15,3,27.30007,17.29996,27.3,15.69996,1,2,7,13,23,21,23.01573,3
1,2,1,1,0.1074876,0.5085676,15.50755,9.107558,15,3,27.30007,17.29996,27.3,15.69996,1,2,7,13,23,21,23.11618,3
1,2,1,1,0.1074876,0.5085676,15.00755,9.60756,15,3,27.30007,17.29996,27.3,15.69996,1,2,7,13,23,21,23.21574,3
1,2,1,1,0.1074876,0.5085676,14.50755,10.10756,15,3,27.30007,17.29996,27.3,15.69996,1,2,7,13,23,21,23.3174,3
1,2,1,1,0.1074876,0.5085676,14.00755,10.60756,15,3,27.30007,17.29996,27.3,15.69996,1,2,7,13,23,21,23.41568,3
1,2,1,1,0.1074876,0.5085676,13.50755,11.10757,15,3,27.30007,17.29996,27.3,15.69996,1,2,7,13,23,21,23.51712,3
1,2,1,1,0.1074876,0.5085676,13.00754,11.60757,15,3,27.30007,17.29996,27.3,15.69996,1,2,7,13,23,21,23.6187,3
1,1,1,1,0.1074876,4.507622,12.50754,12.10757,15,3,27.30007,17.29996,27.3,15.69996,1,2,7,13,23,21,23.71848,3
1,1,1,1,0.1074876,4.507622,12.00754,12.60757,15,3,27.30007,17.29996,27.3,15.69996,1,2,7,13,23,21,23.81919,3
1,2,1,1,0.1074876,0.5085676,11.50754,13.10757,15,3,27.30007,17.29996,27.3,15.69996,1,2,7,13,23,21,23.91717,3
1,2,0,1,0.1074876,0.5085676,0,13.60758,15,3,27.20007,17.29996,27.3,15.69996,0,2,7,13,23,21,24.01556,3
1,2,0,1,0.1074876,0.5085676,0,14.10758,15,3,26.70007,17.29996,27.3,15.69996,0,2,7,13,23,21,24.11777,3
1,2,0,1,0.1074876,0.5085676,0,14.60758,15,3,26.20006,17.29996,27.3,15.69996,0,2,7,13,23,21,24.21598,3
1,2,0,1,0.1074876,1.508568,0,15.10758,15,3,25.70006,17.29996,27.3,15.69996,0,2,7,13,23,21,24.31526,3
1,2,0,1,0.1074876,1.508567,0,15.60758,15,3,25.20006,17.29996,27.3,15.69996,0,2,7,13,23,21,24.41605,3
1,2,0,1,0.1074876,1.508567,0,15.60758,15,3,24.70006,17.29996,27.3,15.69996,0,2,7,13,23,21,24.51631,3
1,2,0,1,0.1074876,1.508567,0,15.60758,15,3,24.20006,17.29996,27.3,15.69996,0,2,7,13,23,21,24.61625,3
1,2,0,1,0.1074876,1.508567,0,15.70758,15,3,23.70005,17.29996,27.3,15.69996,0,2,7,13,23,21,24.71546,3
1,0,0,1,0.1074876,0,0,16.20758,15,3,23.20005,17.29996,27.3,15.69996,0,2,7,13,23,21,24.81763,3
1,2,0,1,0.1074876,1.508567,0,16.70759,15,3,22.70005,17.29996,27.3,15.69996,0,2,7,13,23,21,24.91809,3
1,2,0,1,0.1074876,1.508567,0,17.20759,15,3,22.20005,17.29996,27.3,15.69996,0,2,7,13,23,21,25.01742,3
1,2,1,1,0.1074876,1.508567,6.907519,17.70759,15,3,21.70005,17.29996,27.3,15.69996,1,2,7,13,23,21,25.11552,3
1,2,1,1,0.1074876,1.508567,6.407517,18.20759,15,3,21.20004,17.29996,27.3,15.69996,1,2,7,13,23,21,25.21837,3
1,2,1,1,0.1074876,1.508568,5.907516,18.7076,15,3,20.70004,17.29996,27.3,15.69996,1,2,7,13,23,21,25.31664,3
1,2,1,1,0.3074883,1.308567,5.707515,18.9076,15,3,20.20004,17.29996,27.3,15.69996,1,2,7,13,23,21,25.41788,2
1,2,1,2,0.8074902,0.808565,5.707514,3.908541,15,3,19.70004,17.29996,27.3,15.69996,1,2,7,13,23,21,25.51741,2
1,2,1,2,1.307492,0.308563,5.707514,3.90854,15,3,19.20004,17.29996,27.3,15.69996,1,2,7,13,23,21,25.61753,2
1,2,1,2,1.307492,0.308563,5.707514,3.90854,15,3,18.70004,17.29996,27.3,15.69996,1,2,7,13,23,21,25.71637,0
1,2,1,2,1.307492,0.308563,5.707514,3.90854,15,3,18.20003,17.29996,27.3,15.69996,1,2,7,13,23,21,25.81533,0
1,2,1,2,1.307492,0.308563,5.507514,4.108541,15,3,17.70003,17.29996,27.3,15.69996,1,2,7,13,23,21,25.91876,3
1,2,1,2,1.307492,0.308563,5.007512,4.608542,15,3,17.30003,17.29996,27.2,15.69996,1,2,7,13,23,21,26.01974,3
1,2,1,2,1.507493,0.1085622,4.807511,4.808544,15,3,17.30003,17.29996,26.7,15.69996,1,2,7,13,23,21,26.11497,2
1,2,1,2,1.607493,0.008561847,4.807511,4.808543,15,3,17.30003,17.29996,26.2,15.69996,1,2,7,13,23,21,26.21895,2
1,2,1,2,1.607493,0.008561847,4.807511,4.808543,15,3,17.30003,17.29996,25.7,15.69996,1,2,7,13,23,21,26.31717,0
1,2,1,2,1.607493,0.008561847,4.807511,4.808543,15,3,17.30003,17.29996,25.19999,15.69996,1,2,7,13,23,21,26.41761,0
1,2,1,2,1.207492,0.4085634,4.807511,4.808544,15,3,17.30003,17.29996,24.69999,15.69996,1,2,7,13,23,21,26.51877,1
1,2,1,2,0.7074898,0.9085653,4.807511,4.808544,15,3,17.30003,17.29996,24.19999,15.69996,1,2,7,13,23,21,26.61836,1
1,2,1,1,0.4074887,1.208567,4.807511,19.8076,15,3,17.30003,17.29996,23.69999,15.69996,1,2,7,13,23,21,26.71585,3
1,6,1,0,0.4074887,9.85786,4.507509,0,15,3,17.30003,17.29996,23.19999,15.69996,1,2,7,13,23,21,26.81898,3
1,6,1,0,0.4074887,9.85786,4.007508,0,15,3,17.30003,17.29996,22.69998,15.69996,1,2,7,13,23,21,26.91712,3
1,2,1,0,0.4074887,1.208567,3.507506,0,15,3,17.30003,17.29996,22.19998,15.69996,1,2,7,13,23,21,27.01759,3
1,2,1,0,0.4074887,1.208566,3.007504,0,15,3,17.30003,17.29996,21.69998,15.69996,1,2,7,13,23,21,27.11783,3
1,2,1,0,0.4074887,1.208567,2.507502,0,15,3,17.30003,17.29996,21.19998,15.69996,1,2,7,13,23,21,27.21497,3
1,2,1,0,0.4074887,1.208567,2.007501,0,15,3,17.30003,17.29996,20.69998,15.69996,1,2,7,13,23,21,27.31997,3
1,2,1,2,0.8074902,0.808565,2.007501,7.608555,15,3,17.30003,17.29996,20.19997,15.69996,1,2,7,13,23,21,27.41784,2
1,2,1,2,1.307492,0.308563,2.007501,7.608555,15,3,17.30003,17.29996,19.69997,15.69996,1,2,7,13,23,21,27.51523,2
1,2,1,2,1.607493,0.008561847,2.007501,7.608555,15,3,17.30003,17.29996,19.19997,15.69996,1,2,7,13,23,21,27.61976,2
1,2,1,2,1.607493,0.008561847,2.007501,7.608555,15,3,17.30003,17.29996,18.69997,15.69996,1,2,7,13,23,21,27.71778,2
1,2,1,2,1.607493,0.008561847,2.007501,7.608555,15,3,17.30003,17.29996,18.19997,15.69996,1,2,7,13,23,21,27.81587,3
1,2,1,2,1.607493,0.008561847,1.707499,7.908555,15,3,17.30003,17.29996,17.69996,15.69996,1,2,7,13,23,21,27.91495,3
1,2,1,2,1.607493,0.008561847,1.207497,8.408558,15,3,17.30003,17.19996,17.39996,15.69996,1,2,7,13,23,21,28.01719,3
1,2,1,2,1.607493,0.008561847,0.8074959,8.808559,15,3,17.30003,16.69996,100,100,1,2,7,13,23,21,28.11626,3
1,2,1,2,1.607493,0.008561847,0.8074959,8.808559,15,3,17.30003,16.19996,100,100,1,2,7,13,23,21,28.21933,2
1,2,1,2,1.607493,0.008561847,0.8074959,8.808559,15,3,17.30003,15.69996,100,100,1,2,7,13,23,21,28.31935,2
1,2,1,2,1.607493,0.008561847,0.8074959,8.808559,15,3,17.30003,15.19995,100,100,1,2,7,13,23,21,28.41747,2
1,2,1,2,1.607493,0.008561847,0.8074959,8.808559,15,3,17.30003,14.69995,100,100,1,2,7,13,23,21,28.51875,2
1,2,1,2,1.607493,0.008561847,0.8074959,8.808559,15,3,17.30003,14.19995,100,100,1,2,7,13,23,21,28.61793,2
1,2,1,2,1.607493,0.008561847,0.7074955,8.90856,15,3,17.30003,13.69995,100,100,1,2,7,13,23,21,28.71925,3
1,1,1,2,1.607493,10.00856,0.2074937,9.408562,15,3,17.30003,13.19995,100,100,1,2,7,13,23,21,28.81719,3
1,1,1,2,1.607493,10.00856,0.007492899,9.608562,15,3,17.30003,12.69995,100,100,1,2,7,13,23,21,28.91568,3
1,1,1,2,1.607493,10.00856,0.007492899,9.608562,15,3,17.30003,12.19994,100,100,1,2,7,13,23,21,29.01976,2
1,1,1,2,2.107495,9.50856,0.007492899,0.6085623,15,3,17.30003,11.69994,100,100,1,2,7,13,23,21,29.11607,2
1,1,1,2,2.607497,9.008558,0.007492899,0.6085623,15,3,17.30003,11.19994,100,100,1,2,7,13,23,21,29.21844,2
1,1,1,2,3.107499,8.508556,0.007492899,0.6085623,15,3,17.30003,10.69994,100,100,1,2,7,13,23,21,29.31508,2
1,1,1,2,3.107499,8.508556,0.2074937,0.4085615,15,3,17.30003,10.19994,100,100,1,2,7,13,23,21,29.41601,4
1,1,1,2,3.107499,8.508556,0.6074951,0.008559939,15,3,17.30003,9.699934,100,100,1,2,7,13,23,21,29.51665,4
1,2,1,2,3.107499,1.508556,0.8074959,0.8085592,15,3,17.30003,9.199932,100,100,1,2,7,13,23,21,29.61884,4
1,2,1,2,3.107499,1.508556,1.307498,3.308557,15,3,17.30003,8.69993,100,100,1,2,7,13,23,21,29.71502,4
1,2,1,2,3.107499,0.5085562,1.8075,2.808555,15,3,17.30003,8.199928,100,100,1,2,7,13,23,21,29.82049,4
1,2,1,0,3.107499,0.5085562,2.307502,0,15,3,17.30003,7.699928,100,100,0,2,7,13,23,21,29.9189,4
1,2,1,0,3.107499,0.5085562,2.807504,0,15,3,17.40003,7.299929,100,100,0,2,7,13,23,21,30.01961,4
1,2,1,2,3.107499,0.5085562,3.307505,2.30855,15,3,17.90003,7.299929,100,100,1,2,7,13,23,21,30.11561,4
1,2,1,0,3.107499,0.5085562,3.807507,0,15,3,18.40003,7.299929,100,100,0,2,7,13,23,21,30.21897,4
1,2,1,2,3.107499,8.508556,4.307509,4.308546,15,3,18.90004,7.299929,100,100,1,2,7,13,23,21,30.31522,4
1,2,1,0,3.107499,0.5085562,4.807511,0,15,3,19.40004,7.299929,100,100,0,2,7,13,23,21,30.41847,4
1,2,1,0,3.107499,0.5085562,5.307513,0,15,3,19.90004,7.299929,100,100,0,2,7,13,23,21,30.51697,4
1,2,1,0,3.107499,0.5085562,5.807515,0,15,3,20.40004,7.299929,100,100,0,2,7,13,23,21,30.6149,4
1,2,1,2,3.107499,0.5085562,6.307517,3.308538,15,3,20.90004,7.299929,100,100,1,2,7,13,23,21,30.71975,4
1,2,1,2,3.107499,0.5085562,6.807518,2.808536,15,3,21.40005,7.299929,100,100,1,2,7,13,23,21,30.81588,4
1,2,1,2,3.107499,0.5085562,7.30752,2.308534,15,3,21.90005,7.299929,100,100,1,2,7,13,23,21,30.91898,4
1,2,1,2,3.107499,0.5085562,7.807522,1.808533,15,3,22.40005,7.299929,100,100,1,2,7,13,23,21,31.01868,4
1,2,1,2,3.107499,0.5085562,7.907523,1.708532,15,3,22.90005,7.299929,100,100,1,2,7,13,23,21,31.11886,4
1,2,1,2,3.5075,0.1085546,7.907523,1.708532,15,3,23.40005,7.299929,100,100,1,2,7,13,23,21,31.2166,2
1,2,1,2,3.607501,0.008554217,7.907523,1.708532,15,3,23.90005,7.299929,100,100,1,2,7,13,23,21,31.31603,2
1,2,1,2,3.607501,0.008554217,7.907523,1.708532,15,3,24.40006,7.299929,100,100,1,2,7,13,23,21,31.42041,2
1,2,1,2,3.607501,0.008554217,7.907523,1.708532,15,3,24.90006,7.299929,100,100,1,2,7,13,23,21,31.51962,2
1,2,1,2,3.607501,0.008554217,7.907523,1.708532,15,3,25.40006,7.299929,100,100,1,2,7,13,23,21,31.61554,4
1,0,1,2,3.607501,0,8.307525,1.308531,15,3,25.90006,7.299929,100,100,1,2,7,13,23,21,31.72233,4
1,0,1,2,3.607501,0,8.307525,1.308531,15,3,26.40006,7.299929,100,100,1,2,7,13,23,21,31.81616,4
1,0,2,2,4.107502,0,0.3084695,0.3085306,15,3,26.90007,7.299929,100,100,1,2,7,13,23,21,31.91847,2
1,0,2,2,4.607504,0,0.3084695,0.3085306,15,3,27.30007,7.199929,100,100,1,2,7,13,23,21,32.0177,2
1,1,2,2,5.107506,19.5076,0.3084695,0.3085306,15,3,27.30007,6.699929,100,100,1,2,7,13,23,21,32.11667,2
1,1,2,2,5.607508,19.0076,0.3084695,0.3085306,15,3,27.30007,6.19993,100,100,1,2,7,13,23,21,32.21519,2
1,1,2,2,6.10751,18.5076,0.3084695,0.3085306,15,3,27.30007,5.69993,100,100,1,2,7,13,23,21,32.31921,2
1,1,2,2,6.607512,18.0076,0.3084695,0.3085306,15,3,27.30007,5.199931,100,100,1,2,7,13,23,21,32.41765,2
1,1,2,2,7.107514,17.5076,0.3084695,0.3085306,15,3,27.30007,4.699931,100,100,1,2,7,13,23,21,32.51851,2
1,1,2,2,7.607516,17.0076,0.3084695,0.3085306,15,3,27.30007,4.199932,100,100,1,2,7,13,23,21,32.61582,2
1,1,2,2,8.107518,16.50759,0.3084695,0.3085306,15,3,27.30007,3.699932,100,100,1,2,7,13,23,21,32.71821,2
1,1,2,2,8.60752,16.00759,0.3084695,0.3085306,15,3,27.30007,3.199933,100,100,1,2,7,13,23,21,32.81526,2
1,1,2,2,9.107522,15.50759,0.3084695,0.3085306,15,3,27.30007,2.699933,100,100,1,2,7,13,23,21,32.9174,2
1,0,2,2,9.607524,0,0.3084695,0.3085306,15,3,27.30007,2.699933,100,100,0,2,7,13,23,21,33.0157,2
1,0,1,1,10.10752,0,8.307524,2.307586,15,3,27.30007,2.699933,100,100,0,2,7,13,23,21,33.11725,2
1,0,1,1,10.60753,0,8.307526,2.307586,15,3,27.30007,2.699933,100,100,0,2,7,13,23,21,33.21651,2
1,0,1,1,11.10753,0,8.307525,2.307586,15,3,27.30007,2.699933,100,100,0,2,7,13,23,21,33.31692,2
1,0,1,1,11.60753,0,8.307525,2.307586,15,3,27.30007,2.699933,100,100,0,2,7,13,23,21,33.41705,2
1,0,2,2,12.00753,0,0.3084696,4.308531,15,3,27.30007,2.699933,100,100,0,2,7,13,23,21,33.51669,4
1,0,2,2,12.00753,0,0.5084704,4.10853,15,3,27.30007,2.699933,100,100,0,2,7,13,23,21,33.62149,4
2,0,2,2,2.008478,0,1.008472,3.608528,15,3,27.30007,2.699933,100,100,0,2,7,13,23,21,33.71497,4
2,2,2,2,2.008478,11.60852,1.508474,3.108526,15,3,27.30007,2.699933,100,100,0,2,7,13,23,21,33.81542,4
2,2,2,2,2.008478,11.60852,2.008476,2.608524,15,3,27.30007,2.699933,100,100,0,2,7,13,23,21,33.91809,4
2,2,2,2,2.108478,11.50852,2.108476,2.508524,15,3,27.30007,2.799933,100,100,0,2,7,13,23,21,34.01768,2
2,2,2,2,2.60848,11.00852,2.108476,2.508523,15,3,27.30007,3.299932,100,100,0,2,7,13,23,21,34.1195,2
2,2,2,2,3.108482,10.50852,2.108476,7.508524,15,3,27.30007,3.799932,100,100,0,2,7,13,23,21,34.21606,2
2,2,2,2,3.608484,10.00852,2.108476,7.508524,15,3,27.30007,4.299932,100,100,0,2,7,13,23,21,34.31723,2
2,2,1,1,4.108486,9.508514,10.10753,14.50758,15,3,27.30007,4.799931,100,100,1,2,7,13,23,21,34.4202,4
2,2,1,1,4.108486,9.508514,10.20753,14.40758,15,3,27.30007,5.299931,100,100,1,2,7,13,23,21,34.51559,4
1,2,1,1,2.107541,6.508514,10.70753,13.90758,15,3,27.30007,5.79993,100,100,1,2,7,13,23,21,34.61594,4
1,2,1,1,2.107541,6.508514,11.20753,13.40757,15,3,27.30007,6.29993,100,100,1,2,7,13,23,21,34.71519,4
1,2,1,1,2.107541,6.508514,11.30754,13.30757,15,3,27.30007,6.799929,100,100,1,2,7,13,23,21,34.81941,4
1,2,1,1,2.407542,6.208513,11.30754,13.30757,15,3,27.30007,7.299929,100,100,1,2,7,13,23,21,34.91754,2
1,2,2,2,2.807544,5.808511,3.308481,1.308519,15,3,27.30007,7.799928,100,100,1,2,7,13,23,21,35.01588,3
1,2,2,2,2.807544,5.808512,3.208481,1.40852,15,3,27.30007,8.299929,100,100,1,2,7,13,23,21,35.11845,3
1,2,2,2,2.807544,5.808512,2.708479,1.908521,15,3,27.30007,8.799931,100,100,1,2,7,13,23,21,35.21622,3
2,2,0,2,4.808488,8.808512,0,2.408524,15,3,27.30007,9.299932,100,100,0,2,7,13,23,21,35.31692,3
2,2,0,2,4.808488,8.808512,0,2.708524,15,3,27.30007,9.799934,100,100,0,2,7,13,23,21,35.41609,0
2,2,2,2,4.808488,8.808512,2.908476,2.708524,15,3,27.30007,10.29994,100,100,1,2,7,13,23,21,35.51553,0
2,2,0,2,5.008489,8.608511,0,2.708525,15,3,27.30007,10.79994,100,100,0,2,7,13,23,21,35.61588,2
2,2,0,2,5.508491,8.108509,0,2.708524,15,3,27.30007,11.29994,100,100,0,2,7,13,23,21,35.71768,2
2,2,2,2,5.808492,7.808508,1.908476,2.708524,15,3,27.30007,11.79994,100,100,1,2,7,13,23,21,35.81586,3
2,0,2,2,5.808492,0,1.608474,3.008526,15,3,27.30007,12.29994,100,100,0,2,7,13,23,21,35.91938,3
2,0,2,2,5.808493,0,1.108473,3.508527,15,3,27.30007,12.59995,100,100,0,2,7,13,23,21,36.02052,3
2,0,2,2,5.808492,0,0.8084715,3.808528,15,3,27.30007,12.09994,100,100,0,2,7,13,23,21,36.11853,0
2,0,2,2,5.808492,0,0.8084715,3.808528,15,3,27.30007,11.59994,100,100,0,2,7,13,23,21,36.21789,0
2,0,2,2,5.808492,0,0.8084715,3.808528,15,3,27.30007,11.09994,100,100,0,2,7,13,23,21,36.3199,0
2,0,2,2,5.808492,0,0.8084715,3.808528,15,3,27.30007,10.59994,100,100,0,2,7,13,23,21,36.41518,0
2,0,2,2,6.308494,0,0.8084715,3.808529,15,3,27.30007,10.09994,100,100,0,2,7,13,23,21,36.51639,2
2,1,1,2,6.808496,7.807559,0.8075264,3.808528,15,3,27.30007,9.599934,100,100,1,2,7,13,23,21,36.619,2
2,1,1,2,7.308498,7.307557,0.8075264,3.808529,15,3,27.30007,9.099932,100,100,1,2,7,13,23,21,36.71694,2
2,1,1,2,7.8085,6.807555,0.8075264,3.808529,15,3,27.30007,8.59993,100,100,1,2,7,13,23,21,36.81833,2
2,1,1,2,8.108501,6.507554,0.8075265,3.808528,15,3,27.30007,6.899929,100,100,1,2,7,13,23,21,37.15564,0
2,1,1,2,8.108501,6.507554,0.8075265,3.808528,15,3,27.30007,6.899929,100,100,1,2,7,13,23,21,37.16562,1
2,1,1,2,8.108501,6.507554,0.8075265,3.808528,15,3,27.30007,6.899929,100,100,1,2,7,13,23,21,37.17158,1
2,1,1,2,7.8085,6.807555,0.8075264,3.808529,15,3,27.30007,6.599929,100,100,1,2,7,13,23,21,37.21827,1
2,1,1,2,7.308498,7.307557,0.8075264,3.808529,15,3,27.30007,6.09993,100,100,1,2,7,13,23,21,37.3198,1
2,1,1,2,6.808496,7.807559,0.8075264,3.808528,15,3,27.30007,5.59993,100,100,1,2,7,13,23,21,37.4189,1
2,1,2,2,6.308495,8.307561,0.8084715,3.808529,15,3,27.30007,5.099931,100,100,1,2,7,13,23,21,37.51577,1
2,1,2,2,6.208494,8.407561,0.8084715,3.808528,15,3,27.30007,4.599931,100,100,1,2,7,13,23,21,37.61937,4
2,1,2,2,6.208494,8.407561,0.9084719,3.708528,15,3,27.30007,4.099932,100,100,1,2,7,13,23,21,37.71719,4
2,1,2,2,6.208494,8.407561,1.408474,3.208526,15,3,27.30007,3.599932,100,100,1,2,7,13,23,21,37.81506,4
2,1,2,2,6.208494,8.407561,1.708475,2.908525,15,3,27.30007,3.099933,100,100,1,2,7,13,23,21,37.91565,4
2,1,2,2,6.208494,8.407561,1.708475,2.908525,15,3,27.30007,2.699933,100,100,1,2,7,13,23,21,38.01768,1
2,1,2,2,5.708492,8.907563,1.708475,2.908525,15,3,27.30007,2.699933,100,100,1,2,7,13,23,21,38.11845,1
2,1,2,2,5.20849,9.407565,5.708475,2.908525,15,3,27.30007,2.699933,100,100,1,2,7,13,23,21,38.21817,1
2,1,2,2,4.708488,9.907567,5.708475,2.908525,15,3,27.30007,2.699933,100,100,1,2,7,13,23,21,38.31802,1
2,1,2,2,4.708488,9.907567,5.308473,3.308527,15,3,27.30007,2.699933,100,100,1,2,7,13,23,21,38.4174,3
2,1,2,2,4.708488,9.907567,4.808471,3.808529,15,3,27.30007,2.699933,100,100,1,2,7,13,23,21,38.51654,3
2,1,2,2,4.908489,9.707566,4.708471,3.908529,15,3,27.30007,2.699933,100,100,1,2,7,13,23,21,38.61821,2
2,1,2,2,5.408491,9.207564,4.708471,3.908529,15,3,27.30007,2.699933,100,100,1,2,7,13,23,21,38.71774,2
2,1,2,2,5.608491,9.007564,4.70847,3.908529,15,3,27.30007,2.699933,100,100,1,2,7,13,23,21,38.81513,3
1,0,2,2,15.60755,0,4.308469,4.30853,15,3,27.30007,2.699933,100,100,0,2,7,13,23,21,38.91845,3
2,2,2,2,1.608492,0.008508441,3.808468,4.808532,15,3,27.30007,2.699933,100,100,0,2,7,13,23,21,39.01779,3
2,2,2,2,1.608492,0.008508441,3.308466,5.308534,15,3,27.30007,2.699933,100,100,0,2,7,13,23,21,39.11831,3
2,2,2,2,1.608492,0.008508441,2.808464,5.808537,15,3,27.30007,2.699933,100,100,0,2,7,13,23,21,39.21815,3
2,2,2,2,1.608492,0.008508441,2.308462,6.308538,15,3,27.30007,2.699933,100,100,0,2,7,13,23,21,39.31746,3
2,2,2,2,1.608492,0.008508441,1.80846,6.80854,15,3,27.30007,2.699933,100,100,0,2,7,13,23,21,39.41819,3
2,2,2,2,1.608492,0.008508441,1.308458,7.308542,15,3,27.30007,2.699933,100,100,0,2,7,13,23,21,39.51588,3
2,2,2,2,1.608492,0.008508441,0.8084563,7.808544,15,3,27.30007,2.699933,100,100,0,2,7,13,23,21,39.61626,3
2,1,2,2,1.608492,9.007564,0.3084543,8.308545,15,3,27.30007,2.699933,100,100,1,2,7,13,23,21,39.71711,3
2,2,2,2,1.608492,0.008508441,0.8084525,8.808548,15,3,27.30007,2.699933,100,100,1,2,7,13,23,21,39.81755,3
2,2,1,2,5.608492,0.008508441,3.307506,9.30855,15,3,27.30007,2.699933,100,100,1,2,7,13,23,21,39.91687,3
2,2,1,2,5.608491,0.008508441,2.807504,9.808552,15,3,27.30007,2.699933,100,100,1,2,7,13,23,21,40.01914,3
2,2,0,2,5.608491,0.008508441,0,10.30855,15,3,27.30007,2.699933,100,100,0,2,7,13,23,21,40.1192,3
1,2,0,2,1.608492,0.008508441,0,10.80856,15,3,27.30007,2.699933,100,100,0,2,7,13,23,21,40.21779,0
2,2,1,2,5.608491,0.008508441,2.007501,10.60855,15,3,27.30007,2.699933,100,100,1,2,7,13,23,21,40.31797,4
2,2,1,2,5.608491,0.008508441,2.507503,10.10855,15,3,27.30007,2.699933,100,100,1,2,7,13,23,21,40.4152,4
2,2,1,2,5.608491,0.008508441,3.007504,9.608551,15,3,27.30007,2.699933,100,100,1,2,7,13,23,21,40.51934,4
2,2,1,2,5.608491,0.008508441,3.207505,9.40855,15,3,27.30007,2.699933,100,100,1,2,7,13,23,21,40.61699,0
2,2,1,2,5.608491,0.008508441,3.207505,9.40855,15,3,27.30007,2.699933,100,100,1,2,7,13,23,21,40.71835,0
2,2,1,2,5.608491,0.008508441,3.207505,9.40855,15,3,27.30007,2.699933,100,100,1,2,7,13,23,21,40.82003,2
2,2,1,2,5.608491,0.008508441,3.207505,9.40855,15,3,27.30007,2.699933,100,100,1,2,7,13,23,21,40.91823,2
2,2,1,2,5.608491,0.008508441,3.207505,9.40855,15,3,27.30007,2.699933,100,100,1,2,7,13,23,21,41.01515,2
2,2,1,2,5.608491,0.008508441,3.207505,9.40855,15,3,27.30007,2.699933,100,100,1,2,7,13,23,21,41.11787,0
2,2,1,2,5.608491,0.008508441,3.207505,9.40855,15,3,27.30007,2.699933,100,100,1,2,7,13,23,21,41.21534,0
2,2,1,2,5.608491,0.008508441,3.207505,9.40855,15,3,27.30007,2.699933,100,100,1,2,7,13,23,21,41.31693,0
2,2,1,2,1.608492,0.008508441,3.707507,8.908548,15,3,27.30007,2.699933,100,100,1,2,7,13,23,21,41.41548,4
2,1,1,2,1.608492,9.007564,4.207508,8.408546,15,3,27.30007,2.699933,100,100,1,2,7,13,23,21,41.51815,0
2,2,1,2,1.608492,0.008508441,3.707507,8.908548,15,3,27.30007,2.699933,100,100,1,2,7,13,23,21,41.61796,3
2,2,1,2,5.608491,0.008508441,3.207505,9.40855,15,3,27.30007,2.699933,100,100,1,2,7,13,23,21,41.71819,3
2,2,1,2,5.608491,0.008508441,2.707503,9.908552,15,3,27.30007,2.699933,100,100,1,2,7,13,23,21,41.81691,3
2,2,1,2,5.608491,0.008508441,2.207501,10.40855,15,3,27.30007,2.699933,100,100,1,2,7,13,23,21,41.91542,3
1,2,1,2,1.608492,0.008508441,1.707499,10.90856,15,3,27.30007,2.699933,100,100,1,2,7,13,23,21,42.01869,3
1,2,1,2,1.608492,0.008508441,1.207497,11.40856,15,3,27.30007,2.799933,100,100,1,2,7,13,23,21,42.12088,0
1,2,1,2,1.608492,0.008508441,1.307498,11.30856,15,3,27.30007,3.299932,100,100,1,2,7,13,23,21,42.22092,4
1,2,1,2,1.608492,0.008508441,1.8075,10.80856,15,3,27.30007,3.799932,100,100,1,2,7,13,23,21,42.31764,4
2,2,1,2,5.608491,0.008508441,2.307502,10.30855,15,3,27.30007,4.299932,100,100,1,2,7,13,23,21,42.4185,4
2,2,1,2,5.608491,0.008508441,2.807504,9.808552,15,3,27.30007,4.799931,100,100,1,2,7,13,23,21,42.51718,4
2,2,1,2,5.608492,0.008508441,3.307506,9.30855,15,3,27.30007,5.299931,100,100,1,2,7,13,23,21,42.61497,4
2,2,1,2,1.608492,0.008508441,3.807508,8.808548,15,3,27.30007,5.79993,100,100,1,2,7,13,23,21,42.71911,4
2,1,1,2,1.608492,9.007564,4.307509,8.308545,15,3,27.30007,6.29993,100,100,1,2,7,13,23,21,42.81768,4
2,2,1,2,1.608492,0.008508441,4.807511,7.808544,15,3,27.30007,6.799929,100,100,1,2,7,13,23,21,42.91763,4
2,2,1,2,1.608492,0.008508441,5.207512,7.408543,15,3,27.30007,7.299929,100,100,1,2,7,13,23,21,43.01871,4
2,2,1,2,1.608492,0.008508441,5.207512,7.408543,15,3,27.30007,7.799928,100,100,1,2,7,13,23,21,43.11674,2
2,2,1,2,1.608492,0.008508441,5.207512,7.408543,15,3,27.30007,8.299929,100,100,1,2,7,13,23,21,43.21839,0
2,2,1,2,1.608492,0.008508441,5.207512,7.408543,15,3,27.30007,8.799931,100,100,1,2,7,13,23,21,43.31803,0
2,2,1,2,1.608492,0.008508441,5.007511,7.608544,15,3,27.30007,9.299932,100,100,1,2,7,13,23,21,43.41595,3
2,2,1,2,1.608492,0.008508441,4.807511,7.808544,15,3,27.30007,9.799934,100,100,1,2,7,13,23,21,43.51576,0
2,2,0,2,1.608492,0.008508441,0,7.808544,15,3,27.30007,10.29994,100,100,0,2,7,13,23,21,43.61847,0
2,2,0,2,1.608492,0.008508441,0,7.808544,15,3,27.30007,10.79994,100,100,0,2,7,13,23,21,43.71746,0
2,2,0,2,1.608492,0.008508441,0,7.808544,15,3,27.30007,11.29994,100,100,0,2,7,13,23,21,43.81979,0
2,2,1,2,1.608492,0.008508441,4.807511,7.808544,15,3,100,100,100,100,1,2,7,13,23,21,43.91587,0
2,2,0,2,1.608492,0.008508441,0,7.808544,15,3,100,100,100,100,0,2,7,13,23,21,44.01805,0
2,2,0,2,1.608492,0.008508441,0,7.808544,15,3,100,100,100,100,0,2,7,13,23,21,44.11681,0
2,2,0,2,1.608492,0.008508441,0,7.808544,15,3,100,100,100,100,0,2,7,13,23,21,44.21649,0
2,2,0,2,1.608492,0.008508441,0,7.808544,15,3,100,100,100,100,0,2,7,13,23,21,44.31784,0
2,2,1,2,1.608492,0.008508441,4.807511,7.808544,15,3,100,100,100,100,1,2,7,13,23,21,44.41854,0
2,2,1,2,1.608492,0.008508441,4.807511,7.808544,15,3,100,100,100,100,1,2,7,13,23,21,44.51593,4
2,2,1,2,1.608492,0.008508441,5.307513,7.308542,15,3,100,100,100,100,1,2,7,13,23,21,44.61741,4
2,2,1,2,1.608492,0.008508441,5.807515,6.80854,15,3,100,100,100,100,1,2,7,13,23,21,44.71846,4
2,2,1,2,1.608492,0.008508441,6.307517,6.308538,15,3,100,100,100,100,1,2,7,13,23,21,44.81673,4
2,2,1,2,1.608492,0.008508441,6.807518,5.808537,15,3,100,100,100,100,1,2,7,13,23,21,44.91773,4
2,2,1,2,1.608492,0.008508441,7.30752,5.308534,15,3,100,100,100,100,1,2,7,13,23,21,45.01658,4
2,2,1,2,1.608492,0.008508441,7.807522,4.808532,15,3,100,100,100,100,1,2,7,13,23,21,45.11808,4
1,1,1,2,15.60755,9.007564,8.307525,4.30853,15,3,100,100,100,100,1,2,7,13,23,21,45.21887,4
2,1,1,2,5.608491,9.007564,8.807527,3.808528,15,3,100,100,100,100,1,2,7,13,23,21,45.3151,4
2,1,1,2,5.608491,9.007564,8.807527,3.808528,15,3,100,100,100,100,1,2,7,13,23,21,45.41556,4
2,1,1,2,5.408491,9.207564,8.807527,3.808528,15,3,100,100,100,100,1,2,7,13,23,21,45.51868,1
2,1,1,2,4.908489,9.707566,8.807527,3.808529,15,3,100,100,100,100,1,2,7,13,23,21,45.61827,1
2,1,1,1,4.408487,10.20757,8.807527,15.80758,15,3,100,100,100,100,1,2,7,13,23,21,45.71635,1
2,1,2,2,3.908485,10.70757,0.8084715,8.808529,15,3,100,100,100,100,1,2,7,13,23,21,45.81826,1
2,1,2,2,3.408483,11.20757,0.8084715,8.808529,15,3,100,100,100,100,1,2,7,13,23,21,45.91702,1
2,1,2,2,2.908482,11.70757,0.8084714,3.808529,15,3,100,100,100,100,1,2,7,13,23,21,46.01738,1
2,1,2,2,2.408479,12.20758,0.8084714,3.808529,15,3,100,100,100,100,1,2,7,13,23,21,46.11702,1
2,1,2,1,1.908478,12.70758,0.8084715,1.807584,15,3,100,100,100,100,1,2,7,13,23,21,46.21802,1
2,1,2,1,1.708477,12.90758,0.7084711,1.907584,15,3,100,100,100,100,1,2,7,13,23,21,46.31504,3
1,1,2,1,11.70753,12.90758,0.2084692,2.407586,15,3,100,100,100,100,1,2,7,13,23,21,46.41578,3
1,1,2,1,11.70753,12.90758,0.008468387,2.607587,15,3,100,100,100,100,1,2,7,13,23,21,46.51629,3
1,1,2,1,11.70753,12.90758,0.008468387,2.607587,15,3,100,100,100,100,1,2,7,13,23,21,46.61861,3
1,1,2,1,11.70753,12.90758,0.008468387,2.607587,15,3,100,100,100,100,1,2,7,13,23,21,46.71534,3
1,1,2,1,11.70753,12.90758,0.008468387,2.607587,15,3,100,100,100,100,1,2,7,13,23,21,46.81642,3
1,1,1,1,11.20753,13.40758,8.007524,2.607587,15,3,100,100,100,100,1,2,7,13,23,21,46.91608,1
2,2,1,1,1.208475,0.4085253,7.907523,2.707587,15,3,100,100,100,100,1,2,7,13,23,21,47.01706,3
2,2,1,1,1.208475,0.4085253,7.407521,3.207589,15,3,100,100,100,100,1,2,7,13,23,21,47.11533,3
2,2,1,1,1.208475,0.4085253,6.907519,3.707591,15,3,100,100,100,100,1,2,7,13,23,21,47.2174,3
2,2,1,1,1.208475,0.4085253,6.407517,4.207593,15,3,100,100,100,100,1,2,7,13,23,21,47.31704,3
2,2,1,1,1.208475,0.4085253,5.907516,4.707595,15,3,100,100,100,100,1,2,7,13,23,21,47.41656,3
2,2,1,1,1.208475,0.4085253,5.407513,5.207597,15,3,100,100,100,100,1,2,7,13,23,21,47.51667,3
2,2,1,1,1.208475,0.4085253,5.307513,5.307597,15,3,100,100,100,100,1,2,7,13,23,21,47.61736,3
2,2,1,1,1.208475,0.4085253,5.307513,5.307597,15,3,100,100,100,100,1,2,7,13,23,21,47.71506,3
2,2,1,1,1.208475,0.4085253,5.307513,5.307597,15,3,100,100,100,100,1,2,7,13,23,21,47.81807,3
2,2,1,1,1.208475,0.4085253,4.907512,5.707598,15,3,100,100,100,100,1,2,7,13,23,21,47.91677,3
1,2,1,1,11.20753,0.4085253,4.50751,6.1076,15,3,100,100,100,100,1,2,7,13,23,21,48.01992,3
1,2,1,1,11.10753,0.5085257,4.107509,6.507601,15,3,100,100,100,100,1,2,7,13,23,21,48.11605,1
1,2,1,1,10.60753,1.008528,4.107508,6.507601,15,3,100,100,100,100,1,2,7,13,23,21,48.21634,1
1,2,1,1,10.10752,1.508529,4.107508,6.507601,15,3,100,100,100,100,1,2,7,13,23,21,48.31505,1
1,2,2,2,9.607524,2.008531,0.1084535,0.5085467,15,3,100,100,100,100,1,2,7,13,23,21,48.41649,1
1,2,2,2,9.107522,2.508533,0.1084535,0.5085467,15,3,100,100,100,100,1,2,7,13,23,21,48.51775,1
1,2,2,2,8.60752,3.008535,0.1084535,0.5085467,15,3,100,100,100,100,1,2,7,13,23,21,48.61863,1
1,2,2,2,8.107517,3.508537,0.1084535,0.5085467,15,3,100,100,100,100,1,2,7,13,23,21,48.71574,1
1,2,2,2,7.607515,4.008539,0.1084535,0.5085467,15,3,100,100,100,100,1,2,7,13,23,21,48.81573,1
0,1,2,1,0,0.3075551,0.3085001,8.307555,15,3,3,27,27,27,1,2,23,7,23,23,0.106013,0
0,1,2,1,0,0.3075551,0.3085001,8.307555,15,3,3,27,27,27,1,2,23,7,23,23,0.2090972,1
0,1,2,2,0,0.8075545,0.3085001,0.3085001,15,3,3,27,27,27,1,2,23,7,23,23,0.3036568,1
0,1,2,2,0,1.307554,0.3085001,0.3085001,15,3,3,27,27,27,1,2,23,7,23,23,0.4048131,1
0,1,2,2,0,1.807554,0.3085001,0.3085001,15,3,3,27,27,27,1,2,23,7,23,23,0.5041499,1
0,1,2,2,0,2.307553,0.3085001,0.3085001,15,3,3,27,27,27,1,2,23,7,23,23,0.601115,1
0,1,2,2,0,2.807553,0.3085001,0.3085001,15,3,3,27,27,27,1,2,23,7,23,23,0.7039927,1
0,1,2,2,0,3.307552,0.3085001,0.3085001,15,3,3,27,27,27,1,2,23,7,23,23,0.8039736,1
0,1,2,2,0,3.807552,0.3085001,0.3085001,15,3,3,27,27,27,1,2,23,7,23,23,0.9019398,1
0,1,2,2,0,4.207551,8.3085,0.3085001,15,3,3,27,27,27,1,2,23,7,23,23,1.001073,3
0,1,2,2,0,4.207551,8.1085,0.5085009,15,3,3,27,27,27,1,2,23,7,23,23,1.102292,3
2,2,2,2,0.4085038,0.2084963,7.608498,1.008503,15,3,3,27,27,27,1,2,23,7,23,23,1.201414,3
2,2,2,2,0.4085038,0.2084963,7.108495,1.508505,15,3,3,27,27,27,1,2,23,7,23,23,1.303014,3
2,2,2,2,0.4085038,0.2084963,6.608493,2.008507,15,3,3,27,27,27,1,2,23,7,23,23,1.408179,3
2,2,2,2,0.4085038,0.2084963,6.108491,2.508508,15,3,3,27,27,27,1,2,23,7,23,23,1.502911,3
2,2,2,2,0.4085038,0.2084963,5.408489,3.208511,15,3,3,27,27,27,1,2,23,7,23,23,1.647008,3
2,2,2,2,0.4085038,0.2084963,5.108488,3.508512,15,3,3,27,27,27,1,2,23,7,23,23,1.701944,3
2,2,2,2,4.408504,0.2084963,4.608486,4.008514,15,3,3,27,27,27,1,2,23,7,23,23,1.802266,3
2,2,2,2,4.408504,0.2084963,4.108484,4.508516,15,3,3,27,27,27,1,2,23,7,23,23,1.900486,3
2,2,2,2,0.4085038,0.2084963,3.608482,5.008518,15,3,3,27,27,27,1,2,23,7,23,23,2.000924,3
2,2,2,2,0.4085038,0.2084963,3.10848,5.50852,15,3,3.5,27,26.5,27,1,2,23,7,23,23,2.103426,3
2,2,2,2,0.4085038,0.2084963,2.608478,6.008522,15,3,3.999999,27,26,27,1,2,23,7,23,23,2.202614,3
2,2,2,2,0.4085038,0.2084963,2.108476,6.508524,15,3,4.499999,27,25.49999,27,1,2,23,7,23,23,2.300546,3
2,2,2,2,0.4085038,0.2084963,1.608475,7.008525,15,3,4.999998,27,24.99999,27,1,2,23,7,23,23,2.403795,3
2,2,2,2,0.4085038,0.2084963,1.108473,7.508528,15,3,5.499998,27,24.49999,27,1,2,23,7,23,23,2.502115,3
2,2,2,2,0.4085038,0.2084963,0.7084711,7.908529,15,3,5.999997,27,23.99999,27,1,2,23,7,23,23,2.600996,3
2,2,2,2,0.5085037,0.1084964,0.7084711,7.908529,15,3,6.499997,27,23.49999,27,1,2,23,7,23,23,2.700268,2
2,2,2,2,0.6085036,0.00849652,0.7084711,7.908529,15,3,6.999996,27,22.99998,27,1,2,23,7,23,23,2.802568,2
2,2,2,2,0.6085036,0.00849652,0.7084711,7.908529,15,3,7.499996,27,22.49998,27,1,2,23,7,23,23,2.903401,2
2,2,2,2,0.6085036,0.00849652,0.7084711,7.908529,15,3,7.999995,27,21.99998,27,1,2,23,7,23,23,3.000925,2
2,2,2,2,0.6085036,0.00849652,0.7084711,7.908529,15,3,8.499997,27,21.49998,27,1,2,23,7,23,23,3.102381,2
2,2,2,2,0.6085036,0.00849652,0.7084711,7.908529,15,3,8.999999,27,20.99998,27,1,2,23,7,23,23,3.202155,2
0,1,2,2,0,4.007552,0.6084707,8.00853,15,3,9.500001,27,20.49998,27,1,2,23,7,23,23,3.302306,3
6,1,2,2,18.95775,4.007552,0.1084688,8.508532,15,3,10,27,19.99997,27,1,2,23,7,23,23,3.400992,3
6,1,2,2,18.95775,4.007552,0.008468387,8.608532,15,3,10.5,27,19.49997,27,1,2,23,7,23,23,3.500348,3
6,1,2,2,19.25775,3.707551,0.008468387,0.6085318,15,3,11.00001,27,18.99997,27,1,2,23,7,23,23,3.602682,2
6,1,2,2,19.75775,3.207552,0.008468387,0.6085318,15,3,11.50001,27,18.49997,27,1,2,23,7,23,23,3.703589,2
0,1,2,2,0,2.707553,0.008468387,0.6085318,15,3,12.00001,27,17.99997,27,1,2,23,7,23,23,3.800412,2
0,1,2,2,0,2.207553,0.008468387,0.6085318,15,3,12.50001,27,17.49996,27,1,2,23,7,23,23,3.900593,2
0,1,2,2,0,1.707554,0.008468387,0.6085318,15,3,13.00001,27,16.99996,27,1,2,23,7,23,23,4.000371,2
0,1,2,2,0,1.207554,0.008468387,0.6085318,15,3,13.50002,27,16.99996,27,1,2,23,7,23,23,4.102559,2
0,1,2,2,0,0.7075547,0.008468387,0.6085318,15,3,14.00002,27,16.99996,27,1,2,23,7,23,23,4.202658,2
0,1,1,2,0,0.6075548,8.007524,0.6085318,15,3,14.50002,27,16.99996,27,1,2,23,7,23,23,4.30251,3
2,1,1,2,0.008500335,0.6075547,7.507522,1.108534,15,3,15.00002,27,16.99996,27,1,2,23,7,23,23,4.402737,3
2,1,1,2,0.008500335,0.6075547,7.007519,1.608536,15,3,15.50002,27,16.99996,27,1,2,23,7,23,23,4.501314,3
2,1,1,2,0.008500335,0.6075547,6.507517,2.108537,15,3,16.00002,27,16.99996,27,1,2,23,7,23,23,4.601128,3
2,1,1,2,0.008500335,0.6075548,6.007515,2.608539,15,3,16.50003,27,16.99996,27,1,2,23,7,23,23,4.701503,3
2,1,1,2,0.008500335,0.6075547,5.507514,3.108541,15,3,17.00003,27,16.99996,27,1,2,23,7,23,23,4.802546,3
2,1,1,2,0.008500335,0.6075547,5.107512,3.508542,15,3,17.50003,27,16.99996,27,1,2,23,7,23,23,4.902338,3
2,1,1,2,0.008500335,0.6075547,5.107512,3.508542,15,3,18.00003,27,16.99996,27,1,2,23,7,23,23,5.003508,1
2,1,1,2,0.008500335,0.6075547,5.107512,3.508542,15,3,18.50003,27,16.99996,27,1,2,23,7,23,23,5.103355,1
2,1,1,2,0.008500335,0.6075547,5.107512,3.508542,15,3,19.00004,27,16.99996,27,1,2,23,7,23,23,5.202029,1
2,1,1,2,0.008500335,0.6075547,4.907512,3.708544,15,3,19.50004,27,16.99996,27,1,2,23,7,23,23,5.301932,3
2,1,1,2,10.0085,0.6075548,4.40751,4.208545,15,3,20.00004,27,16.99996,27,1,2,23,7,23,23,5.403321,3
2,1,2,2,9.708501,0.9075545,0.4084547,0.2085454,15,3,20.50004,27,16.99996,27,1,2,23,7,23,23,5.501548,1
2,1,2,2,9.208502,1.407554,0.4084547,0.2085454,15,3,21.00004,27,16.99996,27,1,2,23,7,23,23,5.602801,1
2,1,2,2,8.708502,1.907554,0.4084547,0.2085454,15,3,21.50005,27,16.99996,27,1,2,23,7,23,23,5.703214,1
2,1,2,2,8.208502,2.407553,0.4084547,0.2085454,15,3,22.00005,27,16.99996,27,1,2,23,7,23,23,5.800644,1
2,1,2,2,7.708502,2.907553,0.4084547,0.2085454,15,3,22.50005,27,16.99996,27,1,2,23,7,23,23,5.900677,1
2,1,2,2,7.208503,3.407552,0.4084547,0.2085454,15,3,23.00005,27,16.99996,27,1,2,100,100,23,23,6.001434,1
2,1,2,2,6.708503,3.907552,0.4084547,0.2085454,15,3,22.50005,27,16.49996,27,1,2,100,100,23,23,6.102338,1
2,1,2,2,6.208504,4.407551,0.4084547,0.2085454,15,3,22.00005,27,15.99996,27,1,2,100,100,23,23,6.201737,1
2,1,1,1,5.708504,4.90755,0.4075097,0.2076005,15,3,21.50005,27,15.49996,27,1,2,100,100,23,23,6.30284,1
2,1,1,1,5.208504,5.40755,0.4075097,0.2076005,15,3,21.00004,27,14.99995,27,1,2,100,100,23,23,6.402431,1
2,1,1,1,4.708502,5.907552,0.4075097,0.2076005,15,3,20.50004,27,14.49995,27,1,2,100,100,23,23,6.500175,1
2,1,1,1,4.208501,6.407555,0.4075097,0.2076005,15,3,20.00004,27,13.99995,27,0,2,100,100,23,23,6.601246,1
0,1,1,1,0,6.907556,0.4075097,0.2076005,15,3,19.50004,27,13.49995,27,0,2,100,100,23,23,6.701208,1
0,1,1,1,0,7.407558,0.4075097,0.2076005,15,3,19.00004,27,12.99995,27,0,2,100,100,23,23,6.800309,1
0,1,1,1,0,7.907561,0.4075097,0.2076005,15,3,18.50003,27,12.49994,27,0,2,100,100,23,23,6.902254,1
2,1,2,2,3.208493,8.407562,0.4084547,0.2085454,15,3,18.00003,27,11.99994,27,1,2,100,100,23,23,7.002209,1
0,1,2,2,0,8.907564,0.4084547,0.2085454,15,3,17.50003,27,11.49994,27,0,2,100,100,23,23,7.101966,1
0,1,2,2,0,9.407566,0.4084547,0.2085454,15,3,17.00003,27,10.99994,27,0,2,100,100,23,23,7.202959,1
1,1,2,2,14.70754,9.907568,0.4084547,0.2085454,15,3,16.50003,27,10.49994,27,1,2,100,100,23,23,7.304724,1
0,1,1,2,0,10.40757,4.407509,4.208545,15,3,16.00002,27,9.999935,27,0,2,100,100,23,23,7.402187,1
0,1,1,2,0,10.90757,2.408455,0.2085454,15,3,15.50002,27,9.499933,27,0,2,100,100,23,23,7.504992,1
0,1,1,2,0,11.40757,2.408455,0.2085454,15,3,15.00002,27,8.999931,27,0,2,100,100,23,23,7.603426,1
0,1,1,2,0,11.90758,2.408455,0.2085454,15,3,14.50002,27,8.499929,27,0,2,100,100,23,23,7.700315,1
0,1,1,2,0,12.40758,2.408455,0.2085454,15,3,14.00002,27,7.999928,27,0,2,100,100,23,23,7.802777,1
0,1,1,2,0,12.90758,2.408455,0.2085454,15,3,13.50002,27,7.499928,27,0,2,100,100,23,23,7.902068,1
0,1,2,2,0,13.40758,2.408455,0.2085454,15,3,13.00001,27,6.999929,27,0,2,100,100,23,23,8.003065,1
0,1,2,2,0,13.70758,2.408455,0.2085454,15,3,13.00001,27.3,7.499928,27,0,2,100,100,23,23,8.10183,4
0,1,2,2,0,13.70758,2.608455,0.008544681,15,3,13.00001,27.3,7.999928,27,0,2,100,100,23,23,8.203334,4
0,1,2,2,0,13.70758,2.608455,0.008544681,15,3,13.00001,27.3,8.499929,27,0,2,100,100,23,23,8.303185,4
0,1,2,2,0,13.70758,2.608455,0.008544681,15,3,13.00001,27.3,8.999931,27,0,2,100,100,23,23,8.40341,4
0,1,2,2,0,13.70758,2.608455,0.008544681,15,3,13.00001,27.3,9.499933,27,0,2,100,100,23,23,8.501095,4
0,1,2,2,0,13.70758,2.508455,0.1085451,15,3,13.00001,27.3,9.999935,27,0,2,100,100,23,23,8.601192,3
0,1,2,2,0,13.70758,2.208454,0.4085462,15,3,13.00001,27.3,10.49994,27,0,2,100,100,23,23,8.703456,3
1,1,1,1,10.50753,14.10758,4.207509,6.407601,15,3,13.00001,27.3,10.99994,27,1,2,100,100,23,23,8.803552,1
1,1,1,1,10.00753,14.60758,4.207509,6.407601,15,3,13.00001,27.3,11.49994,27,1,2,100,100,23,23,8.903658,1
1,1,2,2,9.507524,15.10759,0.2084539,0.4085463,15,3,13.00001,27.3,11.99994,27,1,2,100,100,23,23,9.003651,1
1,1,2,2,9.007522,15.60759,0.2084539,0.4085463,15,3,13.00001,27.3,12.49994,27,1,2,100,100,23,23,9.100762,1
1,1,2,2,8.50752,16.10759,0.2084539,0.4085463,15,3,13.00001,27.3,12.99995,27,1,2,100,100,23,23,9.201507,1
1,1,2,2,8.007518,16.60759,0.2084539,0.4085463,15,3,13.00001,27.3,13.49995,27,1,2,100,100,23,23,9.30164,1
1,1,2,2,7.507515,17.10759,0.2084539,0.4085463,15,3,13.00001,27.3,13.99995,27,1,2,100,100,23,23,9.404094,1
1,1,2,2,7.007514,17.6076,0.2084539,0.4085463,15,3,13.00001,27.3,14.49995,27,1,2,100,100,23,23,9.500881,1
1,1,2,2,6.507512,18.1076,0.2084539,0.4085463,15,3,13.00001,27.3,14.99995,27,1,2,100,100,23,23,9.601315,1
1,1,2,2,6.00751,18.6076,0.2084539,0.4085463,15,3,13.00001,27.3,15.49996,27,1,2,100,100,23,23,9.703207,1
1,1,2,2,5.507508,19.1076,0.2084539,0.4085462,15,3,13.00001,27.3,15.99996,27,1,2,100,100,23,23,9.800419,1
1,1,2,2,5.407508,19.2076,0.2084539,0.4085462,15,3,13.00001,27.3,16.49996,27,1,2,100,100,23,23,9.903285,0
1,1,2,2,5.707509,18.9076,0.2084539,0.4085463,15,3,13.00001,27.3,16.99996,27,1,2,100,100,23,23,10.00168,2
1,1,2,2,6.20751,18.4076,0.2084539,0.4085463,15,3,13.00001,26.8,16.99996,26.7,1,2,100,100,23,23,10.10116,2
1,1,2,2,6.707512,17.9076,0.2084539,0.4085463,15,3,13.00001,26.7,16.99996,26.6,1,2,100,100,23,23,10.20377,2
1,1,2,2,7.207515,17.4076,0.2084539,0.4085463,15,3,13.00001,26.2,16.99996,26.1,1,2,100,100,23,23,10.30294,2
1,1,2,2,7.707517,16.90759,0.2084539,0.4085463,15,3,13.00001,25.7,16.99996,25.59999,1,2,100,100,23,23,10.4038,2
1,1,2,2,8.207519,16.40759,0.2084539,0.4085463,15,3,13.00001,25.19999,16.99996,25.09999,1,2,100,100,23,23,10.50118,2
1,1,2,2,8.407519,16.20759,0.2084539,0.4085463,15,3,13.00001,24.69999,16.99996,24.59999,1,2,100,100,23,23,10.602,0
1,1,2,2,8.407519,16.20759,0.2084539,0.4085463,15,3,13.00001,24.19999,16.99996,24.09999,1,2,100,100,23,23,10.7026,0
1,1,2,2,7.907517,16.70759,0.2084539,0.4085463,15,3,13.00001,23.69999,16.99996,23.59999,1,2,100,100,23,23,10.8011,1
1,1,2,2,7.407516,17.2076,0.2084539,0.4085463,15,3,13.00001,23.19999,16.99996,23.09999,1,2,100,100,23,23,10.9029,1
1,1,2,2,6.907513,17.7076,0.2084539,0.4085463,15,3,13.00001,22.69998,16.99996,22.59998,1,2,100,100,23,23,11.00099,1
1,1,2,2,6.407511,18.2076,0.2084539,0.4085463,15,3,13.00001,22.19998,16.99996,22.09998,1,2,100,100,23,23,11.1017,1
1,1,2,2,6.20751,18.4076,0.2084539,0.4085463,15,3,13.00001,21.69998,16.99996,21.59998,1,2,100,100,23,23,11.20243,0
1,1,2,2,6.20751,18.4076,0.2084539,0.4085463,15,3,13.00001,21.19998,16.99996,21.09998,1,2,100,100,23,23,11.30256,0
1,1,2,2,6.20751,18.4076,0.2084539,0.4085463,15,3,13.00001,20.69998,16.99996,20.59998,1,2,100,100,23,23,11.40405,0
1,1,2,2,6.20751,18.4076,0.3084543,0.3085458,15,3,13.00001,20.19997,16.99996,20.09997,1,2,100,100,23,23,11.50235,4
1,1,2,2,6.20751,18.4076,0.6084555,0.008544681,15,3,13.00001,19.69997,16.99996,19.59997,1,2,100,100,23,23,11.60227,4
1,1,2,2,6.20751,18.4076,0.6084555,0.008544681,15,3,13.00001,19.19997,16.99996,19.09997,1,2,100,100,23,23,11.70265,4
1,1,2,2,6.20751,18.4076,0.6084555,0.008544681,15,3,13.00001,18.69997,16.99996,18.59997,1,2,100,100,23,23,11.80227,4
1,1,2,2,6.20751,18.4076,0.6084555,0.008544681,15,3,13.00001,18.19997,16.99996,18.09997,1,2,100,100,23,23,11.90352,4
2,2,2,2,1.208456,0.4085443,0.8084562,0.808544,15,3,13.00001,17.69996,16.99996,17.59996,1,2,100,100,23,23,12.0041,4
2,2,2,2,1.208456,0.4085443,1.308458,0.308542,15,3,13.00001,17.69996,17.49996,17.59996,0,2,100,100,23,23,12.10469,4
2,2,2,1,0.2084558,0.4085443,1.80846,4.807595,15,3,13.00001,17.69996,17.99997,17.59996,1,2,100,100,23,23,12.20144,4
2,2,2,0,0.2084558,0.4085443,2.308462,0,15,3,13.00001,17.69996,18.49997,17.59996,0,2,100,100,23,23,12.3026,4
2,2,2,0,0.2084558,0.4085443,2.808464,0,15,3,13.00001,17.69996,18.99997,17.59996,0,2,100,100,23,23,12.40084,4
2,2,2,0,0.2084558,0.4085443,3.308466,0,15,3,13.00001,17.69996,19.29997,17.59996,0,2,100,100,23,23,12.50334,4
2,2,2,0,0.2084558,0.4085443,3.808468,0,15,3,13.00001,17.69996,19.29997,17.59996,0,2,100,100,23,23,12.60319,4
1,6,2,1,6.20751,2.15783,4.308469,2.307586,15,3,13.00001,17.69996,19.29997,17.59996,1,2,100,100,23,23,12.70152,4
1,6,2,1,6.20751,2.15783,4.808471,1.807584,15,3,13.00001,17.69996,19.29997,17.59996,1,2,100,100,23,23,12.80247,4
1,6,2,1,6.507512,1.857829,4.808471,1.807584,15,3,13.00001,17.69996,19.29997,17.59996,0,2,100,100,23,23,12.90166,2
1,6,2,1,7.007514,1.357827,0.8084715,1.807584,15,3,13.00001,17.69996,19.29997,17.59996,0,2,100,100,23,23,13.00353,2
1,0,2,1,7.307515,0,0.8084714,1.807584,15,3,13.00001,17.69996,19.29997,17.59996,0,2,100,100,23,23,13.10054,0
1,6,2,1,7.307515,1.057826,0.8084714,1.807584,15,3,13.00001,17.69996,19.29997,17.59996,0,2,100,100,23,23,13.20208,0
1,6,2,1,7.307515,1.057826,0.8084714,1.807584,15,3,13.00001,17.69996,19.39997,17.59996,0,2,100,100,23,23,13.30178,0
1,6,2,1,7.307515,1.057826,0.3084695,2.307586,15,3,13.00001,17.69996,19.89997,17.59996,0,2,100,100,23,23,13.40347,3
1,1,2,1,7.007514,17.6076,0.3084695,2.307586,15,3,13.00001,17.69996,20.39997,17.59996,1,2,100,100,23,23,13.50282,1
1,1,2,1,6.507512,18.1076,4.308469,2.307586,15,3,13.00001,17.69996,20.89998,17.59996,1,2,100,100,23,23,13.60288,1
1,1,2,1,6.00751,18.6076,4.308469,2.307586,15,3,13.00001,17.69996,21.39998,17.59996,1,2,100,100,23,23,13.70261,1
1,1,2,1,5.507508,19.1076,0.3084695,2.307586,15,3,13.00001,17.69996,21.89998,17.59996,1,2,100,100,23,23,13.80057,1
1,1,2,1,5.007506,19.6076,0.3084695,2.307586,15,3,13.00001,17.69996,22.39998,17.59996,1,2,100,100,23,23,13.90399,1
1,0,2,2,4.507504,0,0.3084695,8.308531,15,3,13.00001,17.69996,22.89998,17.59996,1,2,100,100,23,23,14.00092,1
1,0,2,2,4.007503,0,0.3084695,8.308531,15,3,13.00001,17.69996,22.89998,17.59996,1,2,100,100,23,23,14.1024,1
1,0,2,2,4.007503,0,0.4084699,8.208529,15,3,13.00001,17.69996,22.89998,17.59996,1,2,100,100,23,23,14.20481,4
1,2,2,2,4.007503,9.608553,0.9084719,7.708528,15,3,13.00001,17.69996,22.89998,17.59996,1,2,100,100,23,23,14.30248,4
1,2,2,2,4.007503,9.608553,1.408474,7.208526,15,3,13.00001,17.69996,22.89998,17.59996,1,2,100,100,23,23,14.40174,4
1,2,2,2,4.007502,8.608553,1.908476,6.708524,15,3,13.00001,17.69996,22.89998,17.59996,1,2,100,100,23,23,14.50218,4
1,2,2,2,4.007503,8.608553,2.408478,6.208522,15,3,13.00001,17.69996,22.89998,17.59996,1,2,100,100,23,23,14.60219,4
1,1,2,2,4.007503,0.6076077,2.908479,5.70852,15,3,13.00001,17.69996,22.89998,17.59996,1,2,100,100,23,23,14.70279,4
1,1,2,2,4.007503,0.6076077,3.408481,5.208519,15,3,13.00001,17.69996,22.89998,17.59996,1,2,100,100,23,23,14.80049,4
1,1,2,2,4.007503,0.6076077,3.908483,4.708517,15,3,13.00001,17.69996,22.89998,17.59996,1,2,100,100,23,23,14.90308,4
1,1,2,2,4.007503,0.6076077,4.408485,4.208515,15,3,13.00001,17.69996,22.89998,17.59996,1,2,100,100,23,23,15.00367,4
1,1,2,2,4.007503,0.6076077,4.908487,3.708513,15,3,13.00001,17.69996,22.89998,17.59996,1,2,100,100,23,23,15.10038,4
1,1,2,2,4.007503,0.6076077,5.408489,3.208511,15,3,13.00001,17.69996,22.89998,17.59996,1,2,100,100,23,23,15.20087,4
1,1,2,2,4.207502,0.407607,5.508489,3.108511,15,3,13.00001,17.69996,22.89998,17.59996,1,2,100,100,23,23,15.30241,2
1,1,2,2,4.607504,0.007605433,5.508489,3.10851,15,3,13.00001,17.69996,22.89998,17.59996,0,2,100,100,23,23,15.40364,2
1,1,2,2,4.607504,0.007605433,5.508489,3.10851,15,3,13.00001,17.69996,22.89998,17.59996,0,2,100,100,23,23,15.50345,2
1,1,2,2,4.607504,0.007605433,5.508489,3.10851,15,3,13.00001,17.69996,22.89998,17.59996,0,2,100,100,23,23,15.60098,2
1,1,2,2,4.607504,0.007605433,5.508489,3.10851,15,3,13.00001,17.69996,22.89998,17.59996,1,2,100,100,23,23,15.70365,2
1,1,2,2,4.607504,0.007605433,5.508489,3.10851,15,3,13.00001,17.99997,22.89998,17.59996,1,2,100,100,23,23,15.80359,0
1,1,2,2,4.607504,0.007605433,5.508489,3.10851,15,3,13.00001,18.49997,22.89998,17.59996,1,2,100,100,23,23,15.9033,0
1,1,2,2,4.607504,0.007605433,5.508489,3.10851,15,3,13.00001,18.99997,22.89998,17.59996,1,2,100,100,23,23,16.00047,0
1,1,2,2,4.607504,0.007605433,5.508489,3.10851,15,3,12.50001,18.99997,22.89998,17.59996,1,2,100,100,23,23,16.10178,0
1,1,2,2,4.607504,0.007605433,5.508489,3.10851,15,3,12.00001,18.99997,22.89998,17.59996,1,2,100,100,23,23,16.20328,0
1,1,2,2,4.607504,0.007605433,5.508489,3.10851,15,3,11.50001,18.99997,22.89998,17.59996,1,2,100,100,23,23,16.30092,0
1,1,2,2,4.607504,0.007605433,5.508489,3.10851,15,3,11.00001,18.99997,22.89998,17.59996,1,2,100,100,23,23,16.40198,0
1,1,2,2,4.607504,0.007605433,5.508489,3.10851,15,3,10.5,18.99997,22.89998,17.59996,1,2,100,100,23,23,16.50373,0
1,1,2,2,4.607505,0.007605433,5.70849,2.90851,15,3,10,18.99997,22.89998,17.59996,1,2,100,100,23,23,16.60198,4
1,2,2,2,4.607504,16.00855,6.208492,2.408508,15,3,9.700001,18.99997,22.89998,17.59996,1,2,100,100,23,23,16.70352,4
1,2,2,2,4.607505,16.00855,6.708494,1.908506,15,3,9.5,18.99997,22.89998,17.59996,1,2,100,100,23,23,16.8027,4
1,2,2,2,4.607504,16.00855,7.208496,1.408504,15,3,8.999998,18.99997,22.89998,17.59996,1,2,100,100,23,23,16.90046,4
1,2,2,2,4.607504,16.00855,7.708498,0.9085024,15,3,8.499996,18.99997,22.89998,17.59996,1,2,100,100,23,23,17.00234,4
1,0,2,2,4.607504,0,8.208499,0.4085005,15,3,7.999995,18.99997,22.89998,17.59996,1,2,100,100,23,23,17.10372,4
1,0,2,2,4.607504,0,8.508501,0.1084993,15,3,7.499995,18.99997,22.89998,17.59996,1,2,100,100,23,23,17.20274,0
1,0,2,2,4.607504,0,8.508501,0.1084993,15,3,6.999996,18.99997,22.89998,17.59996,1,2,100,100,23,23,17.3041,0
1,1,1,2,5.107506,19.5076,2.507556,0.1084993,15,3,6.499996,18.99997,22.89998,17.59996,1,2,100,100,23,23,17.4011,2
1,1,1,2,5.607508,19.0076,2.507556,0.1084993,15,3,5.999997,18.99997,22.89998,17.59996,1,2,100,100,23,23,17.50081,2
1,1,1,2,6.10751,18.5076,2.507556,0.1084993,15,3,5.699997,18.99997,22.89998,17.59996,1,2,100,100,23,23,17.60197,2
1,1,1,2,6.607512,18.0076,2.507556,0.1084993,15,3,5.699997,18.99997,22.89998,17.59996,1,2,100,100,23,23,17.70145,2
1,1,1,2,7.107514,17.5076,2.507556,0.1084993,15,3,5.699997,18.99997,22.89998,17.59996,1,2,100,100,23,23,17.80092,2
1,1,1,2,7.607515,17.0076,2.507556,0.1084993,15,3,6.199996,18.99997,22.89998,17.59996,1,2,100,100,23,23,17.9033,2
1,1,1,2,7.907516,16.70759,2.507556,0.1084993,15,3,6.699996,18.99997,22.89998,17.59996,1,2,100,100,23,23,18.0019,4
1,1,1,2,7.907516,16.70759,2.607556,0.008498904,15,3,6.699996,18.49997,22.89998,17.09996,1,2,100,100,23,23,18.10283,4
1,1,1,2,7.907516,16.70759,2.607556,0.008498904,15,3,6.699996,17.99997,22.89998,16.59996,0,2,100,100,23,23,18.20085,4
1,1,1,2,7.907516,16.70759,2.607556,0.008498904,15,3,6.699996,17.49996,22.89998,16.09996,0,2,100,100,23,23,18.30367,0
1,1,1,2,7.907516,16.70759,2.607556,0.008498904,15,3,6.699996,16.99996,22.89998,15.59996,0,2,100,100,23,23,18.40121,0
1,1,1,2,7.907516,16.70759,2.607556,0.008498904,15,3,6.699996,16.49996,22.89998,15.09995,0,2,100,100,23,23,18.50196,0
1,1,1,2,7.507515,17.10759,2.607556,0.008498904,15,3,6.699996,15.99996,22.89998,14.59995,0,2,100,100,23,23,18.60175,1
1,1,1,2,7.007514,17.6076,2.607556,0.008498904,15,3,6.699996,15.69996,22.89998,14.09995,0,2,100,100,23,23,18.70405,1
1,1,1,2,6.507512,18.1076,2.607556,0.008498904,15,3,6.699996,15.69996,22.89998,13.59995,0,2,100,100,23,23,18.80513,1
1,1,1,2,6.00751,18.6076,2.607556,0.008498904,15,3,6.699996,15.19995,22.89998,13.09995,1,2,100,100,23,23,18.90047,1
1,1,1,2,5.507508,19.1076,2.607556,0.008498904,15,3,6.699996,14.69995,22.89998,12.59995,1,2,100,100,23,23,19.0023,1
1,1,1,2,5.007506,19.6076,2.607556,0.008498904,15,3,6.699996,14.19995,22.89998,12.09994,1,2,100,100,23,23,19.10451,1
1,0,2,2,4.507504,0,8.608501,0.008498904,15,3,6.699996,13.69995,22.89998,11.59994,1,2,100,100,23,23,19.20365,1
1,0,2,2,4.007502,0,8.608501,0.008498904,15,3,6.699996,13.19995,22.89998,11.09994,1,2,100,100,23,23,19.30119,1
1,0,2,2,3.5075,0,8.608501,0.008498904,15,3,6.699996,12.69995,22.89998,10.59994,1,2,100,100,23,23,19.40447,1
1,0,2,2,3.3075,0,8.608501,0.008498904,15,3,6.699996,12.19994,22.89998,10.09994,1,2,100,100,23,23,19.50057,0
1,0,2,2,3.3075,0,8.608501,0.008498904,15,3,6.699996,11.69994,22.89998,9.599934,1,2,100,100,23,23,19.60298,0
1,0,2,2,3.3075,0,8.608501,0.008498904,15,3,6.699996,11.19994,22.89998,9.099932,1,2,100,100,23,23,19.70338,2
1,0,2,2,3.807502,0,8.608501,0.008498904,15,3,6.699996,10.69994,22.89998,8.59993,1,2,100,100,23,23,19.80003,2
1,0,2,2,4.307503,0,8.608501,0.008498904,15,3,6.699996,10.19994,22.89998,8.099928,1,2,100,100,23,23,19.90021,2
1,1,1,2,4.807505,19.80761,2.607556,0.008498904,15,3,6.699996,9.699934,22.89998,7.599928,1,2,100,100,23,23,20.0017,2
1,1,1,2,5.307507,19.3076,2.607556,0.008498904,15,3,6.699996,9.699934,22.89998,8.099928,1,2,100,100,23,23,20.10085,2
1,1,1,2,5.807509,18.8076,2.607556,0.008498904,15,3,6.699996,9.699934,22.89998,8.59993,1,2,100,100,23,23,20.20084,2
1,1,1,2,6.307511,18.3076,2.607556,0.008498904,15,3,6.699996,9.699934,22.89998,9.099932,1,2,100,100,23,23,20.30435,2
1,1,1,2,6.807513,17.8076,2.607556,0.008498904,15,3,6.699996,9.699934,22.89998,9.599934,1,2,100,100,23,23,20.40031,2
1,1,1,2,7.307515,17.30759,2.607556,0.008498904,15,3,6.699996,9.699934,22.89998,10.09994,1,2,100,100,23,23,20.50232,2
1,1,1,2,7.807517,16.80759,2.607556,0.008498904,15,3,6.699996,9.699934,22.89998,10.59994,1,2,100,100,23,23,20.60147,2
1,1,1,2,7.907516,16.70759,2.607556,0.008498904,15,3,6.699996,9.699934,22.89998,11.09994,1,2,100,100,23,23,20.70153,4
1,1,1,2,7.907516,16.70759,2.607556,0.008498904,15,3,6.699996,9.699934,22.89998,11.59994,1,2,100,100,23,23,20.80121,4
1,1,1,2,7.907516,16.70759,2.607556,0.008498904,15,3,6.699996,9.699934,22.89998,12.09994,1,2,100,100,23,23,20.90243,4
1,1,1,2,7.907516,16.70759,2.607556,0.008498904,15,3,6.699996,9.699934,22.89998,12.59995,1,2,100,100,23,23,21.00315,4
1,1,2,1,8.307519,16.30759,8.608501,8.007554,15,3,6.699996,9.699934,22.89998,13.09995,1,2,100,100,23,23,21.10173,2
2,2,2,1,0.4084642,2.208536,8.808502,7.807553,15,3,6.699996,9.699934,22.89998,13.59995,1,2,100,100,23,23,21.20224,4
2,2,2,1,0.4084642,2.208536,9.308504,7.307551,15,3,6.699996,9.699934,22.89998,14.09995,1,2,100,100,23,23,21.30494,4
2,2,2,1,0.4084642,2.208536,9.808506,6.807549,15,3,6.699996,9.699934,22.89998,14.59995,1,2,100,100,23,23,21.40402,4
2,2,2,1,0.4084642,2.208536,10.30851,6.307547,15,3,6.699996,9.699934,22.89998,15.09995,1,2,100,100,23,23,21.50172,4
2,2,2,1,0.4084642,2.208536,10.80851,5.807545,15,3,6.699996,9.699934,22.89998,15.59996,1,2,100,100,23,23,21.60282,4
2,2,2,1,0.4084642,2.208536,11.00851,5.607545,15,3,6.699996,9.699934,22.89998,16.09996,1,2,100,100,23,23,21.70017,4
2,2,2,1,0.608465,2.008535,11.00851,5.607545,15,3,6.699996,9.699934,22.89998,16.59996,0,2,100,100,23,23,21.80303,2
2,2,1,1,1.108467,1.508533,5.007565,5.607544,15,3,6.699996,9.699934,22.89998,17.09996,0,2,100,100,23,23,21.9024,2
2,0,1,1,1.608469,0,5.007565,5.607544,15,3,6.699996,9.699934,22.89998,17.59996,0,2,100,100,23,23,22.00297,2
2,2,1,1,1.808469,0.8085306,4.907565,5.707545,15,3,6.699996,9.699934,22.89998,17.09996,0,2,100,100,23,23,22.10117,3
2,2,1,1,1.808469,0.8085306,4.407562,6.207547,15,3,6.699996,9.699934,22.89998,16.59996,0,2,100,100,23,23,22.20112,3
2,2,1,1,1.808469,0.8085306,3.907561,6.707549,15,3,6.699996,9.699934,22.89998,16.09996,0,2,100,100,23,23,22.30329,3
2,2,1,1,1.808469,0.8085306,3.807561,6.807549,15,3,6.699996,9.699934,22.89998,15.59996,0,2,100,100,23,23,22.40035,3
2,2,1,1,2.108471,0.5085295,3.807561,6.807549,15,3,6.699996,9.699934,22.89998,15.09995,0,2,100,100,23,23,22.50284,2
2,2,1,1,2.508472,0.1085279,3.807561,6.807549,15,3,100,100,22.89998,14.59995,1,2,100,100,23,23,22.60375,0
2,2,1,1,2.508472,0.1085279,3.807561,6.807549,15,3,100,100,22.89998,14.09995,1,2,100,100,23,23,22.70272,0
2,2,1,1,2.508472,0.1085279,3.807561,6.807549,15,3,100,100,22.89998,13.59995,1,2,100,100,23,23,22.80099,0
2,2,1,1,2.508472,0.1085279,3.807561,6.807549,15,3,100,100,22.89998,13.09995,1,2,100,100,23,23,22.90227,0
2,2,1,1,2.508472,0.1085279,3.70756,6.907549,15,3,100,100,22.89998,12.59995,1,2,100,100,23,23,23.00182,3
2,2,1,1,2.508472,0.1085279,3.207558,7.407551,15,3,100,100,22.89998,12.09994,1,2,100,100,23,23,23.10077,3
2,2,1,1,2.508472,0.1085279,2.707557,7.907554,15,3,100,100,22.89998,11.59994,1,2,100,100,23,23,23.20398,3
1,1,1,1,10.50753,14.10758,2.307555,8.307555,15,3,100,100,22.89998,11.09994,1,2,100,100,23,23,23.30356,3
1,1,1,2,10.90753,13.70758,2.307555,0.3085001,15,3,100,100,22.89998,10.59994,1,2,100,100,23,23,23.40204,2
1,1,1,2,11.40753,13.20758,2.307555,0.3085001,15,3,100,100,22.89998,10.09994,1,2,100,100,23,23,23.50214,2
1,1,1,2,11.90753,12.70758,2.307555,0.3085001,15,3,100,100,22.89998,9.599934,1,2,100,100,23,23,23.6003,2
1,1,2,2,12.10753,12.50758,8.3085,0.3085001,15,3,100,100,22.89998,9.099932,1,2,100,100,23,23,23.70346,3
1,2,2,2,12.10753,8.508522,7.908499,0.7085016,15,3,100,100,22.89998,8.59993,1,2,100,100,23,23,23.80156,3
1,2,2,2,12.10753,8.508522,7.408497,1.208503,15,3,100,100,22.89998,8.099928,1,2,100,100,23,23,23.90195,3
1,2,2,2,12.10753,8.508522,7.208496,1.408504,15,3,100,100,22.89998,7.599928,1,2,100,100,23,23,24.00105,3
1,2,2,2,12.60754,8.00852,7.208496,1.408504,15,3,100,100,22.69998,7.599928,1,2,100,100,23,23,24.10116,2
1,2,2,2,12.90754,7.708519,1.208496,1.408504,15,3,100,100,22.69998,7.599928,1,2,100,100,23,23,24.20322,3
1,2,2,2,12.90754,7.708519,0.708494,1.908506,15,3,100,100,22.69998,7.599928,1,2,100,100,23,23,24.30243,3
1,2,2,2,12.90754,7.708519,0.208492,2.408508,15,3,100,100,22.69998,7.599928,1,2,100,100,23,23,24.39999,3
1,2,2,2,12.90754,7.708519,0.008491275,2.608509,15,3,100,100,22.69998,7.599928,1,2,100,100,23,23,24.50176,3
1,2,2,2,12.90754,7.708519,0.008491275,2.608509,15,3,100,100,22.69998,7.599928,1,2,100,100,23,23,24.60237,3
1,2,2,2,12.90754,7.708519,0.008491275,2.608509,15,3,100,100,22.69998,7.599928,1,2,100,100,23,23,24.70228,3
1,2,2,2,12.90754,7.708519,0.008491275,2.608509,15,3,100,100,22.69998,7.599928,1,2,100,100,23,23,24.8004,3
1,2,2,2,12.90754,7.708519,0.008491275,2.608509,15,3,100,100,22.69998,7.599928,1,2,100,100,23,23,24.90145,3
1,2,2,2,12.90754,7.708519,0.008491275,2.608509,15,3,100,100,22.69998,7.599928,1,2,100,100,23,23,25.00146,3
1,2,2,2,12.50753,8.108521,6.008491,2.608509,15,3,100,100,22.69998,7.599928,1,2,100,100,23,23,25.10329,1
1,2,2,2,12.00753,8.608522,6.008491,2.608509,15,3,100,100,22.69998,7.599928,1,2,100,100,23,23,25.20168,1
1,2,1,2,11.90753,8.708523,0.3075475,2.308508,15,3,100,100,22.69998,7.599928,1,2,100,100,23,23,25.30335,4
1,2,1,2,11.90753,8.708523,0.8075493,1.808506,15,3,100,100,22.69998,7.599928,1,2,100,100,23,23,25.40062,4
1,2,1,2,11.90753,8.708523,0.9075497,1.708505,15,3,100,100,22.69998,7.599928,1,2,100,100,23,23,25.50101,4
1,2,1,2,11.60753,9.008524,0.9075497,1.708505,15,3,100,100,22.69998,7.599928,1,2,100,100,23,23,25.60101,1
1,2,1,2,11.10753,9.508526,0.9075497,1.708505,15,3,100,100,22.69998,7.599928,1,2,100,100,23,23,25.70419,1
1,2,1,1,10.60753,10.00853,0.9075497,9.707561,15,3,100,100,22.69998,7.599928,1,2,100,100,23,23,25.8009,1
1,2,1,1,10.10752,10.50853,0.9075497,9.707561,15,3,100,100,22.69998,7.599928,1,2,100,100,23,23,25.90112,1
1,2,1,1,9.607524,11.00853,0.9075497,9.707561,15,3,100,100,22.69998,7.599928,1,2,100,100,23,23,26.00201,1
1,2,1,1,9.507524,11.10853,0.7075489,9.907561,15,3,100,100,22.69998,8.099928,1,2,100,100,23,23,26.10211,3
1,2,1,1,9.507524,11.10853,0.2075471,10.40756,15,3,100,100,22.69998,8.59993,1,2,100,100,23,23,26.20238,3
1,2,1,1,9.507524,11.10853,0.007546305,10.60756,15,3,100,100,22.69998,9.099932,1,2,100,100,23,23,26.3033,3
1,2,1,1,9.507524,11.10853,0.007546305,10.60756,15,3,100,100,22.69998,9.599934,1,2,100,100,23,23,26.40293,3
1,2,1,1,9.507524,11.10853,0.007546305,10.60756,15,3,100,100,22.69998,10.09994,1,2,100,100,23,23,26.50049,3
1,2,1,1,9.707524,10.90853,0.007546305,10.60756,15,3,100,100,22.69998,10.59994,1,2,100,100,23,23,26.60216,2
1,2,1,1,10.10752,10.50853,0.007546305,10.60756,15,3,100,100,22.69998,11.09994,1,2,100,100,23,23,26.70057,0
1,2,1,1,10.10752,10.50853,0.007546305,10.60756,15,3,100,100,22.69998,11.59994,1,2,100,100,23,23,26.80215,3
1,2,1,1,9.607524,11.00853,0.007546305,10.60756,15,3,100,100,22.69998,12.09994,1,2,100,100,23,23,26.90361,1
1,2,1,1,9.107522,11.50853,0.007546305,10.60756,15,3,100,100,22.69998,12.59995,1,2,100,100,23,23,27.00017,1
1,2,2,1,8.60752,12.00854,6.008491,10.60756,15,3,100,100,22.69998,13.09995,1,2,100,100,23,23,27.10217,1
1,1,2,1,0.4075192,0.2075909,5.908491,10.70756,15,3,100,100,22.69998,13.59995,1,2,100,100,23,23,27.20338,3
1,1,2,1,0.4075192,0.2075909,5.408489,11.20757,15,3,100,100,22.69998,14.09995,1,2,100,100,23,23,27.30178,3
1,1,2,1,0.4075192,0.2075909,4.908487,11.70757,15,3,100,100,22.69998,14.59995,1,2,100,100,23,23,27.40175,3
1,1,2,1,0.4075192,0.2075909,4.408485,12.20757,15,3,100,100,22.69998,15.09995,1,2,100,100,23,23,27.50303,3
1,1,0,1,0.4075192,0.2075909,0,12.50757,15,3,100,100,22.69998,15.59996,0,2,100,100,23,23,27.60033,0
1,1,0,1,0.4075192,0.2075909,0,12.50757,15,3,100,100,22.69998,16.09996,0,2,100,100,23,23,27.70246,0
1,1,0,1,0.4075192,0.2075909,0,12.70757,15,3,100,100,22.69998,16.59996,0,2,100,100,23,23,27.80268,3
1,1,0,1,0.4075192,0.2075909,0,13.00757,15,3,100,100,22.69998,17.09996,0,2,100,100,23,23,27.90253,0
1,1,2,1,0.4075192,0.2075909,4.10848,13.50758,15,3,100,100,22.69998,17.59996,1,2,100,100,23,23,28.00349,3
1,2,6,1,8.407518,4.208536,4.757712,14.00758,15,3,100,100,22.79998,17.59996,0,2,100,100,23,23,28.10375,3
1,2,0,1,8.407519,4.208536,0,14.50758,15,3,100,100,22.29998,17.59996,0,2,100,100,23,23,28.20076,3
1,2,0,1,8.407519,4.208536,0,14.80758,15,3,100,100,21.79998,17.59996,0,2,100,100,23,23,28.30298,0
1,2,6,1,8.407519,4.208536,2.357703,14.90758,15,3,100,100,21.29998,17.59996,0,2,100,100,23,23,28.40096,3
1,2,0,1,8.407519,5.208536,0,15.40758,15,3,100,100,20.79998,17.59996,0,2,100,100,23,23,28.50023,3
1,5,6,1,8.407519,0.05248046,0.6576967,15.60758,15,3,100,100,20.29997,17.59996,0,2,100,100,23,23,28.6031,0
1,5,6,1,8.407519,0.05248046,0.1576948,15.60758,15,3,100,100,19.79997,17.59996,0,2,100,100,23,23,28.70362,0
1,2,0,1,8.407519,5.208536,0,15.60758,15,3,100,100,19.29997,17.59996,0,2,100,100,23,23,28.80322,0
1,2,2,1,8.407519,5.208536,6.008472,15.60758,15,3,100,100,18.79997,17.59996,1,2,100,100,23,23,28.90064,0
1,2,2,1,8.407519,5.208536,5.808471,15.80758,15,3,100,100,18.29997,17.59996,1,2,100,100,23,23,29.0004,3
1,1,2,1,8.407519,16.20759,5.308469,16.30759,15,3,100,100,17.79996,17.59996,1,2,100,100,23,23,29.10126,3
2,2,2,6,2.408464,2.208536,4.808467,0.05781648,15,3,100,100,18.09997,17.59996,1,2,100,100,23,23,29.20267,3
2,2,2,6,2.408464,2.208536,4.308465,0.05781648,15,3,100,100,18.59997,17.59996,1,2,100,100,23,23,29.30143,3
2,2,2,6,2.408464,2.208536,3.808464,0.05781648,15,3,100,100,19.09997,17.59996,1,2,100,100,23,23,29.40076,3
2,2,2,6,2.408464,2.208536,3.308462,0.05781648,15,3,100,100,19.59997,17.59996,1,2,100,100,23,23,29.5021,3
2,5,2,1,2.408464,0.108566,2.90846,18.7076,15,3,100,100,20.09997,17.59996,1,2,100,100,23,23,29.60159,0
2,5,2,1,2.408464,0.108566,3.208462,18.40759,15,3,100,100,20.59998,17.59996,1,2,100,100,23,23,29.70302,4
2,2,2,1,2.408464,2.208536,3.708463,17.90759,15,3,100,100,21.09998,17.59996,1,2,100,100,23,23,29.80244,4
2,2,6,1,2.408464,2.208536,0.1576948,17.40759,15,3,100,100,21.59998,17.59996,1,2,100,100,23,23,29.90126,4
2,2,6,1,2.408464,2.208536,1.157699,16.90759,15,3,100,100,22.09998,17.59996,1,2,100,100,23,23,30.00007,4
1,1,6,1,8.407519,16.20759,1.6577,16.40759,15,3,100,100,22.09998,17.59996,1,2,100,100,23,23,30.10291,4
1,2,6,1,8.407519,5.208536,2.157702,15.90758,15,3,100,100,22.09998,17.59996,1,2,100,100,23,23,30.20376,4
1,2,6,1,8.407519,5.208536,2.257703,15.80758,15,3,100,100,22.09998,17.59996,1,2,100,100,23,23,30.30341,4
1,2,6,1,8.907521,4.708534,2.257703,1.807584,15,3,100,100,22.09998,17.59996,1,2,100,100,23,23,30.40044,2
1,2,6,1,9.407523,4.208532,2.257703,1.807584,15,3,100,100,22.09998,17.59996,1,2,100,100,23,23,30.5029,2
1,2,6,1,9.807525,3.808531,1.857701,1.807584,15,3,100,100,21.69998,17.59996,1,2,100,100,23,23,30.60123,3
1,1,6,1,9.807525,14.80759,0.9576978,2.207585,15,3,100,100,21.19998,17.59996,0,2,100,100,23,23,30.70034,3
2,2,5,1,3.80847,0.8085306,0.3484514,2.707587,15,3,100,100,20.69998,17.59996,1,2,100,100,23,23,30.80272,3
2,2,1,1,3.80847,0.8085306,7.407521,3.207589,15,3,100,100,100,100,1,2,100,100,23,23,30.89998,3
2,2,0,1,3.808469,0.8085306,0,3.707591,15,3,100,100,100,100,0,2,100,100,23,23,31.00167,3
2,2,0,1,3.80847,0.8085306,0,4.207592,15,3,100,100,100,100,0,2,100,100,23,23,31.10294,3
2,2,0,1,3.80847,0.8085306,0,4.707594,15,3,100,100,100,100,0,2,100,100,23,23,31.20204,3
2,2,0,1,4.808469,0.8085306,0,5.207597,15,3,100,100,100,100,0,2,100,100,23,23,31.30228,3
2,2,0,1,4.608469,1.008531,0,5.307597,15,3,100,100,100,100,0,2,100,100,23,23,31.40285,1
2,2,0,1,4.108467,1.508533,0,5.307597,15,3,100,100,100,100,0,2,100,100,23,23,31.50188,1
2,2,2,1,3.708465,1.908535,2.308458,5.307597,15,3,100,100,100,100,0,2,100,100,23,23,31.60347,3
2,2,2,1,3.708465,1.908535,2.308458,5.307597,15,3,100,100,100,100,1,2,100,100,23,23,31.7003,3
2,2,2,1,3.508465,2.108536,2.308458,19.3076,15,3,100,100,100,100,1,2,100,100,23,23,31.80093,1
2,2,2,1,3.308464,2.308536,2.308458,19.3076,15,3,100,100,100,100,1,2,100,100,23,23,31.90016,3
2,2,2,1,3.308464,2.308536,2.108457,19.5076,15,3,100,100,100,100,1,2,100,100,23,23,32.00324,3
1,1,2,0,8.307519,16.30759,1.608455,0,15,3,100,100,100,100,1,2,100,100,23,23,32.10315,3
1,1,2,0,8.107517,16.50759,1.508455,0,15,3,100,100,100,100,1,2,100,100,23,23,32.20084,1
1,1,2,1,7.607515,17.0076,0.5084551,6.1076,15,3,100,100,100,100,1,2,100,100,23,23,32.30371,1
1,1,2,1,7.107514,17.5076,0.5084551,6.1076,15,3,100,100,100,100,1,2,100,100,23,23,32.40211,1
1,1,2,1,6.607512,18.0076,0.5084551,6.1076,15,3,100,100,100,100,1,2,100,100,23,23,32.50329,1
1,1,2,1,6.10751,18.5076,0.5084551,6.1076,15,3,100,100,100,100,1,2,100,100,23,23,32.60149,1
1,1,2,2,5.607508,19.0076,0.5084551,1.108545,15,3,100,100,100,100,1,2,100,100,23,23,32.70269,1
0,1,2,1,0,0.3075551,0.3085001,8.307555,15,3,3,27,27,27,1,2,5,17,27,23,0.1055461,0
0,1,2,1,0,0.3075551,0.3085001,8.307555,15,3,3,27,27,27,1,2,5,17,27,23,0.2014301,0
0,1,2,1,0,0.3075551,0.3085001,8.307555,15,3,3,27,27,27,1,2,5,17,27,23,0.3047944,0
0,1,2,1,0,0.407555,0.3085001,8.307555,15,3,3,27,27,27,1,2,5,17,27,23,0.4126688,1
0,1,2,2,0,0.9075544,0.3085001,0.3085001,15,3,3,27,27,27,1,2,5,17,27,23,0.5000851,1
0,1,2,2,0,1.407554,0.3085001,0.3085001,15,3,3,27,27,27,1,2,5,17,27,23,0.6015162,1
0,1,2,2,0,1.907554,0.3085001,0.3085001,15,3,3,27,27,27,1,2,5,17,27,23,0.7015288,1
0,1,2,2,0,2.407553,0.3085001,0.3085001,15,3,3,27,27,27,1,2,5,17,27,23,0.8002342,1
0,1,2,2,0,2.907553,0.3085001,0.3085001,15,3,3,27,27,27,1,2,5,17,27,23,0.9028921,1
0,1,2,2,0,3.407552,0.3085001,0.3085001,15,3,3,27,27,27,1,2,5,17,27,23,1.000135,1
0,1,2,2,0,3.807552,0.3085001,0.3085001,15,3,3,27,27,27,1,2,5,17,27,23,1.106501,3
0,1,2,2,0,3.807552,0.008498904,0.6085013,15,3,3,27,27,27,1,2,5,17,27,23,1.203314,3
0,1,2,2,0,3.807552,0.008498904,0.6085013,15,3,3,27,27,27,1,2,5,17,27,23,1.305254,3
0,1,2,2,0,3.807552,0.008498904,0.6085013,15,3,3,27,27,27,1,2,5,17,27,23,1.400707,3
0,1,2,2,0,3.807552,0.008498904,0.6085013,15,3,3,27,27,27,1,2,5,17,27,23,1.505379,3
0,1,2,2,0,3.807552,0.008498904,0.6085013,15,3,3,27,27,27,1,2,5,17,27,23,1.603939,3
0,1,2,2,0,4.007551,8.008499,0.6085013,15,3,3,27,27,27,1,2,5,17,27,23,1.700324,1
0,1,2,2,0,4.407551,8.008499,0.6085013,15,3,3,27,27,27,1,2,5,17,27,23,1.803665,3
2,2,2,2,0.208504,0.4084962,7.808498,0.808502,15,3,3,27,27,27,1,2,5,17,27,23,1.904258,3
2,2,2,2,0.208504,0.4084962,7.308496,1.308504,15,3,3,27,27,27,1,2,5,17,27,23,2.002116,3
2,2,2,2,0.2085039,0.4084961,6.708494,1.908506,15,3,3.599999,27,27,26.4,1,2,5,17,27,23,2.139604,3
2,2,2,2,0.208504,0.4084962,6.308492,2.308508,15,3,3.999999,27,27,26,1,2,5,17,27,23,2.20249,3
2,2,2,2,0.208504,0.4084962,5.80849,2.80851,15,3,4.499999,27,27,25.49999,1,2,5,17,27,23,2.301972,3
2,2,2,2,0.208504,0.4084962,5.308488,3.308511,15,3,4.999998,27,27,24.99999,1,2,5,17,27,23,2.401193,3
2,2,2,2,0.208504,0.4084962,4.808486,3.808513,15,3,5.499998,27,27,24.49999,1,2,5,17,27,23,2.502997,3
2,2,2,2,4.208503,0.4084962,4.308485,4.308515,15,3,5.999997,27,27,23.99999,1,2,5,17,27,23,2.602551,3
2,2,2,2,0.208504,0.4084962,3.808482,4.808517,15,3,6.499997,27,27,23.49999,1,2,5,17,27,23,2.704237,3
2,2,2,2,0.208504,0.4084962,3.308481,5.308519,15,3,6.999996,27,27,22.99998,1,2,5,17,27,23,2.802682,3
2,2,2,2,0.208504,0.4084962,2.808479,5.808521,15,3,7.499996,27,27,22.49998,1,2,5,17,27,23,2.904201,3
2,2,2,2,0.208504,0.4084962,2.308477,6.308523,15,3,7.999995,27,27,21.99998,1,2,5,17,27,23,3.003033,3
2,2,2,2,0.208504,0.4084962,1.808475,6.808525,15,3,8.499997,27,27,21.49998,1,2,5,17,27,23,3.101956,3
2,2,2,2,0.208504,0.4084962,1.308473,7.308527,15,3,8.999999,27,27,20.99998,1,2,5,17,27,23,3.201873,3
2,2,2,2,0.208504,0.4084962,0.8084715,7.808529,15,3,9.500001,27,27,20.49998,1,2,5,17,27,23,3.302669,3
0,1,2,2,0,4.40755,0.3084695,8.308531,15,3,10,27,27,19.99997,1,2,5,17,27,23,3.40335,3
1,1,1,2,19.90756,4.707551,0.3075246,0.3085306,15,3,10.5,27,27,19.49997,1,2,5,17,27,23,3.500198,1
1,1,1,2,19.40756,5.207551,0.3075246,0.3085306,15,3,11.00001,27,27,18.99997,1,2,5,17,27,23,3.603336,1
1,1,1,2,18.90756,5.707551,0.3075246,0.3085306,15,3,11.50001,27,27,18.49997,1,2,5,17,27,23,3.700831,1
1,1,1,2,18.40756,6.207554,0.3075246,0.3085306,15,3,12.00001,27,27,17.99997,1,2,5,17,27,23,3.800698,1
1,1,1,2,17.90755,6.707555,0.3075246,0.3085306,15,3,12.50001,27,27,17.49996,1,2,5,17,27,23,3.902437,1
1,1,1,2,17.40755,7.207557,0.3075246,0.3085306,15,3,13.00001,27,27,16.99996,1,2,5,17,27,23,4.002658,1
1,1,1,2,16.90755,7.70756,0.3075246,0.3085306,15,3,12.50001,27,27.3,16.99996,1,2,5,17,27,23,4.101066,1
1,1,1,2,16.90755,7.70756,0.3075246,0.3085306,15,3,12.00001,27,27.3,16.99996,1,2,5,17,27,23,4.200085,0
1,1,1,2,17.10755,7.507559,0.3075246,0.3085306,15,3,11.50001,27,27.3,16.99996,1,2,5,17,27,23,4.30234,2
1,1,1,2,17.60755,7.007556,0.3075246,0.3085306,15,3,11.00001,27,27.3,16.99996,1,2,5,17,27,23,4.402711,2
1,1,1,2,18.10756,6.507555,0.3075246,0.3085306,15,3,10.5,27,27.3,16.99996,1,2,5,17,27,23,4.502969,2
1,1,1,2,18.60756,6.007553,0.3075246,0.3085306,15,3,10,27,27.3,16.99996,1,2,5,17,27,23,4.602361,2
1,1,1,2,19.10756,5.507551,0.3075246,0.3085306,15,3,9.500001,27,27.3,16.99996,1,2,5,17,27,23,4.703637,2
1,1,1,2,19.60756,5.007551,0.3075246,0.3085306,15,3,8.999999,27,27.3,16.99996,1,2,5,17,27,23,4.802236,2
0,1,2,2,0,4.507551,0.3084695,8.308531,15,3,8.499997,27,27.3,16.99996,1,2,5,17,27,23,4.902532,2
0,1,2,2,0,4.107552,0.3084695,8.308531,15,3,7.999996,27,27.3,16.99996,1,2,5,17,27,23,5.003814,4
2,2,2,2,0.5085033,0.1084969,0.8084715,7.808529,15,3,7.499996,27,27.3,16.99996,1,2,5,17,27,23,5.100337,4
2,2,2,2,0.5085033,0.1084969,1.308473,7.308527,15,3,6.999997,27,27.3,16.99996,1,2,5,17,27,23,5.201708,4
2,2,2,2,0.5085033,0.1084969,1.808475,6.808525,15,3,6.499997,27,27.3,16.99996,1,2,5,17,27,23,5.302746,4
2,2,2,2,0.5085033,0.1084969,2.308477,6.308523,15,3,5.999998,27,27.3,16.99996,1,2,5,17,27,23,5.402177,4
2,2,2,2,0.5085033,0.1084969,2.808479,5.808521,15,3,5.499998,27,27.3,16.99996,1,2,5,17,27,23,5.500775,4
2,2,2,2,0.5085033,0.1084969,3.308481,5.308519,15,3,4.999999,27,27.3,16.99996,1,2,5,17,27,23,5.600856,4
2,2,2,2,0.5085033,0.1084969,3.808483,4.808517,15,3,4.499999,27,27.3,16.99996,1,2,5,17,27,23,5.701781,4
2,2,2,2,4.508503,0.1084969,4.308485,4.308515,15,3,4,27,27.3,16.99996,1,2,5,17,27,23,5.80238,4
2,2,2,2,0.5085033,0.1084969,4.808486,3.808513,15,3,3.5,27,27.3,16.99996,1,2,5,17,27,23,5.900658,4
2,2,2,2,0.5085033,0.1084969,5.308488,3.308511,15,3,3,27,27.3,16.99996,1,2,5,17,27,23,6.002391,4
2,2,2,2,0.5085033,0.1084969,5.80849,2.80851,15,3,3,27,27.3,17.49996,1,2,5,17,27,23,6.100791,4
2,2,2,2,0.5085033,0.1084969,6.308492,2.308508,15,3,3,27,27.3,17.99997,1,2,5,17,27,23,6.20381,4
2,2,2,2,0.5085033,0.1084969,6.808494,1.808506,15,3,3,27,27.3,18.49997,1,2,5,17,27,23,6.303866,4
2,2,2,2,0.5085033,0.1084969,7.308496,1.308504,15,3,3,27,27.3,18.99997,1,2,5,17,27,23,6.400587,4
2,2,2,2,0.5085033,0.1084969,7.808498,0.808502,15,3,3,27,27.3,19.49997,1,2,5,17,27,23,6.501291,4
2,2,2,2,0.3085034,0.3084967,7.908499,0.7085016,15,3,3,27,27.3,19.99997,1,2,5,17,27,23,6.604115,1
2,2,2,2,0.008503673,0.6084965,7.908499,0.7085016,15,3,3,27,27.3,20.49998,1,2,5,17,27,23,6.703751,1
2,2,2,2,0.008503673,0.6084965,7.908499,0.7085016,15,3,3,27,27.3,20.99998,1,2,5,17,27,23,6.801552,1
2,2,2,2,0.008503673,0.6084965,7.908499,0.7085016,15,3,3,27,27.3,21.49998,1,2,5,17,27,23,6.903978,4
2,2,2,2,0.008503673,0.6084965,7.908499,0.7085016,15,3,3,27,27.3,21.99998,1,2,5,17,27,23,7.000294,4
2,2,2,2,0.008503673,0.6084965,7.908499,0.7085016,15,3,3,27,27.3,22.49998,1,2,5,17,27,23,7.100766,1
2,2,2,2,0.008503673,0.6084965,7.908499,0.7085016,15,3,3,27,27.3,22.99998,1,2,5,17,27,23,7.202046,1
0,1,2,2,0,4.607551,8.2085,0.4085005,15,3,3,27,27.3,23.49999,1,2,5,17,27,23,7.302713,4
0,1,2,2,0,4.607552,8.608501,0.008498904,15,3,3,27,27.3,23.99999,1,2,5,17,27,23,7.402779,4
0,1,2,2,0,4.607552,8.608501,0.008498904,15,3,3,27,27.3,24.49999,1,2,5,17,27,23,7.500637,4
1,1,2,1,19.50756,5.107551,0.6085013,0.007553935,15,3,3,27,27.3,24.99999,1,2,5,17,27,23,7.600618,1
1,1,2,1,19.00756,5.607551,0.6085013,0.007553935,15,3,3,27,27.3,25.49999,1,2,5,17,27,23,7.701349,1
1,1,2,1,18.50756,6.107553,0.6085013,0.007553935,15,3,3,27,27.3,26,1,2,5,17,27,23,7.802135,1
1,1,2,1,18.00756,6.607555,0.6085013,0.007553935,15,3,3,27,27.3,26.5,1,2,5,17,27,23,7.902465,1
1,1,2,1,17.50755,7.107557,0.6085013,0.007553935,15,3,3,27,27.3,27,1,2,5,17,27,23,8.000096,1
1,1,2,1,17.00755,7.607559,0.6085013,0.007553935,15,3,3,27.3,27.3,27.3,1,2,5,17,27,23,8.104875,1
1,1,2,2,16.50755,8.107561,0.6085012,0.008498904,15,3,3,27.3,27.3,27.3,1,2,5,17,27,23,8.202842,1
1,1,2,2,16.00755,8.607563,0.6085013,0.008498904,15,3,3,27.3,27.3,27.3,1,2,5,17,27,23,8.301935,1
1,1,2,2,15.90755,8.707563,0.6085013,0.008498904,15,3,3,27.3,27.3,27.3,1,2,5,17,27,23,8.401182,4
1,1,2,2,15.90755,8.707563,0.6085013,0.008498904,15,3,3,27.3,27.3,27.3,1,2,5,17,27,23,8.501771,4
1,1,2,2,15.90755,8.707563,0.6085013,0.008498904,15,3,3,27.3,27.3,27.3,1,2,5,17,27,23,8.601798,4
1,1,2,2,15.40755,9.207565,0.6085013,0.008498904,15,3,3,27.3,27.3,27.3,1,2,5,17,27,23,8.701546,1
1,1,2,2,15.10754,9.507566,0.6085013,0.008498904,15,3,3,27.3,27.3,27.3,1,2,5,17,27,23,8.802927,4
1,1,2,2,15.10754,9.507566,0.6085013,0.008498904,15,3,3,27.3,27.3,27.3,1,2,5,17,27,23,8.900121,4
1,1,2,2,15.10754,9.507566,0.6085013,0.008498904,15,3,3,27.3,27.3,27.3,1,2,5,17,27,23,9.002578,4
1,1,2,2,15.10754,9.507566,0.6085013,0.008498904,15,3,3,27.3,27.3,27.3,1,2,5,17,27,23,9.10358,4
1,1,2,2,15.00754,9.607568,0.6085012,0.008498904,15,3,3,27.3,27.3,27.3,1,2,5,17,27,23,9.200366,1
1,1,2,1,14.50754,10.10757,0.6085013,8.007553,15,3,3,27.3,27.3,27.3,1,2,5,17,27,23,9.303586,1
1,1,2,1,14.00754,10.60757,0.6085013,8.007554,15,3,3,27.3,27.3,27.3,1,2,5,17,27,23,9.403631,1
1,1,2,2,13.50754,11.10757,0.6085013,0.008498904,15,3,3,27.3,27.3,27.3,1,2,5,17,27,23,9.503495,1
1,1,2,2,13.00754,11.60757,0.6085013,0.008498904,15,3,3,27.3,27.3,27.3,1,2,5,17,27,23,9.600254,1
1,1,2,2,12.50753,12.10758,0.6085013,0.008498904,15,3,3,27.3,27.3,27.3,1,2,5,17,27,23,9.703609,1
1,1,2,2,12.00753,12.60758,0.6085013,0.008498904,15,3,3,27.3,27.3,27.3,1,2,5,17,27,23,9.800414,1
1,1,2,2,11.50753,13.10758,0.6085013,0.008498904,15,3,3,27.3,27.3,27.3,1,2,5,17,27,23,9.903579,1
1,1,2,2,11.00753,13.60758,0.6085013,0.008498904,15,3,3,27.3,27.3,27.3,1,2,5,17,27,23,10.00024,1
1,1,2,2,10.90753,13.70758,0.6085013,0.008498904,15,3,2.700001,27.3,27.3,27.3,1,2,5,17,27,23,10.10142,4
1,1,2,2,10.90753,13.70758,0.6085013,0.008498904,15,3,2.700001,27.3,27.3,27.3,1,2,5,17,27,23,10.20228,4
1,1,2,2,10.90753,13.70758,0.6085013,0.008498904,15,3,2.700001,27.3,27.3,27.3,1,2,5,17,27,23,10.30229,4
1,1,2,2,10.90753,13.70758,0.6085013,0.008498904,15,3,2.700001,27.3,27.3,27.3,1,2,5,17,27,23,10.40078,4
1,1,2,2,10.90753,13.70758,0.6085013,0.008498904,15,3,2.700001,27.3,27.3,27.3,1,2,5,17,27,23,10.50293,4
1,1,2,2,10.90753,13.70758,0.6085013,0.008498904,15,3,2.700001,27.3,27.3,27.3,1,2,5,17,27,23,10.60383,4
1,1,1,1,10.60753,14.00758,2.607556,8.007554,15,3,2.700001,27.3,27.3,27.3,1,2,5,17,27,23,10.70391,1
1,1,1,1,10.10752,14.50758,2.607556,8.007555,15,3,2.700001,27.3,27.3,27.3,1,2,5,17,27,23,10.8036,1
1,1,2,2,9.607524,15.00759,0.6085013,0.008498904,15,3,2.700001,27.3,27.3,27.3,1,2,5,17,27,23,10.90055,1
1,1,2,2,9.107522,15.50759,0.6085013,0.008498904,15,3,2.700001,27.3,27.3,27.3,1,2,5,17,27,23,11.00348,1
1,1,2,2,8.60752,16.00759,0.6085013,0.008498904,15,3,2.700001,27.3,27.3,27.3,1,2,5,17,27,23,11.10231,1
1,1,2,2,8.107518,16.50759,0.6085013,0.008498904,15,3,2.700001,27.3,27.3,27.3,1,2,5,17,27,23,11.20106,1
1,1,2,2,7.607516,17.0076,0.6085012,0.008498904,15,3,2.700001,27.3,27.3,27.3,1,2,5,17,27,23,11.30282,1
1,1,2,2,7.107514,17.5076,0.6085013,0.008498904,15,3,2.700001,27.3,27.3,27.3,1,2,5,17,27,23,11.40155,1
1,1,2,2,6.607512,18.0076,0.6085013,0.008498904,15,3,2.700001,27.3,27.3,27.3,1,2,5,17,27,23,11.50041,1
1,1,2,2,6.107511,18.5076,0.6085013,0.008498904,15,3,2.700001,27.3,27.3,27.3,1,2,5,17,27,23,11.60078,1
1,1,2,2,5.607508,19.0076,0.6085013,0.008498904,15,3,2.700001,27.3,27.3,27.3,1,2,5,17,27,23,11.7025,1
1,1,2,2,5.107506,19.5076,0.6085013,0.008498904,15,3,2.700001,27.3,27.3,27.3,1,2,5,17,27,23,11.80213,1
1,0,2,2,4.607504,0,0.6085013,0.008498904,15,3,2.700001,27.3,27.3,27.3,1,2,5,17,27,23,11.90274,1
1,0,2,2,4.107503,0,0.6085013,0.008498904,15,3,2.700001,27.3,27.3,27.3,1,2,5,17,27,23,12.00087,1
1,0,2,2,3.607501,0,0.6085013,0.008498904,15,3,3.2,27.3,27.3,26.8,1,2,5,17,27,23,12.10449,1
1,0,2,2,3.107499,0,0.6085013,0.008498904,15,3,3.7,27.3,27.3,26.3,1,2,5,17,27,23,12.20225,1
1,0,2,2,2.807498,0,0.6085012,0.008498904,15,3,4.199999,27.3,27.3,25.8,1,2,5,17,27,23,12.30328,0
1,0,2,2,2.807498,0,0.6085012,0.008498904,15,3,4.699999,27.3,27.3,25.29999,1,2,5,17,27,23,12.40313,0
1,0,2,2,3.207499,0,0.6085013,0.008498904,15,3,5.199998,27.3,27.3,24.79999,1,2,5,17,27,23,12.5024,2
1,0,2,2,3.707501,0,0.6085013,0.008498904,15,3,5.699998,27.3,27.3,24.29999,1,2,5,17,27,23,12.60166,2
1,0,2,2,4.207503,0,0.6085013,0.008498904,15,3,6.199997,27.3,27.3,23.79999,1,2,5,17,27,23,12.70236,2
1,1,2,2,4.707505,19.9076,0.6085013,0.008498904,15,3,6.699997,27.3,27.3,23.29999,1,2,5,17,27,23,12.80355,2
1,1,2,2,4.907506,19.7076,0.6085013,0.008498904,15,3,7.199996,27.3,27.3,22.79998,1,2,5,17,27,23,12.90092,0
1,0,2,2,4.507504,0,0.6085013,0.008498904,15,3,7.699996,27.3,27.3,22.29998,1,2,5,17,27,23,13.00167,1
1,0,2,2,4.307503,0,0.6085013,0.008498904,15,3,8.199996,27.3,27.3,21.79998,1,2,5,17,27,23,13.10115,0
1,0,2,2,4.307503,0,0.6085013,0.008498904,15,3,8.699998,27.3,27.3,21.29998,1,2,5,17,27,23,13.20298,0
1,0,2,2,4.307503,0,0.6085013,0.008498904,15,3,9.2,27.3,27.3,20.79998,1,2,5,17,27,23,13.30245,0
0,0,2,2,0,0,0.6085013,0.008498904,15,3,9.700002,27.3,27.3,20.29997,0,2,5,17,27,23,13.40164,0
0,0,2,2,0,0,0.6085013,0.008498904,15,3,10.2,27.3,27.3,19.79997,0,2,5,17,27,23,13.5033,0
6,0,2,2,2.9577,0,0.6085013,0.008498904,15,3,10.70001,27.3,27.3,19.29997,1,2,5,17,27,23,13.60135,0
0,0,2,2,0,0,0.6085013,0.008498904,15,3,10.70001,26.8,27.3,18.79997,0,2,5,17,27,23,13.70261,0
1,0,2,2,4.307503,0,0.6085013,0.008498904,15,3,100,100,27.3,18.29997,1,2,5,17,27,23,13.80356,0
1,0,2,2,4.307503,0,0.6085013,0.008498904,15,3,100,100,27.3,17.79996,1,2,5,17,27,23,13.90088,0
1,0,2,2,4.307503,0,0.6085013,0.008498904,15,3,100,100,27.3,17.29996,1,2,5,17,27,23,14.00338,0
1,0,2,2,4.307503,0,0.6085013,0.008498904,15,3,100,100,27.3,17.29996,1,2,5,17,27,23,14.10305,0
1,0,2,2,4.207503,0,0.6085013,0.008498904,15,3,100,100,27.3,17.29996,1,2,5,17,27,23,14.20327,1
1,0,2,2,3.707501,0,0.6085013,0.008498904,15,3,100,100,27.3,17.29996,1,2,5,17,27,23,14.3033,1
1,0,2,2,3.207499,0,0.6085013,0.008498904,15,3,100,100,27.3,17.29996,1,2,5,17,27,23,14.40401,1
1,0,2,2,2.707498,0,0.6085013,0.008498904,15,3,100,100,27.3,17.29996,1,2,5,17,27,23,14.50256,1
1,0,2,2,2.207496,0,0.6085013,0.008498904,15,3,100,100,27.3,17.29996,1,2,5,17,27,23,14.60296,1
1,0,2,2,1.707494,0,0.6085013,0.008498904,15,3,100,100,27.3,17.29996,1,2,5,17,27,23,14.70277,1
1,0,2,2,1.207492,0,1.608501,0.008498904,15,3,100,100,27.3,17.29996,1,2,5,17,27,23,14.80137,1
1,0,2,2,0.8074902,0,1.608501,0.008498904,15,3,100,100,27.3,17.29996,1,2,5,17,27,23,14.90052,3
1,0,2,2,0.8074902,0,1.108499,0.5085009,15,3,100,100,27.3,17.29996,1,2,5,17,27,23,15.00202,3
1,2,2,2,0.8074902,0.808565,0.6084974,1.008503,15,3,100,100,27.3,17.29996,1,2,5,17,27,23,15.10079,3
1,2,2,2,0.8074902,0.808565,0.1084955,1.508505,15,3,100,100,27.3,17.29996,1,2,5,17,27,23,15.2024,3
1,2,2,2,0.8074902,0.808565,0.00849509,1.608505,15,3,100,100,27.3,17.29996,1,2,5,17,27,23,15.30075,3
1,2,2,2,0.8074902,0.808565,0.00849509,1.608505,15,3,100,100,27.3,17.29996,1,2,5,17,27,23,15.40256,3
1,2,2,2,0.8074902,0.808565,0.00849509,1.608505,15,3,100,100,27.3,17.29996,1,2,5,17,27,23,15.50074,3
1,2,1,1,0.5074891,1.108566,15.00755,9.60756,15,3,100,100,27.3,17.29996,1,2,5,17,27,23,15.6013,1
1,2,1,1,0.007487177,1.608568,15.00755,9.60756,15,3,100,100,27.3,17.29996,1,2,5,17,27,23,15.70241,1
1,2,1,1,0.007487177,1.608568,15.00755,9.60756,15,3,100,100,27.3,17.29996,1,2,5,17,27,23,15.80117,3
1,2,1,1,0.007487177,0.608568,14.60755,10.00756,15,3,100,100,27.3,17.29996,1,2,5,17,27,23,15.90001,3
1,2,1,1,0.007487177,0.608568,14.10755,10.50756,15,3,100,100,27.3,17.29996,1,2,5,17,27,23,16.00258,3
1,2,1,1,0.007487177,0.608568,13.60754,11.00757,15,3,100,100,27.3,16.79996,1,2,5,17,27,23,16.10278,3
1,2,1,1,0.007487177,0.608568,13.10754,11.50757,15,3,100,100,27.3,16.29996,1,2,5,17,27,23,16.20224,3
1,1,1,1,0.007487177,4.607623,12.60754,12.00757,15,3,100,100,27.3,15.79996,1,2,5,17,27,23,16.3027,3
1,1,1,1,0.007487177,4.607623,12.10754,12.50757,15,3,100,100,27.3,15.69996,1,2,5,17,27,23,16.40236,3
1,2,1,1,0.007487177,0.608568,11.60754,13.00757,15,3,100,100,27.3,15.69996,1,2,5,17,27,23,16.50391,3
1,2,1,1,0.007487177,0.608568,11.10754,13.50758,15,3,100,100,27.3,15.69996,1,2,5,17,27,23,16.60198,3
1,2,1,1,0.007487177,0.608568,10.60753,14.00758,15,3,100,100,27.3,15.69996,1,2,5,17,27,23,16.7011,3
1,2,1,1,0.007487177,0.608568,10.10753,14.50758,15,3,100,100,27.3,15.69996,1,2,5,17,27,23,16.80342,3
1,2,1,1,0.007487177,0.608568,9.60753,15.00758,15,3,100,100,27.3,15.69996,1,2,5,17,27,23,16.90323,3
1,2,1,1,0.007487177,0.608568,9.107528,15.50758,15,3,100,100,27.3,15.69996,1,2,5,17,27,23,17.00275,3
1,0,1,1,0.007487177,0,8.607525,16.00758,15,3,100,100,27.3,15.69996,1,2,5,17,27,23,17.10194,3
1,0,1,1,0.007487177,0,8.107525,16.50759,15,3,100,100,27.3,15.69996,1,2,5,17,27,23,17.20393,3
1,2,1,1,0.007487177,0.608568,7.607522,17.00759,15,3,100,100,27.3,15.69996,1,2,5,17,27,23,17.30167,3
1,2,1,1,0.007487177,0.608568,7.10752,17.50759,15,3,100,100,27.3,15.69996,1,2,5,17,27,23,17.40015,3
1,2,1,1,0.007487177,0.608568,6.607518,18.00759,15,3,100,100,27.3,15.69996,1,2,5,17,27,23,17.50293,3
1,2,1,1,0.007487177,0.608568,6.107516,18.5076,15,3,100,100,27.3,15.69996,1,2,5,17,27,23,17.6029,3
1,2,1,1,0.007487177,0.608568,5.607514,19.0076,15,3,100,100,27.3,15.69996,1,2,5,17,27,23,17.70257,3
1,2,1,1,0.007487177,0.608568,5.107512,19.5076,15,3,100,100,27.3,15.69996,1,2,5,17,27,23,17.80264,3
1,2,1,1,0.007487177,0.608568,4.70751,19.9076,15,3,100,100,27.3,15.69996,1,2,5,17,27,23,17.90199,3
1,2,1,1,0.5074891,0.108566,4.70751,19.9076,15,3,100,100,27.3,15.69996,1,2,5,17,27,23,18.00138,2
1,2,1,1,0.6074894,0.008565661,4.70751,19.9076,15,3,100,100,27.3,15.69996,1,2,5,17,27,23,18.10127,2
1,2,1,1,0.6074894,0.008565661,4.70751,19.9076,15,3,100,100,27.3,15.69996,1,2,5,17,27,23,18.20364,2
1,2,1,1,0.6074894,0.008565661,4.70751,19.9076,15,3,100,100,27.3,15.69996,1,2,5,17,27,23,18.30363,2
1,2,1,0,0.6074895,10.00857,4.60751,0,15,3,100,100,27.3,15.69996,1,2,5,17,27,23,18.40008,3
1,2,1,0,0.6074894,10.00857,4.107508,0,15,3,100,100,27.3,15.69996,1,2,5,17,27,23,18.50159,3
1,2,2,2,0.9074906,9.708565,0.1084535,0.5085467,15,3,100,100,27.3,15.69996,1,2,5,17,27,23,18.60345,2
1,2,2,2,1.407493,9.208563,0.1084535,0.5085467,15,3,100,100,27.3,15.69996,1,2,5,17,27,23,18.70341,2
1,2,2,2,1.907494,8.708561,0.1084535,0.5085467,15,3,100,100,27.3,15.69996,1,2,5,17,27,23,18.80113,2
1,2,2,2,2.407496,8.208559,0.1084535,0.5085467,15,3,100,100,27.3,15.69996,1,2,5,17,27,23,18.90052,2
1,2,2,2,2.907498,7.708557,0.1084535,0.5085466,15,3,100,100,27.3,15.69996,1,2,5,17,27,23,19.00173,2
1,2,2,2,3.4075,7.208555,0.1084535,0.5085467,15,3,100,100,27.3,15.69996,1,2,5,17,27,23,19.10285,2
1,0,2,2,3.907502,0,0.1084535,0.5085467,15,3,100,100,27.3,15.69996,0,2,5,17,27,23,19.20365,2
1,0,2,2,4.407503,0,0.1084535,0.5085467,15,3,100,100,27.3,15.69996,0,2,5,17,27,23,19.30293,2
1,0,2,2,4.907506,0,0.1084535,0.5085467,15,3,100,100,27.3,15.69996,0,2,5,17,27,23,19.40202,2
1,0,2,2,5.307507,0,0.1084535,0.5085467,15,3,100,100,27.3,15.69996,0,2,5,17,27,23,19.50357,0
1,0,2,2,5.307507,0,0.1084535,0.5085467,15,3,100,100,27.3,15.69996,0,2,5,17,27,23,19.60331,1
1,0,2,2,4.807505,0,0.1084535,0.5085467,15,3,100,100,27.3,15.69996,0,2,5,17,27,23,19.70229,1
1,2,2,2,4.307503,7.308551,0.1084535,0.5085467,15,3,100,100,27.3,15.69996,1,2,5,17,27,23,19.80264,1
1,2,2,2,3.807501,7.808554,0.1084535,0.5085467,15,3,100,100,27.3,15.69996,1,2,5,17,27,23,19.9027,1
1,2,2,2,3.3075,8.308556,0.1084535,0.5085467,15,3,100,100,27.3,15.69996,1,2,5,17,27,23,20.00167,1
1,2,2,2,2.807498,8.808558,0.1084535,0.5085467,15,3,100,100,27.3,15.69996,1,2,5,17,27,23,20.10156,1
1,2,2,2,2.307496,9.308559,0.1084535,0.5085467,15,3,100,100,27.3,15.69996,1,2,5,17,27,23,20.2028,1
1,2,2,2,1.807494,9.808561,0.1084535,0.5085467,15,3,100,100,27.3,15.69996,1,2,5,17,27,23,20.3035,1
1,2,2,2,1.307492,10.30856,0.1084535,0.5085467,15,3,100,100,27.3,15.69996,1,2,5,17,27,23,20.40187,1
1,2,2,2,0.8074902,10.80857,0.1084535,0.5085467,15,3,100,100,27.3,15.69996,1,2,5,17,27,23,20.50014,1
1,2,1,0,0.3074883,11.30857,4.107509,0,15,3,100,100,27.3,15.69996,1,2,5,17,27,23,20.60109,1
1,2,1,0,0.007487177,11.60857,4.107509,0,15,3,100,100,27.3,15.69996,1,2,5,17,27,23,20.70282,1
1,2,1,0,0.007487177,11.60857,4.107509,0,15,3,100,100,27.3,15.69996,1,2,5,17,27,23,20.8002,1
1,2,1,0,0.007487177,0.608568,3.907508,0,15,3,100,100,27.3,15.69996,1,2,5,17,27,23,20.90214,3
1,2,1,0,0.007487177,0.608568,3.407506,0,15,3,100,100,27.3,15.69996,1,2,5,17,27,23,21.00406,3
1,2,1,0,0.007487177,0.608568,2.907504,0,15,3,100,100,27.3,15.69996,1,2,5,17,27,23,21.10155,3
1,2,1,0,0.007487177,0.608568,2.507503,0,15,3,100,100,27.3,15.69996,1,2,5,17,27,23,21.20275,0
1,2,1,0,0.007487177,0.608568,2.507503,0,15,3,100,100,27.3,15.69996,1,2,5,17,27,23,21.30012,0
1,2,1,0,0.007487177,0.608568,2.507503,0,15,3,100,100,27.3,15.69996,1,2,5,17,27,23,21.40158,0
1,2,1,0,0.007487177,0.608568,2.507503,0,15,3,100,100,27.3,15.69996,1,2,5,17,27,23,21.50182,0
1,2,1,0,0.007487177,0.608568,2.507503,0,15,3,100,100,27.3,15.69996,1,2,5,17,27,23,21.60263,0
1,2,1,0,0.007487177,0.608568,2.507503,0,15,3,100,100,27.3,15.69996,1,2,5,17,27,23,21.70296,0
1,2,1,0,0.007487177,0.608568,2.507503,0,15,3,100,100,27.3,15.69996,1,2,5,17,27,23,21.80258,0
1,2,1,0,0.007487177,0.608568,2.507503,0,15,3,100,100,27.3,15.69996,1,2,5,17,27,23,21.90055,0
1,2,1,0,0.007487177,0.608568,2.507503,0,15,3,100,100,27.3,15.69996,1,2,5,17,27,23,22.00309,0
1,2,1,0,0.007487177,0.608568,2.207501,0,15,3,100,100,27.3,15.69996,1,2,5,17,27,23,22.10087,3
1,2,1,0,0.007487177,0.608568,1.9075,0,15,3,100,100,27.3,15.69996,1,2,5,17,27,23,22.2037,0
1,2,1,0,0.007487177,0.608568,1.9075,0,15,3,100,100,27.3,15.69996,1,2,5,17,27,23,22.30189,0
1,2,1,0,0.007487177,0.608568,1.9075,0,15,3,100,100,27.3,15.69996,1,2,5,17,27,23,22.4016,0
1,2,1,0,0.007487177,0.608568,1.9075,0,15,3,100,100,27.3,15.69996,1,2,5,17,27,23,22.50055,0
1,2,1,0,0.007487177,0.608568,1.9075,0,15,3,100,100,27.3,15.69996,1,2,5,17,27,23,22.60035,0
1,2,1,0,0.007487177,0.608568,1.9075,0,15,3,100,100,27.3,15.69996,1,2,5,17,27,23,22.70235,0
1,2,1,0,0.007487177,0.608568,2.107501,0,15,3,100,100,27.3,15.69996,1,2,5,17,27,23,22.80339,4
1,2,1,0,0.007487177,0.608568,2.607503,0,15,3,100,100,27.3,15.69996,1,2,5,17,27,23,22.90033,4
1,2,1,0,0.007487177,0.608568,2.907504,0,15,3,100,100,27.3,15.69996,1,2,5,17,27,23,23.0016,0
1,2,1,0,0.007487177,0.608568,2.507503,0,15,3,100,100,27.3,15.69996,1,2,5,17,27,23,23.10263,3
1,2,1,0,0.007487177,0.608568,2.007501,0,15,3,100,100,27.3,15.69996,1,2,5,17,27,23,23.20329,3
1,2,1,0,0.007487177,0.608568,1.507499,0,15,3,100,100,27.3,15.69996,1,2,5,17,27,23,23.29996,3
1,2,1,0,0.3074883,0.3085668,1.507499,0,15,3,100,100,27.3,15.69996,1,2,5,17,27,23,23.40218,2
1,2,1,0,0.6074894,1.008566,1.507499,0,15,3,100,100,27.3,15.69996,1,2,5,17,27,23,23.50279,4
1,2,1,0,0.6074894,0.008565661,1.9075,0,15,3,100,100,27.3,15.69996,1,2,5,17,27,23,23.60206,4
1,2,1,0,0.6074895,0.008565661,2.407502,0,15,3,100,100,27.3,15.69996,1,2,5,17,27,23,23.70357,4
1,2,1,0,0.6074894,0.008565661,2.907504,0,15,3,100,100,27.3,15.69996,1,2,5,17,27,23,23.80042,4
1,2,1,0,0.6074894,0.008565661,3.407506,0,15,3,100,100,27.3,15.69996,1,2,5,17,27,23,23.90355,4
1,2,1,0,0.6074894,0.008565661,3.507505,0,15,3,100,100,27.3,15.69996,1,2,5,17,27,23,24.00068,0
1,2,1,0,0.6074894,0.008565661,3.207505,0,15,3,100,100,27.3,15.69996,1,2,5,17,27,23,24.10247,3
1,2,1,0,0.6074894,0.008565661,2.707503,0,15,3,100,100,27.3,15.69996,1,2,5,17,27,23,24.20124,3
1,2,1,0,0.6074895,0.008565661,2.207501,0,15,3,100,100,27.3,15.69996,1,2,5,17,27,23,24.30249,3
1,2,1,0,0.6074894,0.008565661,1.707499,0,15,3,100,100,27.3,15.69996,1,2,5,17,27,23,24.40445,3
1,2,1,0,0.6074894,1.008566,1.207497,0,15,3,100,100,27.3,15.79996,1,2,5,17,27,23,24.50204,3
1,2,1,0,0.6074894,1.008566,1.007497,0,15,3,100,100,27.3,16.29996,1,2,5,17,27,23,24.60133,3
1,2,1,2,1.107491,0.5085638,1.007497,0.6085585,15,3,100,100,27.3,16.79996,0,2,5,17,27,23,24.70417,2
1,2,1,2,1.607493,0.008561847,1.007497,0.6085585,15,3,100,100,27.3,17.29996,0,2,5,17,27,23,24.8018,2
1,2,1,2,1.607493,0.008561847,1.007497,0.6085585,15,3,100,100,27.3,17.79996,0,2,5,17,27,23,24.90026,4
1,2,1,2,1.607493,0.008561847,1.507499,0.1085565,15,3,100,100,27.3,18.29997,0,2,5,17,27,23,25.00045,4
1,2,1,2,1.607493,0.008561847,1.607499,0.008556125,15,3,100,100,27.3,18.79997,0,2,5,17,27,23,25.10317,4
1,2,1,2,1.607493,0.008561847,1.607499,0.008556125,15,3,100,100,27.3,19.29997,0,2,5,17,27,23,25.20075,4
1,2,1,2,1.607493,0.008561847,1.607499,0.008556125,15,3,100,100,27.3,19.79997,1,2,5,17,27,23,25.30017,4
1,2,1,2,1.607493,0.008561847,1.607499,0.008556125,15,3,100,100,27.3,20.29997,1,2,5,17,27,23,25.40109,4
1,2,1,2,1.607493,0.008561847,1.607499,0.008556125,15,3,100,100,27.3,20.79998,1,2,5,17,27,23,25.50236,4
1,2,1,2,1.607493,0.008561847,1.607499,0.008556125,15,3,100,100,27.3,21.29998,1,2,5,17,27,23,25.60053,4
1,2,1,2,1.607493,0.008561847,1.607499,0.008556125,15,3,100,100,27.3,21.79998,1,2,5,17,27,23,25.70206,4
1,2,1,2,1.607493,0.008561847,1.607499,0.008556125,15,3,100,100,27.3,22.29998,1,2,5,17,27,23,25.80251,4
1,2,1,2,1.607493,0.008561847,1.607499,0.008556125,15,3,100,100,27.3,22.79998,1,2,5,17,27,23,25.9011,4
1,2,1,2,1.607493,0.008561847,1.307498,0.3085573,15,3,100,100,27.3,23.29999,0,2,5,17,27,23,26.00354,3
1,2,1,2,1.607493,1.008562,1.107497,0.5085581,15,3,100,100,27.3,23.19999,1,1,5,17,27,23,26.10094,0
1,6,5,2,1.607493,0.6578245,0.1741712,0.5085581,15,3,100,100,27.3,23.69999,1,1,5,17,27,23,26.20016,0
1,6,1,2,1.607493,0.1578225,1.107497,0.5085581,15,3,100,100,27.3,24.19999,1,1,5,17,27,23,26.3024,0
1,2,1,2,1.607493,1.008562,1.107497,0.5085581,15,3,100,100,27.3,24.69999,1,1,5,17,27,23,26.40139,0
1,2,1,2,1.607493,1.008562,1.107497,0.5085581,15,3,100,100,100,100,1,1,5,17,27,23,26.50001,0
1,2,0,2,1.607493,1.008562,0,0.5085581,15,3,100,100,100,100,0,1,5,17,27,23,26.60265,0
1,2,1,2,1.607493,1.008562,1.107497,0.5085581,15,3,100,100,100,100,1,1,5,17,27,23,26.70286,0
1,2,1,2,1.607493,1.008562,1.107497,0.5085581,15,3,100,100,100,100,1,1,5,17,27,23,26.80436,0
1,2,1,2,1.607493,1.008562,1.107497,0.5085581,15,3,100,100,100,100,1,1,5,17,27,23,26.90001,0
1,2,1,2,1.607493,1.008562,0.9074963,0.7085589,15,3,100,100,100,100,1,1,5,17,27,23,27.00045,3
1,1,1,2,1.607493,10.00856,0.4074944,1.208561,15,3,100,100,100,100,1,1,5,17,27,23,27.10144,3
1,1,1,2,1.707494,9.908562,0.1074933,1.508562,15,3,100,100,100,100,1,1,5,17,27,23,27.20299,2
1,1,1,2,2.207496,9.40856,0.1074933,1.508562,15,3,100,100,100,100,1,1,5,17,27,23,27.30127,2
1,1,1,2,2.707497,8.908558,0.1074933,0.5085619,15,3,100,100,100,100,1,1,5,17,27,23,27.40085,2
1,1,1,2,3.207499,8.408556,0.1074933,0.5085619,15,3,100,100,100,100,1,1,5,17,27,23,27.50239,2